[2026-06-03 13:38:04] [PAYLOAD_ENVIADO] {"orderId":"vpawp1oe6z","amount":6584,"status":"waiting_payment","utm_source":"","token":"41f6c466-fcdf-4b03-bf1f-99e935c6db4d"}
[2026-06-03 13:38:04] [RESPOSTA] {"http_code":202,"response":"{\"received\":true,\"traceId\":\"019e8e59-66ed-7d00-9925-436c98ae0824\"}","curl_err":null,"orderId":"vpawp1oe6z"}
[2026-06-03 13:38:12] [PAYLOAD_ENVIADO] {"orderId":"vpam3rvnl2","amount":6584,"status":"waiting_payment","utm_source":"","token":"41f6c466-fcdf-4b03-bf1f-99e935c6db4d"}
[2026-06-03 13:38:12] [RESPOSTA] {"http_code":202,"response":"{\"received\":true,\"traceId\":\"019e8e59-8595-7798-8a47-207d02dc1e82\"}","curl_err":null,"orderId":"vpam3rvnl2"}
[2026-06-03 13:38:12] [PAYLOAD_ENVIADO] {"orderId":"vpaje2og4y","amount":6584,"status":"waiting_payment","utm_source":"","token":"41f6c466-fcdf-4b03-bf1f-99e935c6db4d"}
[2026-06-03 13:38:12] [RESPOSTA] {"http_code":202,"response":"{\"received\":true,\"traceId\":\"019e8e59-88c8-7af7-828d-a3dac22fdb16\"}","curl_err":null,"orderId":"vpaje2og4y"}
[2026-06-03 13:38:44] [PAYLOAD_ENVIADO] {"orderId":"vpa3p0n4dy","amount":6584,"status":"waiting_payment","utm_source":"","token":"41f6c466-fcdf-4b03-bf1f-99e935c6db4d"}
[2026-06-03 13:38:44] [RESPOSTA] {"http_code":202,"response":"{\"received\":true,\"traceId\":\"019e8e5a-0335-7a68-9a46-2854b1728608\"}","curl_err":null,"orderId":"vpa3p0n4dy"}
[2026-06-03 13:39:31] [PAYLOAD_ENVIADO] {"orderId":"vpa2312lyd","amount":6584,"status":"waiting_payment","utm_source":"","token":"41f6c466-fcdf-4b03-bf1f-99e935c6db4d"}
[2026-06-03 13:39:31] [RESPOSTA] {"http_code":202,"response":"{\"received\":true,\"traceId\":\"019e8e5a-bbe5-76f0-9eb8-a6f6b74522b1\"}","curl_err":null,"orderId":"vpa2312lyd"}
[2026-06-03 13:39:33] [PAYLOAD_ENVIADO] {"orderId":"vpaprzmog6","amount":6584,"status":"waiting_payment","utm_source":"","token":"41f6c466-fcdf-4b03-bf1f-99e935c6db4d"}
[2026-06-03 13:39:33] [RESPOSTA] {"http_code":202,"response":"{\"received\":true,\"traceId\":\"019e8e5a-c2e9-7b72-bec5-2529e60c1bd1\"}","curl_err":null,"orderId":"vpaprzmog6"}
[2026-06-03 13:40:37] [PAYLOAD_ENVIADO] {"orderId":"vpaje2og3k","amount":6584,"status":"waiting_payment","utm_source":"","token":"41f6c466-fcdf-4b03-bf1f-99e935c6db4d"}
[2026-06-03 13:40:37] [RESPOSTA] {"http_code":202,"response":"{\"received\":true,\"traceId\":\"019e8e5b-bd4a-782a-9438-a8608668ca83\"}","curl_err":null,"orderId":"vpaje2og3k"}
[2026-06-03 13:40:39] [PAYLOAD_ENVIADO] {"orderId":"vpa2312l0d","amount":6584,"status":"waiting_payment","utm_source":"","token":"41f6c466-fcdf-4b03-bf1f-99e935c6db4d"}
[2026-06-03 13:40:39] [RESPOSTA] {"http_code":202,"response":"{\"received\":true,\"traceId\":\"019e8e5b-c5c2-7f2d-93ee-02c64340dccb\"}","curl_err":null,"orderId":"vpa2312l0d"}
[2026-06-03 13:40:57] [PAYLOAD_ENVIADO] {"orderId":"vpa0njgr18","amount":6584,"status":"waiting_payment","utm_source":"","token":"41f6c466-fcdf-4b03-bf1f-99e935c6db4d"}
[2026-06-03 13:40:57] [RESPOSTA] {"http_code":202,"response":"{\"received\":true,\"traceId\":\"019e8e5c-0ce3-752a-af31-fed8267172ac\"}","curl_err":null,"orderId":"vpa0njgr18"}
[2026-06-03 13:41:36] [PAYLOAD_ENVIADO] {"orderId":"vpawp1oe4p","amount":6584,"status":"waiting_payment","utm_source":"","token":"41f6c466-fcdf-4b03-bf1f-99e935c6db4d"}
[2026-06-03 13:41:36] [RESPOSTA] {"http_code":202,"response":"{\"received\":true,\"traceId\":\"019e8e5c-a442-7a8b-87a0-5cc015c03269\"}","curl_err":null,"orderId":"vpawp1oe4p"}
[2026-06-03 16:42:06] [PAYLOAD_ENVIADO] {"orderId":"vpawp1oe4p","amount":6584,"status":"paid","utm_source":"","token":"41f6c466-fcdf-4b03-bf1f-99e935c6db4d"}
[2026-06-03 16:42:06] [RESPOSTA] {"http_code":202,"response":"{\"received\":true,\"traceId\":\"019e8e5d-1765-7c84-a609-743de50ca275\"}","curl_err":null,"orderId":"vpawp1oe4p"}
[2026-06-03 13:42:10] [PAYLOAD_ENVIADO] {"orderId":"vpaprzmo86","amount":6584,"status":"waiting_payment","utm_source":"","token":"41f6c466-fcdf-4b03-bf1f-99e935c6db4d"}
[2026-06-03 13:42:10] [RESPOSTA] {"http_code":202,"response":"{\"received\":true,\"traceId\":\"019e8e5d-27e4-7c67-8e53-db15f1b6c5bd\"}","curl_err":null,"orderId":"vpaprzmo86"}
[2026-06-03 13:42:23] [PAYLOAD_ENVIADO] {"orderId":"vpar3wjr4n","amount":6584,"status":"waiting_payment","utm_source":"","token":"41f6c466-fcdf-4b03-bf1f-99e935c6db4d"}
[2026-06-03 13:42:23] [RESPOSTA] {"http_code":202,"response":"{\"received\":true,\"traceId\":\"019e8e5d-5a4f-7628-9f92-58bcad0915be\"}","curl_err":null,"orderId":"vpar3wjr4n"}
[2026-06-03 13:42:48] [PAYLOAD_ENVIADO] {"orderId":"vpa7360k01","amount":6584,"status":"waiting_payment","utm_source":"","token":"41f6c466-fcdf-4b03-bf1f-99e935c6db4d"}
[2026-06-03 13:42:48] [RESPOSTA] {"http_code":202,"response":"{\"received\":true,\"traceId\":\"019e8e5d-be15-7eb1-8cec-9d7f32b0cf1a\"}","curl_err":null,"orderId":"vpa7360k01"}
[2026-06-03 16:42:49] [PAYLOAD_ENVIADO] {"orderId":"vpam3rvnl2","amount":6584,"status":"paid","utm_source":"","token":"41f6c466-fcdf-4b03-bf1f-99e935c6db4d"}
[2026-06-03 16:42:49] [RESPOSTA] {"http_code":202,"response":"{\"received\":true,\"traceId\":\"019e8e5d-c046-7660-bd8b-68569a303ed1\"}","curl_err":null,"orderId":"vpam3rvnl2"}
[2026-06-03 16:43:17] [PAYLOAD_ENVIADO] {"orderId":"vpar3wjr4n","amount":6584,"status":"paid","utm_source":"","token":"41f6c466-fcdf-4b03-bf1f-99e935c6db4d"}
[2026-06-03 16:43:17] [RESPOSTA] {"http_code":202,"response":"{\"received\":true,\"traceId\":\"019e8e5e-2d1c-724b-9a82-efc966326d2d\"}","curl_err":null,"orderId":"vpar3wjr4n"}
[2026-06-03 16:43:29] [PAYLOAD_ENVIADO] {"orderId":"vpa7360k01","amount":6584,"status":"paid","utm_source":"","token":"41f6c466-fcdf-4b03-bf1f-99e935c6db4d"}
[2026-06-03 16:43:29] [RESPOSTA] {"http_code":202,"response":"{\"received\":true,\"traceId\":\"019e8e5e-5df0-747e-8422-4f2c346528de\"}","curl_err":null,"orderId":"vpa7360k01"}
[2026-06-03 13:44:35] [PAYLOAD_ENVIADO] {"orderId":"vpa7360kdm","amount":6584,"status":"waiting_payment","utm_source":"","token":"41f6c466-fcdf-4b03-bf1f-99e935c6db4d"}
[2026-06-03 13:44:35] [RESPOSTA] {"http_code":202,"response":"{\"received\":true,\"traceId\":\"019e8e5f-5e52-7345-9fb7-e2ff132a03f6\"}","curl_err":null,"orderId":"vpa7360kdm"}
[2026-06-03 13:46:06] [PAYLOAD_ENVIADO] {"orderId":"vpam3rvny7","amount":6584,"status":"waiting_payment","utm_source":"","token":"41f6c466-fcdf-4b03-bf1f-99e935c6db4d"}
[2026-06-03 13:46:06] [RESPOSTA] {"http_code":202,"response":"{\"received\":true,\"traceId\":\"019e8e60-c1a4-78db-b707-c492eca3074b\"}","curl_err":null,"orderId":"vpam3rvny7"}
[2026-06-03 16:47:03] [PAYLOAD_ENVIADO] {"orderId":"vpa3p0n4dy","amount":6584,"status":"paid","utm_source":"","token":"41f6c466-fcdf-4b03-bf1f-99e935c6db4d"}
[2026-06-03 16:47:03] [RESPOSTA] {"http_code":202,"response":"{\"received\":true,\"traceId\":\"019e8e61-a1ca-745a-afa3-072c33fbe62f\"}","curl_err":null,"orderId":"vpa3p0n4dy"}
[2026-06-03 13:48:46] [PAYLOAD_ENVIADO] {"orderId":"vpay0vr62w","amount":6584,"status":"waiting_payment","utm_source":"","token":"41f6c466-fcdf-4b03-bf1f-99e935c6db4d"}
[2026-06-03 13:48:46] [RESPOSTA] {"http_code":202,"response":"{\"received\":true,\"traceId\":\"019e8e63-335e-79b9-bddb-01c52982e587\"}","curl_err":null,"orderId":"vpay0vr62w"}
[2026-06-03 13:49:36] [PAYLOAD_ENVIADO] {"orderId":"vpa5n41e24","amount":6584,"status":"waiting_payment","utm_source":"","token":"41f6c466-fcdf-4b03-bf1f-99e935c6db4d"}
[2026-06-03 13:49:36] [RESPOSTA] {"http_code":202,"response":"{\"received\":true,\"traceId\":\"019e8e63-f6ec-7790-82c0-842693981a9b\"}","curl_err":null,"orderId":"vpa5n41e24"}
[2026-06-03 13:50:02] [PAYLOAD_ENVIADO] {"orderId":"vpam3rvng7","amount":6584,"status":"waiting_payment","utm_source":"","token":"41f6c466-fcdf-4b03-bf1f-99e935c6db4d"}
[2026-06-03 13:50:02] [RESPOSTA] {"http_code":202,"response":"{\"received\":true,\"traceId\":\"019e8e64-5da5-7a25-af02-12606b3c1e80\"}","curl_err":null,"orderId":"vpam3rvng7"}
[2026-06-03 13:50:08] [PAYLOAD_ENVIADO] {"orderId":"vpay0vr65r","amount":6584,"status":"waiting_payment","utm_source":"","token":"41f6c466-fcdf-4b03-bf1f-99e935c6db4d"}
[2026-06-03 13:50:08] [RESPOSTA] {"http_code":202,"response":"{\"received\":true,\"traceId\":\"019e8e64-72db-719c-b4f6-d8b279806466\"}","curl_err":null,"orderId":"vpay0vr65r"}
[2026-06-03 13:50:53] [PAYLOAD_ENVIADO] {"orderId":"vpay0vr64r","amount":6584,"status":"waiting_payment","utm_source":"","token":"41f6c466-fcdf-4b03-bf1f-99e935c6db4d"}
[2026-06-03 13:50:53] [RESPOSTA] {"http_code":202,"response":"{\"received\":true,\"traceId\":\"019e8e65-2352-7099-9393-284afada6621\"}","curl_err":null,"orderId":"vpay0vr64r"}
[2026-06-03 16:51:38] [PAYLOAD_ENVIADO] {"orderId":"vpa5n41e24","amount":6584,"status":"paid","utm_source":"","token":"41f6c466-fcdf-4b03-bf1f-99e935c6db4d"}
[2026-06-03 16:51:38] [RESPOSTA] {"http_code":202,"response":"{\"received\":true,\"traceId\":\"019e8e65-d533-70f9-95a0-fd7fa5ae86f7\"}","curl_err":null,"orderId":"vpa5n41e24"}
[2026-06-03 13:51:51] [PAYLOAD_ENVIADO] {"orderId":"vpa6veozkl","amount":6584,"status":"waiting_payment","utm_source":"","token":"41f6c466-fcdf-4b03-bf1f-99e935c6db4d"}
[2026-06-03 13:51:51] [RESPOSTA] {"http_code":202,"response":"{\"received\":true,\"traceId\":\"019e8e66-0600-75ff-bcf4-46e61d727ab3\"}","curl_err":null,"orderId":"vpa6veozkl"}
[2026-06-03 13:51:57] [PAYLOAD_ENVIADO] {"orderId":"vpakep0jo6","amount":6584,"status":"waiting_payment","utm_source":"","token":"41f6c466-fcdf-4b03-bf1f-99e935c6db4d"}
[2026-06-03 13:51:57] [RESPOSTA] {"http_code":202,"response":"{\"received\":true,\"traceId\":\"019e8e66-1d6d-7932-843b-0753efb89199\"}","curl_err":null,"orderId":"vpakep0jo6"}
[2026-06-03 13:52:05] [PAYLOAD_ENVIADO] {"orderId":"vpam3rvnk5","amount":6584,"status":"waiting_payment","utm_source":"","token":"41f6c466-fcdf-4b03-bf1f-99e935c6db4d"}
[2026-06-03 13:52:05] [RESPOSTA] {"http_code":202,"response":"{\"received\":true,\"traceId\":\"019e8e66-3df0-78ee-8b8f-f9efa9dd3061\"}","curl_err":null,"orderId":"vpam3rvnk5"}
[2026-06-03 13:52:37] [PAYLOAD_ENVIADO] {"orderId":"vpar3wjrew","amount":6584,"status":"waiting_payment","utm_source":"","token":"41f6c466-fcdf-4b03-bf1f-99e935c6db4d"}
[2026-06-03 13:52:37] [RESPOSTA] {"http_code":202,"response":"{\"received\":true,\"traceId\":\"019e8e66-bb2b-7dd7-9784-47e5c56a44b5\"}","curl_err":null,"orderId":"vpar3wjrew"}
[2026-06-03 16:52:51] [PAYLOAD_ENVIADO] {"orderId":"vpa6veozkl","amount":6584,"status":"paid","utm_source":"","token":"41f6c466-fcdf-4b03-bf1f-99e935c6db4d"}
[2026-06-03 16:52:51] [RESPOSTA] {"http_code":202,"response":"{\"received\":true,\"traceId\":\"019e8e66-eec3-7aec-9bed-0d303f3ca72a\"}","curl_err":null,"orderId":"vpa6veozkl"}
[2026-06-03 13:53:41] [PAYLOAD_ENVIADO] {"orderId":"vpag4dn7y0","amount":6584,"status":"waiting_payment","utm_source":"","token":"41f6c466-fcdf-4b03-bf1f-99e935c6db4d"}
[2026-06-03 13:53:41] [RESPOSTA] {"http_code":202,"response":"{\"received\":true,\"traceId\":\"019e8e67-b293-7fc7-9613-eef893a84871\"}","curl_err":null,"orderId":"vpag4dn7y0"}
[2026-06-03 13:54:19] [PAYLOAD_ENVIADO] {"orderId":"vpa5n41eep","amount":6584,"status":"waiting_payment","utm_source":"","token":"41f6c466-fcdf-4b03-bf1f-99e935c6db4d"}
[2026-06-03 13:54:19] [RESPOSTA] {"http_code":202,"response":"{\"received\":true,\"traceId\":\"019e8e68-4a20-7afd-adff-9b0e2d1a85f4\"}","curl_err":null,"orderId":"vpa5n41eep"}
[2026-06-03 13:54:28] [PAYLOAD_ENVIADO] {"orderId":"vpadreg33z","amount":6584,"status":"waiting_payment","utm_source":"","token":"41f6c466-fcdf-4b03-bf1f-99e935c6db4d"}
[2026-06-03 13:54:28] [RESPOSTA] {"http_code":202,"response":"{\"received\":true,\"traceId\":\"019e8e68-6d42-7282-ac52-307c704b1f34\"}","curl_err":null,"orderId":"vpadreg33z"}
[2026-06-03 16:55:24] [PAYLOAD_ENVIADO] {"orderId":"vpam3rvnk5","amount":6584,"status":"paid","utm_source":"","token":"41f6c466-fcdf-4b03-bf1f-99e935c6db4d"}
[2026-06-03 16:55:24] [RESPOSTA] {"http_code":202,"response":"{\"received\":true,\"traceId\":\"019e8e69-450a-78a2-a90e-e352e568df32\"}","curl_err":null,"orderId":"vpam3rvnk5"}
[2026-06-03 16:57:25] [PAYLOAD_ENVIADO] {"orderId":"vpa5n41eep","amount":6584,"status":"paid","utm_source":"","token":"41f6c466-fcdf-4b03-bf1f-99e935c6db4d"}
[2026-06-03 16:57:25] [RESPOSTA] {"http_code":202,"response":"{\"received\":true,\"traceId\":\"019e8e6b-1dd3-7c03-9341-17e8722f60e0\"}","curl_err":null,"orderId":"vpa5n41eep"}
[2026-06-03 13:59:39] [PAYLOAD_ENVIADO] {"orderId":"vpa6veoe32","amount":6584,"status":"waiting_payment","utm_source":"","token":"41f6c466-fcdf-4b03-bf1f-99e935c6db4d"}
[2026-06-03 13:59:39] [RESPOSTA] {"http_code":202,"response":"{\"received\":true,\"traceId\":\"019e8e6d-2c05-79d5-a07f-dd4e9f3e382d\"}","curl_err":null,"orderId":"vpa6veoe32"}
[2026-06-03 14:00:26] [PAYLOAD_ENVIADO] {"orderId":"vpa1mnjnpe","amount":6584,"status":"waiting_payment","utm_source":"","token":"41f6c466-fcdf-4b03-bf1f-99e935c6db4d"}
[2026-06-03 14:00:26] [RESPOSTA] {"http_code":202,"response":"{\"received\":true,\"traceId\":\"019e8e6d-e330-79e9-8f74-18066a2c7bd7\"}","curl_err":null,"orderId":"vpa1mnjnpe"}
[2026-06-03 14:00:52] [PAYLOAD_ENVIADO] {"orderId":"vpa5n414pm","amount":6584,"status":"waiting_payment","utm_source":"","token":"41f6c466-fcdf-4b03-bf1f-99e935c6db4d"}
[2026-06-03 14:00:52] [RESPOSTA] {"http_code":202,"response":"{\"received\":true,\"traceId\":\"019e8e6e-4819-7073-bd45-1ac396a1bdd5\"}","curl_err":null,"orderId":"vpa5n414pm"}
[2026-06-03 17:01:00] [PAYLOAD_ENVIADO] {"orderId":"vpa6veoe32","amount":6584,"status":"paid","utm_source":"","token":"41f6c466-fcdf-4b03-bf1f-99e935c6db4d"}
[2026-06-03 17:01:00] [RESPOSTA] {"http_code":202,"response":"{\"received\":true,\"traceId\":\"019e8e6e-67be-74a7-bf19-a4999195e743\"}","curl_err":null,"orderId":"vpa6veoe32"}
[2026-06-03 17:01:31] [PAYLOAD_ENVIADO] {"orderId":"vpa1mnjnpe","amount":6584,"status":"paid","utm_source":"","token":"41f6c466-fcdf-4b03-bf1f-99e935c6db4d"}
[2026-06-03 17:01:31] [RESPOSTA] {"http_code":202,"response":"{\"received\":true,\"traceId\":\"019e8e6e-e061-7934-8cfd-69a31461523c\"}","curl_err":null,"orderId":"vpa1mnjnpe"}
[2026-06-03 14:04:08] [PAYLOAD_ENVIADO] {"orderId":"vpam3rvr8n","amount":6584,"status":"waiting_payment","utm_source":"","token":"41f6c466-fcdf-4b03-bf1f-99e935c6db4d"}
[2026-06-03 14:04:08] [RESPOSTA] {"http_code":202,"response":"{\"received\":true,\"traceId\":\"019e8e71-436b-76ed-a9c8-e864dfa13ce1\"}","curl_err":null,"orderId":"vpam3rvr8n"}
[2026-06-03 14:05:54] [PAYLOAD_ENVIADO] {"orderId":"vpavpn1ng4","amount":6584,"status":"waiting_payment","utm_source":"","token":"41f6c466-fcdf-4b03-bf1f-99e935c6db4d"}
[2026-06-03 14:05:54] [RESPOSTA] {"http_code":202,"response":"{\"received\":true,\"traceId\":\"019e8e72-e1d5-70d1-8f8a-79e8d66fd61c\"}","curl_err":null,"orderId":"vpavpn1ng4"}
[2026-06-03 14:06:00] [PAYLOAD_ENVIADO] {"orderId":"vpa5n414dz","amount":6584,"status":"waiting_payment","utm_source":"","token":"41f6c466-fcdf-4b03-bf1f-99e935c6db4d"}
[2026-06-03 14:06:00] [RESPOSTA] {"http_code":202,"response":"{\"received\":true,\"traceId\":\"019e8e72-f915-78af-8118-31bd79407bd6\"}","curl_err":null,"orderId":"vpa5n414dz"}
[2026-06-03 14:06:00] [PAYLOAD_ENVIADO] {"orderId":"vpaeo6j654","amount":6584,"status":"waiting_payment","utm_source":"","token":"41f6c466-fcdf-4b03-bf1f-99e935c6db4d"}
[2026-06-03 14:06:00] [RESPOSTA] {"http_code":202,"response":"{\"received\":true,\"traceId\":\"019e8e72-f94c-75b6-b90f-e7d40d4c6804\"}","curl_err":null,"orderId":"vpaeo6j654"}
[2026-06-03 14:06:14] [PAYLOAD_ENVIADO] {"orderId":"vpa6veoe4m","amount":6584,"status":"waiting_payment","utm_source":"","token":"41f6c466-fcdf-4b03-bf1f-99e935c6db4d"}
[2026-06-03 14:06:14] [RESPOSTA] {"http_code":202,"response":"{\"received\":true,\"traceId\":\"019e8e73-3295-756d-963d-f3530ac36342\"}","curl_err":null,"orderId":"vpa6veoe4m"}
[2026-06-03 14:10:00] [PAYLOAD_ENVIADO] {"orderId":"vpay0vrvj0","amount":6584,"status":"waiting_payment","utm_source":"","token":"41f6c466-fcdf-4b03-bf1f-99e935c6db4d"}
[2026-06-03 14:10:00] [RESPOSTA] {"http_code":202,"response":"{\"received\":true,\"traceId\":\"019e8e76-a3ed-7301-81db-17bcf6f62140\"}","curl_err":null,"orderId":"vpay0vrvj0"}
[2026-06-03 14:12:34] [PAYLOAD_ENVIADO] {"orderId":"vpaprzmzm6","amount":6584,"status":"waiting_payment","utm_source":"","token":"41f6c466-fcdf-4b03-bf1f-99e935c6db4d"}
[2026-06-03 14:12:34] [RESPOSTA] {"http_code":202,"response":"{\"received\":true,\"traceId\":\"019e8e78-fe91-7189-8dc5-d37175c2d728\"}","curl_err":null,"orderId":"vpaprzmzm6"}
[2026-06-03 17:13:07] [PAYLOAD_ENVIADO] {"orderId":"vpaprzmzm6","amount":6584,"status":"paid","utm_source":"","token":"41f6c466-fcdf-4b03-bf1f-99e935c6db4d"}
[2026-06-03 17:13:07] [RESPOSTA] {"http_code":202,"response":"{\"received\":true,\"traceId\":\"019e8e79-7dab-74dc-bce9-56766eb31a90\"}","curl_err":null,"orderId":"vpaprzmzm6"}
[2026-06-03 14:14:18] [PAYLOAD_ENVIADO] {"orderId":"vpawp1o1rp","amount":6584,"status":"waiting_payment","utm_source":"","token":"41f6c466-fcdf-4b03-bf1f-99e935c6db4d"}
[2026-06-03 14:14:18] [RESPOSTA] {"http_code":202,"response":"{\"received\":true,\"traceId\":\"019e8e7a-923b-7f9e-9d6e-a42060f96589\"}","curl_err":null,"orderId":"vpawp1o1rp"}
[2026-06-03 14:14:23] [PAYLOAD_ENVIADO] {"orderId":"vpakep0p4k","amount":6584,"status":"waiting_payment","utm_source":"","token":"41f6c466-fcdf-4b03-bf1f-99e935c6db4d"}
[2026-06-03 14:14:23] [RESPOSTA] {"http_code":202,"response":"{\"received\":true,\"traceId\":\"019e8e7a-a5b7-778a-9cde-99744163f3b8\"}","curl_err":null,"orderId":"vpakep0p4k"}
[2026-06-03 14:14:30] [PAYLOAD_ENVIADO] {"orderId":"vpag4dnd0r","amount":6584,"status":"waiting_payment","utm_source":"","token":"41f6c466-fcdf-4b03-bf1f-99e935c6db4d"}
[2026-06-03 14:14:30] [RESPOSTA] {"http_code":202,"response":"{\"received\":true,\"traceId\":\"019e8e7a-c423-732c-be90-e0c94785cb1d\"}","curl_err":null,"orderId":"vpag4dnd0r"}
[2026-06-03 14:14:31] [PAYLOAD_ENVIADO] {"orderId":"vpa736068m","amount":6584,"status":"waiting_payment","utm_source":"","token":"41f6c466-fcdf-4b03-bf1f-99e935c6db4d"}
[2026-06-03 14:14:31] [RESPOSTA] {"http_code":202,"response":"{\"received\":true,\"traceId\":\"019e8e7a-c539-74bf-98d6-dc9240d08684\"}","curl_err":null,"orderId":"vpa736068m"}
[2026-06-03 14:14:56] [PAYLOAD_ENVIADO] {"orderId":"vpa0njgj34","amount":6584,"status":"waiting_payment","utm_source":"","token":"41f6c466-fcdf-4b03-bf1f-99e935c6db4d"}
[2026-06-03 14:14:56] [RESPOSTA] {"http_code":202,"response":"{\"received\":true,\"traceId\":\"019e8e7b-2970-7873-b1eb-992638fe8c15\"}","curl_err":null,"orderId":"vpa0njgj34"}
[2026-06-03 14:15:13] [PAYLOAD_ENVIADO] {"orderId":"vpavpn1n07","amount":6584,"status":"waiting_payment","utm_source":"","token":"41f6c466-fcdf-4b03-bf1f-99e935c6db4d"}
[2026-06-03 14:15:13] [RESPOSTA] {"http_code":202,"response":"{\"received\":true,\"traceId\":\"019e8e7b-6c7d-7763-a8e6-1740e98242d0\"}","curl_err":null,"orderId":"vpavpn1n07"}
[2026-06-03 14:15:20] [PAYLOAD_ENVIADO] {"orderId":"vpa4nvpvz5","amount":6584,"status":"waiting_payment","utm_source":"","token":"41f6c466-fcdf-4b03-bf1f-99e935c6db4d"}
[2026-06-03 14:15:20] [RESPOSTA] {"http_code":202,"response":"{\"received\":true,\"traceId\":\"019e8e7b-8549-73d2-a4aa-bb792a7ceb41\"}","curl_err":null,"orderId":"vpa4nvpvz5"}
[2026-06-03 14:15:20] [PAYLOAD_ENVIADO] {"orderId":"vpa5n414z4","amount":6584,"status":"waiting_payment","utm_source":"","token":"41f6c466-fcdf-4b03-bf1f-99e935c6db4d"}
[2026-06-03 14:15:20] [RESPOSTA] {"http_code":202,"response":"{\"received\":true,\"traceId\":\"019e8e7b-8671-7899-bd2e-3bf57bee441b\"}","curl_err":null,"orderId":"vpa5n414z4"}
[2026-06-03 14:15:21] [PAYLOAD_ENVIADO] {"orderId":"vpaeo6j64w","amount":6584,"status":"waiting_payment","utm_source":"","token":"41f6c466-fcdf-4b03-bf1f-99e935c6db4d"}
[2026-06-03 14:15:21] [RESPOSTA] {"http_code":202,"response":"{\"received\":true,\"traceId\":\"019e8e7b-8940-7c05-907d-ecf92f858796\"}","curl_err":null,"orderId":"vpaeo6j64w"}
[2026-06-03 14:15:22] [PAYLOAD_ENVIADO] {"orderId":"vpazp4v4gp","amount":6584,"status":"waiting_payment","utm_source":"","token":"41f6c466-fcdf-4b03-bf1f-99e935c6db4d"}
[2026-06-03 14:15:22] [RESPOSTA] {"http_code":202,"response":"{\"received\":true,\"traceId\":\"019e8e7b-8e0f-76ff-a471-3aa9218a9caf\"}","curl_err":null,"orderId":"vpazp4v4gp"}
[2026-06-03 14:15:24] [PAYLOAD_ENVIADO] {"orderId":"vpa3p0n0wj","amount":6584,"status":"waiting_payment","utm_source":"","token":"41f6c466-fcdf-4b03-bf1f-99e935c6db4d"}
[2026-06-03 14:15:24] [RESPOSTA] {"http_code":202,"response":"{\"received\":true,\"traceId\":\"019e8e7b-9516-7bb6-bf58-ee361e9d43a2\"}","curl_err":null,"orderId":"vpa3p0n0wj"}
[2026-06-03 14:15:27] [PAYLOAD_ENVIADO] {"orderId":"vpakep0pd8","amount":6584,"status":"waiting_payment","utm_source":"","token":"41f6c466-fcdf-4b03-bf1f-99e935c6db4d"}
[2026-06-03 14:15:27] [RESPOSTA] {"http_code":202,"response":"{\"received\":true,\"traceId\":\"019e8e7b-a1a4-7d2b-8428-ceda11bd23a6\"}","curl_err":null,"orderId":"vpakep0pd8"}
[2026-06-03 14:15:30] [PAYLOAD_ENVIADO] {"orderId":"vpay0vrvmw","amount":6584,"status":"waiting_payment","utm_source":"","token":"41f6c466-fcdf-4b03-bf1f-99e935c6db4d"}
[2026-06-03 14:15:30] [RESPOSTA] {"http_code":202,"response":"{\"received\":true,\"traceId\":\"019e8e7b-accc-7bf3-96a5-7078d3246202\"}","curl_err":null,"orderId":"vpay0vrvmw"}
[2026-06-03 14:15:32] [PAYLOAD_ENVIADO] {"orderId":"vpam3rvrd7","amount":6584,"status":"waiting_payment","utm_source":"","token":"41f6c466-fcdf-4b03-bf1f-99e935c6db4d"}
[2026-06-03 14:15:32] [RESPOSTA] {"http_code":202,"response":"{\"received\":true,\"traceId\":\"019e8e7b-b559-7f95-afe3-a3dcebde769d\"}","curl_err":null,"orderId":"vpam3rvrd7"}
[2026-06-03 14:15:38] [PAYLOAD_ENVIADO] {"orderId":"vpaje2o2d0","amount":6584,"status":"waiting_payment","utm_source":"","token":"41f6c466-fcdf-4b03-bf1f-99e935c6db4d"}
[2026-06-03 14:15:38] [RESPOSTA] {"http_code":202,"response":"{\"received\":true,\"traceId\":\"019e8e7b-cdaf-7dff-a200-8799bedf619d\"}","curl_err":null,"orderId":"vpaje2o2d0"}
[2026-06-03 14:15:40] [PAYLOAD_ENVIADO] {"orderId":"vpankl7ld5","amount":6584,"status":"waiting_payment","utm_source":"","token":"41f6c466-fcdf-4b03-bf1f-99e935c6db4d"}
[2026-06-03 14:15:40] [RESPOSTA] {"http_code":202,"response":"{\"received\":true,\"traceId\":\"019e8e7b-d316-7c34-9a5a-99cfd753e257\"}","curl_err":null,"orderId":"vpankl7ld5"}
[2026-06-03 14:15:42] [PAYLOAD_ENVIADO] {"orderId":"vpaprzmzdj","amount":6584,"status":"waiting_payment","utm_source":"","token":"41f6c466-fcdf-4b03-bf1f-99e935c6db4d"}
[2026-06-03 14:15:42] [RESPOSTA] {"http_code":202,"response":"{\"received\":true,\"traceId\":\"019e8e7b-da76-761b-8b5b-ebc519dcfc7a\"}","curl_err":null,"orderId":"vpaprzmzdj"}
[2026-06-03 14:15:49] [PAYLOAD_ENVIADO] {"orderId":"vpa1mnjnww","amount":6584,"status":"waiting_payment","utm_source":"","token":"41f6c466-fcdf-4b03-bf1f-99e935c6db4d"}
[2026-06-03 14:15:49] [RESPOSTA] {"http_code":202,"response":"{\"received\":true,\"traceId\":\"019e8e7b-f7e2-71b7-8b3a-2ab1f2130fdf\"}","curl_err":null,"orderId":"vpa1mnjnww"}
[2026-06-03 14:15:50] [PAYLOAD_ENVIADO] {"orderId":"vpaon5y5dv","amount":6584,"status":"waiting_payment","utm_source":"","token":"41f6c466-fcdf-4b03-bf1f-99e935c6db4d"}
[2026-06-03 14:15:50] [RESPOSTA] {"http_code":202,"response":"{\"received\":true,\"traceId\":\"019e8e7b-fab1-7745-abf3-f8e027951aa9\"}","curl_err":null,"orderId":"vpaon5y5dv"}
[2026-06-03 14:15:58] [PAYLOAD_ENVIADO] {"orderId":"vpavpn1nd7","amount":6584,"status":"waiting_payment","utm_source":"","token":"41f6c466-fcdf-4b03-bf1f-99e935c6db4d"}
[2026-06-03 14:15:58] [RESPOSTA] {"http_code":202,"response":"{\"received\":true,\"traceId\":\"019e8e7c-1b7a-7959-b4b4-9720f2f46578\"}","curl_err":null,"orderId":"vpavpn1nd7"}
[2026-06-03 14:15:59] [PAYLOAD_ENVIADO] {"orderId":"vpalworodn","amount":6584,"status":"waiting_payment","utm_source":"","token":"41f6c466-fcdf-4b03-bf1f-99e935c6db4d"}
[2026-06-03 14:15:59] [RESPOSTA] {"http_code":202,"response":"{\"received\":true,\"traceId\":\"019e8e7c-1cb0-73fb-ab1d-ba1a7ba9dbef\"}","curl_err":null,"orderId":"vpalworodn"}
[2026-06-03 14:16:08] [PAYLOAD_ENVIADO] {"orderId":"vpaeo6j6mw","amount":6584,"status":"waiting_payment","utm_source":"","token":"41f6c466-fcdf-4b03-bf1f-99e935c6db4d"}
[2026-06-03 14:16:08] [RESPOSTA] {"http_code":202,"response":"{\"received\":true,\"traceId\":\"019e8e7c-40fd-771c-a567-c9992ac24f04\"}","curl_err":null,"orderId":"vpaeo6j6mw"}
[2026-06-03 14:16:14] [PAYLOAD_ENVIADO] {"orderId":"vpa6veoen3","amount":6584,"status":"waiting_payment","utm_source":"","token":"41f6c466-fcdf-4b03-bf1f-99e935c6db4d"}
[2026-06-03 14:16:14] [RESPOSTA] {"http_code":202,"response":"{\"received\":true,\"traceId\":\"019e8e7c-57cb-77bc-88cb-8affc17edffe\"}","curl_err":null,"orderId":"vpa6veoen3"}
[2026-06-03 14:16:15] [PAYLOAD_ENVIADO] {"orderId":"vpa3p0n0gj","amount":6584,"status":"waiting_payment","utm_source":"","token":"41f6c466-fcdf-4b03-bf1f-99e935c6db4d"}
[2026-06-03 14:16:15] [RESPOSTA] {"http_code":202,"response":"{\"received\":true,\"traceId\":\"019e8e7c-5ba4-7564-bc53-619796dffb7d\"}","curl_err":null,"orderId":"vpa3p0n0gj"}
[2026-06-03 14:16:16] [PAYLOAD_ENVIADO] {"orderId":"vpa8l8r81v","amount":6584,"status":"waiting_payment","utm_source":"","token":"41f6c466-fcdf-4b03-bf1f-99e935c6db4d"}
[2026-06-03 14:16:16] [RESPOSTA] {"http_code":202,"response":"{\"received\":true,\"traceId\":\"019e8e7c-5f50-7a4e-bf19-738bf004ee01\"}","curl_err":null,"orderId":"vpa8l8r81v"}
[2026-06-03 14:16:24] [PAYLOAD_ENVIADO] {"orderId":"vpa73606pm","amount":6584,"status":"waiting_payment","utm_source":"","token":"41f6c466-fcdf-4b03-bf1f-99e935c6db4d"}
[2026-06-03 14:16:24] [RESPOSTA] {"http_code":202,"response":"{\"received\":true,\"traceId\":\"019e8e7c-8102-7ce7-b557-120463f700b9\"}","curl_err":null,"orderId":"vpa73606pm"}
[2026-06-03 14:16:48] [PAYLOAD_ENVIADO] {"orderId":"vpa23121m2","amount":6584,"status":"waiting_payment","utm_source":"","token":"41f6c466-fcdf-4b03-bf1f-99e935c6db4d"}
[2026-06-03 14:16:48] [RESPOSTA] {"http_code":202,"response":"{\"received\":true,\"traceId\":\"019e8e7c-dcc0-7ec8-815b-5475e1743000\"}","curl_err":null,"orderId":"vpa23121m2"}
[2026-06-03 14:16:51] [PAYLOAD_ENVIADO] {"orderId":"vpaprzmzlj","amount":6584,"status":"waiting_payment","utm_source":"","token":"41f6c466-fcdf-4b03-bf1f-99e935c6db4d"}
[2026-06-03 14:16:51] [RESPOSTA] {"http_code":202,"response":"{\"received\":true,\"traceId\":\"019e8e7c-e8bb-76b2-80e4-231f9a432b31\"}","curl_err":null,"orderId":"vpaprzmzlj"}
[2026-06-03 17:16:53] [PAYLOAD_ENVIADO] {"orderId":"vpaon5y5dv","amount":6584,"status":"paid","utm_source":"","token":"41f6c466-fcdf-4b03-bf1f-99e935c6db4d"}
[2026-06-03 17:16:53] [RESPOSTA] {"http_code":202,"response":"{\"received\":true,\"traceId\":\"019e8e7c-eff1-722b-83f9-01e746b20372\"}","curl_err":null,"orderId":"vpaon5y5dv"}
[2026-06-03 14:16:53] [PAYLOAD_ENVIADO] {"orderId":"vpaon5y5vv","amount":6584,"status":"waiting_payment","utm_source":"","token":"41f6c466-fcdf-4b03-bf1f-99e935c6db4d"}
[2026-06-03 14:16:53] [RESPOSTA] {"http_code":202,"response":"{\"received\":true,\"traceId\":\"019e8e7c-f07c-7efa-b7f8-89c5f6dd28a2\"}","curl_err":null,"orderId":"vpaon5y5vv"}
[2026-06-03 14:16:57] [PAYLOAD_ENVIADO] {"orderId":"vpavpn1nm7","amount":6584,"status":"waiting_payment","utm_source":"","token":"41f6c466-fcdf-4b03-bf1f-99e935c6db4d"}
[2026-06-03 14:16:57] [RESPOSTA] {"http_code":202,"response":"{\"received\":true,\"traceId\":\"019e8e7d-001b-7d7c-8d26-06c161d58c2d\"}","curl_err":null,"orderId":"vpavpn1nm7"}
[2026-06-03 14:17:07] [PAYLOAD_ENVIADO] {"orderId":"vpa5n41424","amount":6584,"status":"waiting_payment","utm_source":"","token":"41f6c466-fcdf-4b03-bf1f-99e935c6db4d"}
[2026-06-03 14:17:07] [RESPOSTA] {"http_code":202,"response":"{\"received\":true,\"traceId\":\"019e8e7d-2848-7012-840c-36bf507395d2\"}","curl_err":null,"orderId":"vpa5n41424"}
[2026-06-03 14:17:17] [PAYLOAD_ENVIADO] {"orderId":"vpa8l8r8jv","amount":6584,"status":"waiting_payment","utm_source":"","token":"41f6c466-fcdf-4b03-bf1f-99e935c6db4d"}
[2026-06-03 14:17:17] [RESPOSTA] {"http_code":202,"response":"{\"received\":true,\"traceId\":\"019e8e7d-50d8-77ec-a28e-10e8482c8d8a\"}","curl_err":null,"orderId":"vpa8l8r8jv"}
[2026-06-03 14:17:20] [PAYLOAD_ENVIADO] {"orderId":"vpawp1o1lw","amount":6584,"status":"waiting_payment","utm_source":"","token":"41f6c466-fcdf-4b03-bf1f-99e935c6db4d"}
[2026-06-03 14:17:20] [RESPOSTA] {"http_code":202,"response":"{\"received\":true,\"traceId\":\"019e8e7d-5a09-793d-b0d4-7008d7aac0dd\"}","curl_err":null,"orderId":"vpawp1o1lw"}
[2026-06-03 17:17:22] [PAYLOAD_ENVIADO] {"orderId":"vpavpn1nd7","amount":6584,"status":"paid","utm_source":"","token":"41f6c466-fcdf-4b03-bf1f-99e935c6db4d"}
[2026-06-03 17:17:22] [RESPOSTA] {"http_code":202,"response":"{\"received\":true,\"traceId\":\"019e8e7d-6169-7c03-bd41-76fea73f3c43\"}","curl_err":null,"orderId":"vpavpn1nd7"}
[2026-06-03 14:17:50] [PAYLOAD_ENVIADO] {"orderId":"vpavpn1nv7","amount":6584,"status":"waiting_payment","utm_source":"","token":"41f6c466-fcdf-4b03-bf1f-99e935c6db4d"}
[2026-06-03 14:17:50] [RESPOSTA] {"http_code":202,"response":"{\"received\":true,\"traceId\":\"019e8e7d-d034-70eb-bafe-a0891b16ea5e\"}","curl_err":null,"orderId":"vpavpn1nv7"}
[2026-06-03 14:17:52] [PAYLOAD_ENVIADO] {"orderId":"vpa4nvpv75","amount":6584,"status":"waiting_payment","utm_source":"","token":"41f6c466-fcdf-4b03-bf1f-99e935c6db4d"}
[2026-06-03 14:17:53] [RESPOSTA] {"http_code":202,"response":"{\"received\":true,\"traceId\":\"019e8e7d-d9f0-7827-91b0-441b83d714aa\"}","curl_err":null,"orderId":"vpa4nvpv75"}
[2026-06-03 14:18:06] [PAYLOAD_ENVIADO] {"orderId":"vpa6veoej3","amount":6584,"status":"waiting_payment","utm_source":"","token":"41f6c466-fcdf-4b03-bf1f-99e935c6db4d"}
[2026-06-03 14:18:06] [RESPOSTA] {"http_code":202,"response":"{\"received\":true,\"traceId\":\"019e8e7e-0fd3-7fed-b493-3464fadb0ea6\"}","curl_err":null,"orderId":"vpa6veoej3"}
[2026-06-03 14:18:10] [PAYLOAD_ENVIADO] {"orderId":"vpa3p0n0yj","amount":6584,"status":"waiting_payment","utm_source":"","token":"41f6c466-fcdf-4b03-bf1f-99e935c6db4d"}
[2026-06-03 14:18:10] [RESPOSTA] {"http_code":202,"response":"{\"received\":true,\"traceId\":\"019e8e7e-1d97-7f71-ad6a-c0736b8f5873\"}","curl_err":null,"orderId":"vpa3p0n0yj"}
[2026-06-03 17:18:14] [PAYLOAD_ENVIADO] {"orderId":"vpaon5y5vv","amount":6584,"status":"paid","utm_source":"","token":"41f6c466-fcdf-4b03-bf1f-99e935c6db4d"}
[2026-06-03 17:18:14] [RESPOSTA] {"http_code":202,"response":"{\"received\":true,\"traceId\":\"019e8e7e-2d3e-794a-8a62-8931a47e65b5\"}","curl_err":null,"orderId":"vpaon5y5vv"}
[2026-06-03 14:18:19] [PAYLOAD_ENVIADO] {"orderId":"vpay0vrv4w","amount":6584,"status":"waiting_payment","utm_source":"","token":"41f6c466-fcdf-4b03-bf1f-99e935c6db4d"}
[2026-06-03 14:18:19] [RESPOSTA] {"http_code":202,"response":"{\"received\":true,\"traceId\":\"019e8e7e-4079-7793-a41a-e449aaa34f7e\"}","curl_err":null,"orderId":"vpay0vrv4w"}
[2026-06-03 14:18:28] [PAYLOAD_ENVIADO] {"orderId":"vpag4dnd51","amount":6584,"status":"waiting_payment","utm_source":"","token":"41f6c466-fcdf-4b03-bf1f-99e935c6db4d"}
[2026-06-03 14:18:28] [RESPOSTA] {"http_code":202,"response":"{\"received\":true,\"traceId\":\"019e8e7e-65f0-78bb-a0a1-de9a9ba86b0e\"}","curl_err":null,"orderId":"vpag4dnd51"}
[2026-06-03 14:18:29] [PAYLOAD_ENVIADO] {"orderId":"vpay0vrv4r","amount":6584,"status":"waiting_payment","utm_source":"","token":"41f6c466-fcdf-4b03-bf1f-99e935c6db4d"}
[2026-06-03 14:18:29] [RESPOSTA] {"http_code":202,"response":"{\"received\":true,\"traceId\":\"019e8e7e-6817-7a4e-ae00-105d954f866a\"}","curl_err":null,"orderId":"vpay0vrv4r"}
[2026-06-03 14:18:33] [PAYLOAD_ENVIADO] {"orderId":"vpag4dnd50","amount":6584,"status":"waiting_payment","utm_source":"","token":"41f6c466-fcdf-4b03-bf1f-99e935c6db4d"}
[2026-06-03 14:18:33] [RESPOSTA] {"http_code":202,"response":"{\"received\":true,\"traceId\":\"019e8e7e-777c-798e-86d7-66ee8d6b4960\"}","curl_err":null,"orderId":"vpag4dnd50"}
[2026-06-03 14:18:34] [PAYLOAD_ENVIADO] {"orderId":"vpankl7lgj","amount":6584,"status":"waiting_payment","utm_source":"","token":"41f6c466-fcdf-4b03-bf1f-99e935c6db4d"}
[2026-06-03 14:18:34] [RESPOSTA] {"http_code":202,"response":"{\"received\":true,\"traceId\":\"019e8e7e-7d81-7c71-a853-63974069bf03\"}","curl_err":null,"orderId":"vpankl7lgj"}
[2026-06-03 14:18:35] [PAYLOAD_ENVIADO] {"orderId":"vpaprzmz22","amount":6584,"status":"waiting_payment","utm_source":"","token":"41f6c466-fcdf-4b03-bf1f-99e935c6db4d"}
[2026-06-03 14:18:35] [RESPOSTA] {"http_code":202,"response":"{\"received\":true,\"traceId\":\"019e8e7e-8007-786c-b731-e2402d981dfd\"}","curl_err":null,"orderId":"vpaprzmz22"}
[2026-06-03 17:18:36] [PAYLOAD_ENVIADO] {"orderId":"vpavpn1nm7","amount":6584,"status":"paid","utm_source":"","token":"41f6c466-fcdf-4b03-bf1f-99e935c6db4d"}
[2026-06-03 17:18:36] [RESPOSTA] {"http_code":202,"response":"{\"received\":true,\"traceId\":\"019e8e7e-8511-71f7-b9e1-13b55cf288c1\"}","curl_err":null,"orderId":"vpavpn1nm7"}
[2026-06-03 14:18:37] [PAYLOAD_ENVIADO] {"orderId":"vpaon5y5jo","amount":6584,"status":"waiting_payment","utm_source":"","token":"41f6c466-fcdf-4b03-bf1f-99e935c6db4d"}
[2026-06-03 14:18:37] [RESPOSTA] {"http_code":202,"response":"{\"received\":true,\"traceId\":\"019e8e7e-8681-7f30-96f3-86a5b0a236ea\"}","curl_err":null,"orderId":"vpaon5y5jo"}
[2026-06-03 14:18:43] [PAYLOAD_ENVIADO] {"orderId":"vpavpn1n72","amount":6584,"status":"waiting_payment","utm_source":"","token":"41f6c466-fcdf-4b03-bf1f-99e935c6db4d"}
[2026-06-03 14:18:43] [RESPOSTA] {"http_code":202,"response":"{\"received\":true,\"traceId\":\"019e8e7e-9d6f-72ee-9b7d-caec6c0f4436\"}","curl_err":null,"orderId":"vpavpn1n72"}
[2026-06-03 14:18:43] [PAYLOAD_ENVIADO] {"orderId":"vpalworo0w","amount":6584,"status":"waiting_payment","utm_source":"","token":"41f6c466-fcdf-4b03-bf1f-99e935c6db4d"}
[2026-06-03 14:18:43] [RESPOSTA] {"http_code":202,"response":"{\"received\":true,\"traceId\":\"019e8e7e-9edb-7b88-b1d6-3a4462b9a808\"}","curl_err":null,"orderId":"vpalworo0w"}
[2026-06-03 14:18:49] [PAYLOAD_ENVIADO] {"orderId":"vpa4nvpv42","amount":6584,"status":"waiting_payment","utm_source":"","token":"41f6c466-fcdf-4b03-bf1f-99e935c6db4d"}
[2026-06-03 14:18:49] [RESPOSTA] {"http_code":202,"response":"{\"received\":true,\"traceId\":\"019e8e7e-b677-70a4-9b45-274f5f96fea1\"}","curl_err":null,"orderId":"vpa4nvpv42"}
[2026-06-03 14:18:49] [PAYLOAD_ENVIADO] {"orderId":"vpa5n4145p","amount":6584,"status":"waiting_payment","utm_source":"","token":"41f6c466-fcdf-4b03-bf1f-99e935c6db4d"}
[2026-06-03 14:18:49] [RESPOSTA] {"http_code":202,"response":"{\"received\":true,\"traceId\":\"019e8e7e-b832-7300-97b7-e64be1851896\"}","curl_err":null,"orderId":"vpa5n4145p"}
[2026-06-03 17:18:50] [PAYLOAD_ENVIADO] {"orderId":"vpazp4v4gp","amount":6584,"status":"paid","utm_source":"","token":"41f6c466-fcdf-4b03-bf1f-99e935c6db4d"}
[2026-06-03 17:18:50] [RESPOSTA] {"http_code":202,"response":"{\"received\":true,\"traceId\":\"019e8e7e-bc18-7a74-a43b-15cc77eccb02\"}","curl_err":null,"orderId":"vpazp4v4gp"}
[2026-06-03 14:18:52] [PAYLOAD_ENVIADO] {"orderId":"vpazp4v4jy","amount":6584,"status":"waiting_payment","utm_source":"","token":"41f6c466-fcdf-4b03-bf1f-99e935c6db4d"}
[2026-06-03 14:18:52] [RESPOSTA] {"http_code":202,"response":"{\"received\":true,\"traceId\":\"019e8e7e-c157-722d-ac79-bee0a75cbeea\"}","curl_err":null,"orderId":"vpazp4v4jy"}
[2026-06-03 14:19:01] [PAYLOAD_ENVIADO] {"orderId":"vpa3p0n0l1","amount":6584,"status":"waiting_payment","utm_source":"","token":"41f6c466-fcdf-4b03-bf1f-99e935c6db4d"}
[2026-06-03 14:19:01] [RESPOSTA] {"http_code":202,"response":"{\"received\":true,\"traceId\":\"019e8e7e-e3d6-74a7-9971-0aadd98a217f\"}","curl_err":null,"orderId":"vpa3p0n0l1"}
[2026-06-03 14:19:07] [PAYLOAD_ENVIADO] {"orderId":"vpadregemz","amount":6584,"status":"waiting_payment","utm_source":"","token":"41f6c466-fcdf-4b03-bf1f-99e935c6db4d"}
[2026-06-03 14:19:07] [RESPOSTA] {"http_code":202,"response":"{\"received\":true,\"traceId\":\"019e8e7e-fd90-7b5f-b899-0343ea879aa2\"}","curl_err":null,"orderId":"vpadregemz"}
[2026-06-03 17:19:11] [PAYLOAD_ENVIADO] {"orderId":"vpa6veoej3","amount":6584,"status":"paid","utm_source":"","token":"41f6c466-fcdf-4b03-bf1f-99e935c6db4d"}
[2026-06-03 17:19:11] [RESPOSTA] {"http_code":202,"response":"{\"received\":true,\"traceId\":\"019e8e7f-0ccf-7127-91e2-a3e78e1a058b\"}","curl_err":null,"orderId":"vpa6veoej3"}
[2026-06-03 14:19:22] [PAYLOAD_ENVIADO] {"orderId":"vpag4dnd20","amount":6584,"status":"waiting_payment","utm_source":"","token":"41f6c466-fcdf-4b03-bf1f-99e935c6db4d"}
[2026-06-03 14:19:22] [RESPOSTA] {"http_code":202,"response":"{\"received\":true,\"traceId\":\"019e8e7f-3619-7793-94c6-57f7986be6a5\"}","curl_err":null,"orderId":"vpag4dnd20"}
[2026-06-03 17:19:22] [PAYLOAD_ENVIADO] {"orderId":"vpa5n4145p","amount":6584,"status":"paid","utm_source":"","token":"41f6c466-fcdf-4b03-bf1f-99e935c6db4d"}
[2026-06-03 17:19:22] [RESPOSTA] {"http_code":202,"response":"{\"received\":true,\"traceId\":\"019e8e7f-38ee-727b-9033-7dd94bc346ed\"}","curl_err":null,"orderId":"vpa5n4145p"}
[2026-06-03 14:19:23] [PAYLOAD_ENVIADO] {"orderId":"vpam3rvrk5","amount":6584,"status":"waiting_payment","utm_source":"","token":"41f6c466-fcdf-4b03-bf1f-99e935c6db4d"}
[2026-06-03 14:19:23] [RESPOSTA] {"http_code":202,"response":"{\"received\":true,\"traceId\":\"019e8e7f-3ab7-7d42-a49c-8b65872d0bb4\"}","curl_err":null,"orderId":"vpam3rvrk5"}
[2026-06-03 14:19:25] [PAYLOAD_ENVIADO] {"orderId":"vpa73606z5","amount":6584,"status":"waiting_payment","utm_source":"","token":"41f6c466-fcdf-4b03-bf1f-99e935c6db4d"}
[2026-06-03 14:19:25] [RESPOSTA] {"http_code":202,"response":"{\"received\":true,\"traceId\":\"019e8e7f-418b-7861-a071-760929af644c\"}","curl_err":null,"orderId":"vpa73606z5"}
[2026-06-03 14:19:29] [PAYLOAD_ENVIADO] {"orderId":"vpa1mnjnrr","amount":6584,"status":"waiting_payment","utm_source":"","token":"41f6c466-fcdf-4b03-bf1f-99e935c6db4d"}
[2026-06-03 14:19:29] [RESPOSTA] {"http_code":202,"response":"{\"received\":true,\"traceId\":\"019e8e7f-5404-7c92-b4f7-61519da1f0ce\"}","curl_err":null,"orderId":"vpa1mnjnrr"}
[2026-06-03 14:19:30] [PAYLOAD_ENVIADO] {"orderId":"vpa0njgj0r","amount":6584,"status":"waiting_payment","utm_source":"","token":"41f6c466-fcdf-4b03-bf1f-99e935c6db4d"}
[2026-06-03 14:19:30] [RESPOSTA] {"http_code":202,"response":"{\"received\":true,\"traceId\":\"019e8e7f-5798-7cfc-b59c-59c7ce2cd149\"}","curl_err":null,"orderId":"vpa0njgj0r"}
[2026-06-03 14:19:32] [PAYLOAD_ENVIADO] {"orderId":"vpa4nvpvl2","amount":6584,"status":"waiting_payment","utm_source":"","token":"41f6c466-fcdf-4b03-bf1f-99e935c6db4d"}
[2026-06-03 14:19:32] [RESPOSTA] {"http_code":202,"response":"{\"received\":true,\"traceId\":\"019e8e7f-5db4-7a91-9bfc-5b290a87d6f9\"}","curl_err":null,"orderId":"vpa4nvpvl2"}
[2026-06-03 14:19:33] [PAYLOAD_ENVIADO] {"orderId":"vpa5n414kp","amount":6584,"status":"waiting_payment","utm_source":"","token":"41f6c466-fcdf-4b03-bf1f-99e935c6db4d"}
[2026-06-03 14:19:33] [RESPOSTA] {"http_code":202,"response":"{\"received\":true,\"traceId\":\"019e8e7f-615d-70bb-8592-b7d8b1fd363b\"}","curl_err":null,"orderId":"vpa5n414kp"}
[2026-06-03 14:19:34] [PAYLOAD_ENVIADO] {"orderId":"vpazp4v48y","amount":6584,"status":"waiting_payment","utm_source":"","token":"41f6c466-fcdf-4b03-bf1f-99e935c6db4d"}
[2026-06-03 14:19:34] [RESPOSTA] {"http_code":202,"response":"{\"received\":true,\"traceId\":\"019e8e7f-65a5-7430-8cec-8074a875747e\"}","curl_err":null,"orderId":"vpazp4v48y"}
[2026-06-03 14:19:35] [PAYLOAD_ENVIADO] {"orderId":"vpa3p0n0v1","amount":6584,"status":"waiting_payment","utm_source":"","token":"41f6c466-fcdf-4b03-bf1f-99e935c6db4d"}
[2026-06-03 14:19:35] [RESPOSTA] {"http_code":202,"response":"{\"received\":true,\"traceId\":\"019e8e7f-6b3c-7744-b520-e7b4b43ac6df\"}","curl_err":null,"orderId":"vpa3p0n0v1"}
[2026-06-03 14:19:38] [PAYLOAD_ENVIADO] {"orderId":"vpawp1o1z3","amount":6584,"status":"waiting_payment","utm_source":"","token":"41f6c466-fcdf-4b03-bf1f-99e935c6db4d"}
[2026-06-03 14:19:38] [RESPOSTA] {"http_code":202,"response":"{\"received\":true,\"traceId\":\"019e8e7f-768e-7941-94b9-c1a0fe02871b\"}","curl_err":null,"orderId":"vpawp1o1z3"}
[2026-06-03 14:19:40] [PAYLOAD_ENVIADO] {"orderId":"vpadregedz","amount":6584,"status":"waiting_payment","utm_source":"","token":"41f6c466-fcdf-4b03-bf1f-99e935c6db4d"}
[2026-06-03 14:19:40] [RESPOSTA] {"http_code":202,"response":"{\"received\":true,\"traceId\":\"019e8e7f-7e24-7825-acd0-07a6f837196a\"}","curl_err":null,"orderId":"vpadregedz"}
[2026-06-03 14:19:49] [PAYLOAD_ENVIADO] {"orderId":"vpag4dndy0","amount":6584,"status":"waiting_payment","utm_source":"","token":"41f6c466-fcdf-4b03-bf1f-99e935c6db4d"}
[2026-06-03 14:19:49] [RESPOSTA] {"http_code":202,"response":"{\"received\":true,\"traceId\":\"019e8e7f-a0a8-7aa9-95cb-89048badd559\"}","curl_err":null,"orderId":"vpag4dndy0"}
[2026-06-03 14:19:53] [PAYLOAD_ENVIADO] {"orderId":"vpa23121rm","amount":6584,"status":"waiting_payment","utm_source":"","token":"41f6c466-fcdf-4b03-bf1f-99e935c6db4d"}
[2026-06-03 14:19:53] [RESPOSTA] {"http_code":202,"response":"{\"received\":true,\"traceId\":\"019e8e7f-b0c7-7336-8f31-70a6ab9d5b05\"}","curl_err":null,"orderId":"vpa23121rm"}
[2026-06-03 14:19:56] [PAYLOAD_ENVIADO] {"orderId":"vpaprzmz02","amount":6584,"status":"waiting_payment","utm_source":"","token":"41f6c466-fcdf-4b03-bf1f-99e935c6db4d"}
[2026-06-03 14:19:56] [RESPOSTA] {"http_code":202,"response":"{\"received\":true,\"traceId\":\"019e8e7f-bd0e-7b0b-9cac-63c594c23057\"}","curl_err":null,"orderId":"vpaprzmz02"}
[2026-06-03 14:19:57] [PAYLOAD_ENVIADO] {"orderId":"vpaon5y5oo","amount":6584,"status":"waiting_payment","utm_source":"","token":"41f6c466-fcdf-4b03-bf1f-99e935c6db4d"}
[2026-06-03 14:19:57] [RESPOSTA] {"http_code":202,"response":"{\"received\":true,\"traceId\":\"019e8e7f-bf95-71aa-972e-2790920117d2\"}","curl_err":null,"orderId":"vpaon5y5oo"}
[2026-06-03 14:20:07] [PAYLOAD_ENVIADO] {"orderId":"vpa0njgjor","amount":6584,"status":"waiting_payment","utm_source":"","token":"41f6c466-fcdf-4b03-bf1f-99e935c6db4d"}
[2026-06-03 14:20:07] [RESPOSTA] {"http_code":202,"response":"{\"received\":true,\"traceId\":\"019e8e7f-e5f9-701c-b17e-b401b89bcad6\"}","curl_err":null,"orderId":"vpa0njgjor"}
[2026-06-03 14:20:08] [PAYLOAD_ENVIADO] {"orderId":"vpalworo2w","amount":6584,"status":"waiting_payment","utm_source":"","token":"41f6c466-fcdf-4b03-bf1f-99e935c6db4d"}
[2026-06-03 14:20:08] [RESPOSTA] {"http_code":202,"response":"{\"received\":true,\"traceId\":\"019e8e7f-eb4f-7dba-9a6b-5627792b8a86\"}","curl_err":null,"orderId":"vpalworo2w"}
[2026-06-03 14:20:10] [PAYLOAD_ENVIADO] {"orderId":"vpa3p0n041","amount":6584,"status":"waiting_payment","utm_source":"","token":"41f6c466-fcdf-4b03-bf1f-99e935c6db4d"}
[2026-06-03 14:20:10] [RESPOSTA] {"http_code":202,"response":"{\"received\":true,\"traceId\":\"019e8e7f-f324-718c-af3b-1581ee90bec6\"}","curl_err":null,"orderId":"vpa3p0n041"}
[2026-06-03 14:20:14] [PAYLOAD_ENVIADO] {"orderId":"vpakep0pj6","amount":6584,"status":"waiting_payment","utm_source":"","token":"41f6c466-fcdf-4b03-bf1f-99e935c6db4d"}
[2026-06-03 14:20:14] [RESPOSTA] {"http_code":202,"response":"{\"received\":true,\"traceId\":\"019e8e80-0228-7e71-9bef-5ad634eea09a\"}","curl_err":null,"orderId":"vpakep0pj6"}
[2026-06-03 14:20:15] [PAYLOAD_ENVIADO] {"orderId":"vpa6veoezl","amount":6584,"status":"waiting_payment","utm_source":"","token":"41f6c466-fcdf-4b03-bf1f-99e935c6db4d"}
[2026-06-03 14:20:15] [RESPOSTA] {"http_code":202,"response":"{\"received\":true,\"traceId\":\"019e8e80-058e-7e82-b02a-c81e3d484956\"}","curl_err":null,"orderId":"vpa6veoezl"}
[2026-06-03 14:20:15] [PAYLOAD_ENVIADO] {"orderId":"vpaeo6j68r","amount":6584,"status":"waiting_payment","utm_source":"","token":"41f6c466-fcdf-4b03-bf1f-99e935c6db4d"}
[2026-06-03 14:20:15] [RESPOSTA] {"http_code":202,"response":"{\"received\":true,\"traceId\":\"019e8e80-05d5-767e-ace2-756dbe635968\"}","curl_err":null,"orderId":"vpaeo6j68r"}
[2026-06-03 14:20:15] [PAYLOAD_ENVIADO] {"orderId":"vpa73606k5","amount":6584,"status":"waiting_payment","utm_source":"","token":"41f6c466-fcdf-4b03-bf1f-99e935c6db4d"}
[2026-06-03 14:20:15] [RESPOSTA] {"http_code":202,"response":"{\"received\":true,\"traceId\":\"019e8e80-0848-7c7c-927c-8da68a1b2291\"}","curl_err":null,"orderId":"vpa73606k5"}
[2026-06-03 14:20:17] [PAYLOAD_ENVIADO] {"orderId":"vpay0vrv6r","amount":6584,"status":"waiting_payment","utm_source":"","token":"41f6c466-fcdf-4b03-bf1f-99e935c6db4d"}
[2026-06-03 14:20:17] [RESPOSTA] {"http_code":202,"response":"{\"received\":true,\"traceId\":\"019e8e80-0e70-7855-92fa-2ff62d278289\"}","curl_err":null,"orderId":"vpay0vrv6r"}
[2026-06-03 14:20:18] [PAYLOAD_ENVIADO] {"orderId":"vpaje2o2gd","amount":6584,"status":"waiting_payment","utm_source":"","token":"41f6c466-fcdf-4b03-bf1f-99e935c6db4d"}
[2026-06-03 14:20:18] [RESPOSTA] {"http_code":202,"response":"{\"received\":true,\"traceId\":\"019e8e80-1383-75c1-8f1b-5fedd7e31f5b\"}","curl_err":null,"orderId":"vpaje2o2gd"}
[2026-06-03 14:20:23] [PAYLOAD_ENVIADO] {"orderId":"vpa23121lm","amount":6584,"status":"waiting_payment","utm_source":"","token":"41f6c466-fcdf-4b03-bf1f-99e935c6db4d"}
[2026-06-03 14:20:23] [RESPOSTA] {"http_code":202,"response":"{\"received\":true,\"traceId\":\"019e8e80-2591-77b4-9ab4-cd85a5c6400e\"}","curl_err":null,"orderId":"vpa23121lm"}
[2026-06-03 17:20:23] [PAYLOAD_ENVIADO] {"orderId":"vpa3p0n0l1","amount":6584,"status":"paid","utm_source":"","token":"41f6c466-fcdf-4b03-bf1f-99e935c6db4d"}
[2026-06-03 17:20:23] [RESPOSTA] {"http_code":202,"response":"{\"received\":true,\"traceId\":\"019e8e80-2792-70f7-a690-bf8d689b3811\"}","curl_err":null,"orderId":"vpa3p0n0l1"}
[2026-06-03 14:20:27] [PAYLOAD_ENVIADO] {"orderId":"vpankl7lpj","amount":6584,"status":"waiting_payment","utm_source":"","token":"41f6c466-fcdf-4b03-bf1f-99e935c6db4d"}
[2026-06-03 14:20:27] [RESPOSTA] {"http_code":202,"response":"{\"received\":true,\"traceId\":\"019e8e80-3624-7c81-99b2-3874518537a0\"}","curl_err":null,"orderId":"vpankl7lpj"}
[2026-06-03 14:20:28] [PAYLOAD_ENVIADO] {"orderId":"vpaprzmzo2","amount":6584,"status":"waiting_payment","utm_source":"","token":"41f6c466-fcdf-4b03-bf1f-99e935c6db4d"}
[2026-06-03 14:20:28] [RESPOSTA] {"http_code":202,"response":"{\"received\":true,\"traceId\":\"019e8e80-38fe-7006-a6f0-4591c68d240d\"}","curl_err":null,"orderId":"vpaprzmzo2"}
[2026-06-03 14:20:31] [PAYLOAD_ENVIADO] {"orderId":"vpa0njgjrr","amount":6584,"status":"waiting_payment","utm_source":"","token":"41f6c466-fcdf-4b03-bf1f-99e935c6db4d"}
[2026-06-03 14:20:31] [RESPOSTA] {"http_code":202,"response":"{\"received\":true,\"traceId\":\"019e8e80-4583-7911-ba57-2aa359ab9c5a\"}","curl_err":null,"orderId":"vpa0njgjrr"}
[2026-06-03 14:20:32] [PAYLOAD_ENVIADO] {"orderId":"vpavpn1nn2","amount":6584,"status":"waiting_payment","utm_source":"","token":"41f6c466-fcdf-4b03-bf1f-99e935c6db4d"}
[2026-06-03 14:20:32] [RESPOSTA] {"http_code":202,"response":"{\"received\":true,\"traceId\":\"019e8e80-4abb-798a-9554-19d97d9df0d1\"}","curl_err":null,"orderId":"vpavpn1nn2"}
[2026-06-03 14:20:33] [PAYLOAD_ENVIADO] {"orderId":"vpar3wjwrw","amount":6584,"status":"waiting_payment","utm_source":"","token":"41f6c466-fcdf-4b03-bf1f-99e935c6db4d"}
[2026-06-03 14:20:33] [RESPOSTA] {"http_code":202,"response":"{\"received\":true,\"traceId\":\"019e8e80-4b17-7eaf-82e3-a9850ce53fbe\"}","curl_err":null,"orderId":"vpar3wjwrw"}
[2026-06-03 17:20:39] [PAYLOAD_ENVIADO] {"orderId":"vpag4dndy0","amount":6584,"status":"paid","utm_source":"","token":"41f6c466-fcdf-4b03-bf1f-99e935c6db4d"}
[2026-06-03 17:20:39] [RESPOSTA] {"http_code":202,"response":"{\"received\":true,\"traceId\":\"019e8e80-661f-74b1-8dd0-6ee7270e5b4c\"}","curl_err":null,"orderId":"vpag4dndy0"}
[2026-06-03 14:20:40] [PAYLOAD_ENVIADO] {"orderId":"vpaeo6j66r","amount":6584,"status":"waiting_payment","utm_source":"","token":"41f6c466-fcdf-4b03-bf1f-99e935c6db4d"}
[2026-06-03 14:20:40] [RESPOSTA] {"http_code":202,"response":"{\"received\":true,\"traceId\":\"019e8e80-69bb-7c37-a7dc-998a4eb2a932\"}","curl_err":null,"orderId":"vpaeo6j66r"}
[2026-06-03 14:20:42] [PAYLOAD_ENVIADO] {"orderId":"vpa3p0n001","amount":6584,"status":"waiting_payment","utm_source":"","token":"41f6c466-fcdf-4b03-bf1f-99e935c6db4d"}
[2026-06-03 14:20:42] [RESPOSTA] {"http_code":202,"response":"{\"received\":true,\"traceId\":\"019e8e80-6e2b-718a-8bb5-34fedea99129\"}","curl_err":null,"orderId":"vpa3p0n001"}
[2026-06-03 14:20:45] [PAYLOAD_ENVIADO] {"orderId":"vpa8l8r88g","amount":6584,"status":"waiting_payment","utm_source":"","token":"41f6c466-fcdf-4b03-bf1f-99e935c6db4d"}
[2026-06-03 14:20:45] [RESPOSTA] {"http_code":202,"response":"{\"received\":true,\"traceId\":\"019e8e80-7aff-7cbb-9e7d-1458532670c1\"}","curl_err":null,"orderId":"vpa8l8r88g"}
[2026-06-03 14:20:45] [PAYLOAD_ENVIADO] {"orderId":"vpawp1o113","amount":6584,"status":"waiting_payment","utm_source":"","token":"41f6c466-fcdf-4b03-bf1f-99e935c6db4d"}
[2026-06-03 14:20:45] [RESPOSTA] {"http_code":202,"response":"{\"received\":true,\"traceId\":\"019e8e80-7d07-7b78-9c9b-0972741f9d3b\"}","curl_err":null,"orderId":"vpawp1o113"}
[2026-06-03 14:20:54] [PAYLOAD_ENVIADO] {"orderId":"vpa7360667","amount":6584,"status":"waiting_payment","utm_source":"","token":"41f6c466-fcdf-4b03-bf1f-99e935c6db4d"}
[2026-06-03 14:20:54] [RESPOSTA] {"http_code":202,"response":"{\"received\":true,\"traceId\":\"019e8e80-a02c-79fa-806c-01af2f160758\"}","curl_err":null,"orderId":"vpa7360667"}
[2026-06-03 14:20:56] [PAYLOAD_ENVIADO] {"orderId":"vpam3rvrrg","amount":6584,"status":"waiting_payment","utm_source":"","token":"41f6c466-fcdf-4b03-bf1f-99e935c6db4d"}
[2026-06-03 14:20:56] [RESPOSTA] {"http_code":202,"response":"{\"received\":true,\"traceId\":\"019e8e80-a529-7721-809a-938e45e9fb62\"}","curl_err":null,"orderId":"vpam3rvrrg"}
[2026-06-03 14:20:58] [PAYLOAD_ENVIADO] {"orderId":"vpag4dndd5","amount":6584,"status":"waiting_payment","utm_source":"","token":"41f6c466-fcdf-4b03-bf1f-99e935c6db4d"}
[2026-06-03 14:20:58] [RESPOSTA] {"http_code":202,"response":"{\"received\":true,\"traceId\":\"019e8e80-ad44-7371-9e8c-e2e37aed5d8d\"}","curl_err":null,"orderId":"vpag4dndd5"}
[2026-06-03 14:20:59] [PAYLOAD_ENVIADO] {"orderId":"vpaje2o221","amount":6584,"status":"waiting_payment","utm_source":"","token":"41f6c466-fcdf-4b03-bf1f-99e935c6db4d"}
[2026-06-03 14:20:59] [RESPOSTA] {"http_code":202,"response":"{\"received\":true,\"traceId\":\"019e8e80-b08b-7e54-9f68-acebfa71fcdd\"}","curl_err":null,"orderId":"vpaje2o221"}
[2026-06-03 14:20:59] [PAYLOAD_ENVIADO] {"orderId":"vpa231211r","amount":6584,"status":"waiting_payment","utm_source":"","token":"41f6c466-fcdf-4b03-bf1f-99e935c6db4d"}
[2026-06-03 14:20:59] [RESPOSTA] {"http_code":202,"response":"{\"received\":true,\"traceId\":\"019e8e80-b158-7d8d-8ac9-f5c05f4fc35b\"}","curl_err":null,"orderId":"vpa231211r"}
[2026-06-03 17:20:59] [PAYLOAD_ENVIADO] {"orderId":"vpam3rvrk5","amount":6584,"status":"paid","utm_source":"","token":"41f6c466-fcdf-4b03-bf1f-99e935c6db4d"}
[2026-06-03 17:20:59] [RESPOSTA] {"http_code":202,"response":"{\"received\":true,\"traceId\":\"019e8e80-b260-7df8-814e-bad4f901cd52\"}","curl_err":null,"orderId":"vpam3rvrk5"}
[2026-06-03 14:21:00] [PAYLOAD_ENVIADO] {"orderId":"vpankl7llp","amount":6584,"status":"waiting_payment","utm_source":"","token":"41f6c466-fcdf-4b03-bf1f-99e935c6db4d"}
[2026-06-03 14:21:00] [RESPOSTA] {"http_code":202,"response":"{\"received\":true,\"traceId\":\"019e8e80-b6a8-7285-a539-57021f0bf5c7\"}","curl_err":null,"orderId":"vpankl7llp"}
[2026-06-03 14:21:04] [PAYLOAD_ENVIADO] {"orderId":"vpaon5k88n","amount":6584,"status":"waiting_payment","utm_source":"","token":"41f6c466-fcdf-4b03-bf1f-99e935c6db4d"}
[2026-06-03 14:21:04] [RESPOSTA] {"http_code":202,"response":"{\"received\":true,\"traceId\":\"019e8e80-c65b-73b2-b570-7debfba023f8\"}","curl_err":null,"orderId":"vpaon5k88n"}
[2026-06-03 14:21:10] [PAYLOAD_ENVIADO] {"orderId":"vpavpnw22l","amount":6584,"status":"waiting_payment","utm_source":"","token":"41f6c466-fcdf-4b03-bf1f-99e935c6db4d"}
[2026-06-03 14:21:10] [RESPOSTA] {"http_code":202,"response":"{\"received\":true,\"traceId\":\"019e8e80-dc6c-7470-85de-d5339db18f26\"}","curl_err":null,"orderId":"vpavpnw22l"}
[2026-06-03 14:21:13] [PAYLOAD_ENVIADO] {"orderId":"vpazp47zzr","amount":6584,"status":"waiting_payment","utm_source":"","token":"41f6c466-fcdf-4b03-bf1f-99e935c6db4d"}
[2026-06-03 14:21:13] [RESPOSTA] {"http_code":202,"response":"{\"received\":true,\"traceId\":\"019e8e80-e9c1-7dac-a7b1-42a55dd3c63f\"}","curl_err":null,"orderId":"vpazp47zzr"}
[2026-06-03 14:21:15] [PAYLOAD_ENVIADO] {"orderId":"vpa8l8kdd5","amount":6584,"status":"waiting_payment","utm_source":"","token":"41f6c466-fcdf-4b03-bf1f-99e935c6db4d"}
[2026-06-03 14:21:15] [RESPOSTA] {"http_code":202,"response":"{\"received\":true,\"traceId\":\"019e8e80-f059-772b-a080-db5cae6407ff\"}","curl_err":null,"orderId":"vpa8l8kdd5"}
[2026-06-03 14:21:26] [PAYLOAD_ENVIADO] {"orderId":"vpakeplgg4","amount":6584,"status":"waiting_payment","utm_source":"","token":"41f6c466-fcdf-4b03-bf1f-99e935c6db4d"}
[2026-06-03 14:21:26] [RESPOSTA] {"http_code":202,"response":"{\"received\":true,\"traceId\":\"019e8e81-1ba3-7aed-95eb-798d7ff06f03\"}","curl_err":null,"orderId":"vpakeplgg4"}
[2026-06-03 14:21:26] [PAYLOAD_ENVIADO] {"orderId":"vpay0vdpp2","amount":6584,"status":"waiting_payment","utm_source":"","token":"41f6c466-fcdf-4b03-bf1f-99e935c6db4d"}
[2026-06-03 14:21:26] [RESPOSTA] {"http_code":202,"response":"{\"received\":true,\"traceId\":\"019e8e81-1c01-702b-bd98-53a0292118d4\"}","curl_err":null,"orderId":"vpay0vdpp2"}
[2026-06-03 17:21:31] [PAYLOAD_ENVIADO] {"orderId":"vpaje2o2gd","amount":6584,"status":"paid","utm_source":"","token":"41f6c466-fcdf-4b03-bf1f-99e935c6db4d"}
[2026-06-03 17:21:31] [RESPOSTA] {"http_code":202,"response":"{\"received\":true,\"traceId\":\"019e8e81-2f32-7a1d-aeae-6a5ab7437506\"}","curl_err":null,"orderId":"vpaje2o2gd"}
[2026-06-03 14:21:35] [PAYLOAD_ENVIADO] {"orderId":"vpa2318nnr","amount":6584,"status":"waiting_payment","utm_source":"","token":"41f6c466-fcdf-4b03-bf1f-99e935c6db4d"}
[2026-06-03 14:21:35] [RESPOSTA] {"http_code":202,"response":"{\"received\":true,\"traceId\":\"019e8e81-3eea-7763-ac0d-e8fcce83286c\"}","curl_err":null,"orderId":"vpa2318nnr"}
[2026-06-03 14:21:38] [PAYLOAD_ENVIADO] {"orderId":"vpankl5nnp","amount":6584,"status":"waiting_payment","utm_source":"","token":"41f6c466-fcdf-4b03-bf1f-99e935c6db4d"}
[2026-06-03 14:21:38] [RESPOSTA] {"http_code":202,"response":"{\"received\":true,\"traceId\":\"019e8e81-498a-7b75-b002-090bd8fe343d\"}","curl_err":null,"orderId":"vpankl5nnp"}
[2026-06-03 14:21:38] [PAYLOAD_ENVIADO] {"orderId":"vpa1mn8kmk","amount":6584,"status":"waiting_payment","utm_source":"","token":"41f6c466-fcdf-4b03-bf1f-99e935c6db4d"}
[2026-06-03 14:21:38] [RESPOSTA] {"http_code":202,"response":"{\"received\":true,\"traceId\":\"019e8e81-4b17-777d-ac7e-f10f6c4f113a\"}","curl_err":null,"orderId":"vpa1mn8kmk"}
[2026-06-03 17:21:44] [PAYLOAD_ENVIADO] {"orderId":"vpa7360667","amount":6584,"status":"paid","utm_source":"","token":"41f6c466-fcdf-4b03-bf1f-99e935c6db4d"}
[2026-06-03 17:21:44] [RESPOSTA] {"http_code":202,"response":"{\"received\":true,\"traceId\":\"019e8e81-61ee-7d32-b0d8-4f4b8aaf363e\"}","curl_err":null,"orderId":"vpa7360667"}
[2026-06-03 14:21:51] [PAYLOAD_ENVIADO] {"orderId":"vpalwo5jwl","amount":6584,"status":"waiting_payment","utm_source":"","token":"41f6c466-fcdf-4b03-bf1f-99e935c6db4d"}
[2026-06-03 14:21:51] [RESPOSTA] {"http_code":202,"response":"{\"received\":true,\"traceId\":\"019e8e81-7e0f-7113-bddb-633bf1d67b11\"}","curl_err":null,"orderId":"vpalwo5jwl"}
[2026-06-03 14:21:55] [PAYLOAD_ENVIADO] {"orderId":"vpa5n463nd","amount":6584,"status":"waiting_payment","utm_source":"","token":"41f6c466-fcdf-4b03-bf1f-99e935c6db4d"}
[2026-06-03 14:21:55] [RESPOSTA] {"http_code":202,"response":"{\"received\":true,\"traceId\":\"019e8e81-8bfb-73ea-a35c-799c893d1b2c\"}","curl_err":null,"orderId":"vpa5n463nd"}
[2026-06-03 14:21:55] [PAYLOAD_ENVIADO] {"orderId":"vpaeo6pwo7","amount":6584,"status":"waiting_payment","utm_source":"","token":"41f6c466-fcdf-4b03-bf1f-99e935c6db4d"}
[2026-06-03 14:21:55] [RESPOSTA] {"http_code":202,"response":"{\"received\":true,\"traceId\":\"019e8e81-8e78-7744-895a-a79f14fdb381\"}","curl_err":null,"orderId":"vpaeo6pwo7"}
[2026-06-03 17:21:56] [PAYLOAD_ENVIADO] {"orderId":"vpar3wjwrw","amount":6584,"status":"paid","utm_source":"","token":"41f6c466-fcdf-4b03-bf1f-99e935c6db4d"}
[2026-06-03 17:21:56] [RESPOSTA] {"http_code":202,"response":"{\"received\":true,\"traceId\":\"019e8e81-91a8-79e2-b96a-3ef63586390a\"}","curl_err":null,"orderId":"vpar3wjwrw"}
[2026-06-03 14:22:02] [PAYLOAD_ENVIADO] {"orderId":"vpa6ve60v2","amount":6584,"status":"waiting_payment","utm_source":"","token":"41f6c466-fcdf-4b03-bf1f-99e935c6db4d"}
[2026-06-03 14:22:02] [RESPOSTA] {"http_code":202,"response":"{\"received\":true,\"traceId\":\"019e8e81-a6cf-7ec7-94fe-0b6526fe3fe8\"}","curl_err":null,"orderId":"vpa6ve60v2"}
[2026-06-03 14:22:02] [PAYLOAD_ENVIADO] {"orderId":"vpa3p083p7","amount":6584,"status":"waiting_payment","utm_source":"","token":"41f6c466-fcdf-4b03-bf1f-99e935c6db4d"}
[2026-06-03 14:22:02] [RESPOSTA] {"http_code":202,"response":"{\"received\":true,\"traceId\":\"019e8e81-a8d0-7e63-b5b5-1be9e7f48e23\"}","curl_err":null,"orderId":"vpa3p083p7"}
[2026-06-03 14:22:06] [PAYLOAD_ENVIADO] {"orderId":"vpay0vdp02","amount":6584,"status":"waiting_payment","utm_source":"","token":"41f6c466-fcdf-4b03-bf1f-99e935c6db4d"}
[2026-06-03 14:22:07] [RESPOSTA] {"http_code":202,"response":"{\"received\":true,\"traceId\":\"019e8e81-ba25-78da-a3a0-0d92b5d29549\"}","curl_err":null,"orderId":"vpay0vdp02"}
[2026-06-03 17:22:32] [PAYLOAD_ENVIADO] {"orderId":"vpadregemz","amount":6584,"status":"paid","utm_source":"","token":"41f6c466-fcdf-4b03-bf1f-99e935c6db4d"}
[2026-06-03 17:22:32] [RESPOSTA] {"http_code":202,"response":"{\"received\":true,\"traceId\":\"019e8e82-1d1d-72ed-9d97-1df4e813fd4e\"}","curl_err":null,"orderId":"vpadregemz"}
[2026-06-03 14:22:34] [PAYLOAD_ENVIADO] {"orderId":"vpa5n4630d","amount":6584,"status":"waiting_payment","utm_source":"","token":"41f6c466-fcdf-4b03-bf1f-99e935c6db4d"}
[2026-06-03 14:22:34] [RESPOSTA] {"http_code":202,"response":"{\"received\":true,\"traceId\":\"019e8e82-23ee-7a00-882c-e308ef8f6f66\"}","curl_err":null,"orderId":"vpa5n4630d"}
[2026-06-03 14:22:34] [PAYLOAD_ENVIADO] {"orderId":"vpaeo6pwk7","amount":6584,"status":"waiting_payment","utm_source":"","token":"41f6c466-fcdf-4b03-bf1f-99e935c6db4d"}
[2026-06-03 14:22:34] [RESPOSTA] {"http_code":202,"response":"{\"received\":true,\"traceId\":\"019e8e82-2734-76a8-bc4a-1835bb7d1f3d\"}","curl_err":null,"orderId":"vpaeo6pwk7"}
[2026-06-03 14:22:36] [PAYLOAD_ENVIADO] {"orderId":"vpazp47z0r","amount":6584,"status":"waiting_payment","utm_source":"","token":"41f6c466-fcdf-4b03-bf1f-99e935c6db4d"}
[2026-06-03 14:22:36] [RESPOSTA] {"http_code":202,"response":"{\"received\":true,\"traceId\":\"019e8e82-2d55-72e3-9757-9663238a94a4\"}","curl_err":null,"orderId":"vpazp47z0r"}
[2026-06-03 14:22:40] [PAYLOAD_ENVIADO] {"orderId":"vpa6ve6032","amount":6584,"status":"waiting_payment","utm_source":"","token":"41f6c466-fcdf-4b03-bf1f-99e935c6db4d"}
[2026-06-03 14:22:40] [RESPOSTA] {"http_code":202,"response":"{\"received\":true,\"traceId\":\"019e8e82-3e4d-7aee-aa30-60ca36cfee96\"}","curl_err":null,"orderId":"vpa6ve6032"}
[2026-06-03 14:22:56] [PAYLOAD_ENVIADO] {"orderId":"vpakeplg34","amount":6584,"status":"waiting_payment","utm_source":"","token":"41f6c466-fcdf-4b03-bf1f-99e935c6db4d"}
[2026-06-03 14:22:56] [RESPOSTA] {"http_code":202,"response":"{\"received\":true,\"traceId\":\"019e8e82-7b20-705e-8b64-6705a096346a\"}","curl_err":null,"orderId":"vpakeplg34"}
[2026-06-03 14:22:58] [PAYLOAD_ENVIADO] {"orderId":"vpay0vdp82","amount":6584,"status":"waiting_payment","utm_source":"","token":"41f6c466-fcdf-4b03-bf1f-99e935c6db4d"}
[2026-06-03 14:22:59] [RESPOSTA] {"http_code":202,"response":"{\"received\":true,\"traceId\":\"019e8e82-8536-7765-8f10-74a1bb07cc66\"}","curl_err":null,"orderId":"vpay0vdp82"}
[2026-06-03 14:22:59] [PAYLOAD_ENVIADO] {"orderId":"vpam3r5e2g","amount":6584,"status":"waiting_payment","utm_source":"","token":"41f6c466-fcdf-4b03-bf1f-99e935c6db4d"}
[2026-06-03 14:22:59] [RESPOSTA] {"http_code":202,"response":"{\"received\":true,\"traceId\":\"019e8e82-8710-7575-89c7-92bc74890f4f\"}","curl_err":null,"orderId":"vpam3r5e2g"}
[2026-06-03 17:23:00] [PAYLOAD_ENVIADO] {"orderId":"vpa5n463nd","amount":6584,"status":"paid","utm_source":"","token":"41f6c466-fcdf-4b03-bf1f-99e935c6db4d"}
[2026-06-03 17:23:00] [RESPOSTA] {"http_code":202,"response":"{\"received\":true,\"traceId\":\"019e8e82-89e0-7227-991e-200fd166369d\"}","curl_err":null,"orderId":"vpa5n463nd"}
[2026-06-03 14:23:05] [PAYLOAD_ENVIADO] {"orderId":"vpa2318ngr","amount":6584,"status":"waiting_payment","utm_source":"","token":"41f6c466-fcdf-4b03-bf1f-99e935c6db4d"}
[2026-06-03 14:23:05] [RESPOSTA] {"http_code":202,"response":"{\"received\":true,\"traceId\":\"019e8e82-9fcc-7c79-b011-52c48958cc11\"}","curl_err":null,"orderId":"vpa2318ngr"}
[2026-06-03 14:23:19] [PAYLOAD_ENVIADO] {"orderId":"vpa5n463pd","amount":6584,"status":"waiting_payment","utm_source":"","token":"41f6c466-fcdf-4b03-bf1f-99e935c6db4d"}
[2026-06-03 14:23:19] [RESPOSTA] {"http_code":202,"response":"{\"received\":true,\"traceId\":\"019e8e82-d3fc-7d9b-80d1-a045e24d63d9\"}","curl_err":null,"orderId":"vpa5n463pd"}
[2026-06-03 17:23:22] [PAYLOAD_ENVIADO] {"orderId":"vpay0vdpp2","amount":6584,"status":"paid","utm_source":"","token":"41f6c466-fcdf-4b03-bf1f-99e935c6db4d"}
[2026-06-03 17:23:22] [RESPOSTA] {"http_code":202,"response":"{\"received\":true,\"traceId\":\"019e8e82-e10e-71bc-9118-b0fb589b4e23\"}","curl_err":null,"orderId":"vpay0vdpp2"}
[2026-06-03 14:23:30] [PAYLOAD_ENVIADO] {"orderId":"vpa8l8kde5","amount":6584,"status":"waiting_payment","utm_source":"","token":"41f6c466-fcdf-4b03-bf1f-99e935c6db4d"}
[2026-06-03 14:23:30] [RESPOSTA] {"http_code":202,"response":"{\"received\":true,\"traceId\":\"019e8e82-ff15-7e96-b875-a66b5e08cd56\"}","curl_err":null,"orderId":"vpa8l8kde5"}
[2026-06-03 14:23:49] [PAYLOAD_ENVIADO] {"orderId":"vpag4dole5","amount":6584,"status":"waiting_payment","utm_source":"","token":"41f6c466-fcdf-4b03-bf1f-99e935c6db4d"}
[2026-06-03 14:23:49] [RESPOSTA] {"http_code":202,"response":"{\"received\":true,\"traceId\":\"019e8e83-48db-79e2-a9ac-9fd5089831f9\"}","curl_err":null,"orderId":"vpag4dole5"}
[2026-06-03 14:23:53] [PAYLOAD_ENVIADO] {"orderId":"vpa2318n63","amount":6584,"status":"waiting_payment","utm_source":"","token":"41f6c466-fcdf-4b03-bf1f-99e935c6db4d"}
[2026-06-03 14:23:53] [RESPOSTA] {"http_code":202,"response":"{\"received\":true,\"traceId\":\"019e8e83-591b-7f99-b60a-1eb6b5e621be\"}","curl_err":null,"orderId":"vpa2318n63"}
[2026-06-03 14:23:58] [PAYLOAD_ENVIADO] {"orderId":"vpankl5nw3","amount":6584,"status":"waiting_payment","utm_source":"","token":"41f6c466-fcdf-4b03-bf1f-99e935c6db4d"}
[2026-06-03 14:23:58] [RESPOSTA] {"http_code":202,"response":"{\"received\":true,\"traceId\":\"019e8e83-6f07-711f-ab3c-9dcddb85fce8\"}","curl_err":null,"orderId":"vpankl5nw3"}
[2026-06-03 14:23:59] [PAYLOAD_ENVIADO] {"orderId":"vpaprz5k17","amount":6584,"status":"waiting_payment","utm_source":"","token":"41f6c466-fcdf-4b03-bf1f-99e935c6db4d"}
[2026-06-03 14:23:59] [RESPOSTA] {"http_code":202,"response":"{\"received\":true,\"traceId\":\"019e8e83-7031-7d26-8fe3-711044c7e9a5\"}","curl_err":null,"orderId":"vpaprz5k17"}
[2026-06-03 14:24:02] [PAYLOAD_ENVIADO] {"orderId":"vpaon5k8e7","amount":6584,"status":"waiting_payment","utm_source":"","token":"41f6c466-fcdf-4b03-bf1f-99e935c6db4d"}
[2026-06-03 14:24:02] [RESPOSTA] {"http_code":202,"response":"{\"received\":true,\"traceId\":\"019e8e83-7cd2-75ac-8872-6b70ca34953d\"}","curl_err":null,"orderId":"vpaon5k8e7"}
[2026-06-03 14:24:26] [PAYLOAD_ENVIADO] {"orderId":"vpakeplgm7","amount":6584,"status":"waiting_payment","utm_source":"","token":"41f6c466-fcdf-4b03-bf1f-99e935c6db4d"}
[2026-06-03 14:24:26] [RESPOSTA] {"http_code":202,"response":"{\"received\":true,\"traceId\":\"019e8e83-d99b-763d-bd03-83befda7d595\"}","curl_err":null,"orderId":"vpakeplgm7"}
[2026-06-03 14:24:27] [PAYLOAD_ENVIADO] {"orderId":"vpay0vdpz3","amount":6584,"status":"waiting_payment","utm_source":"","token":"41f6c466-fcdf-4b03-bf1f-99e935c6db4d"}
[2026-06-03 14:24:27] [RESPOSTA] {"http_code":202,"response":"{\"received\":true,\"traceId\":\"019e8e83-dfec-7dff-aae3-0c0940ba6edf\"}","curl_err":null,"orderId":"vpay0vdpz3"}
[2026-06-03 14:24:31] [PAYLOAD_ENVIADO] {"orderId":"vpaje2vmrm","amount":6584,"status":"waiting_payment","utm_source":"","token":"41f6c466-fcdf-4b03-bf1f-99e935c6db4d"}
[2026-06-03 14:24:31] [RESPOSTA] {"http_code":202,"response":"{\"received\":true,\"traceId\":\"019e8e83-eecc-7528-b613-e8b32f2af0d8\"}","curl_err":null,"orderId":"vpaje2vmrm"}
[2026-06-03 14:24:36] [PAYLOAD_ENVIADO] {"orderId":"vpa1mn8kge","amount":6584,"status":"waiting_payment","utm_source":"","token":"41f6c466-fcdf-4b03-bf1f-99e935c6db4d"}
[2026-06-03 14:24:36] [RESPOSTA] {"http_code":202,"response":"{\"received\":true,\"traceId\":\"019e8e84-03d0-7ba1-a193-ef7660df9045\"}","curl_err":null,"orderId":"vpa1mn8kge"}
[2026-06-03 14:24:37] [PAYLOAD_ENVIADO] {"orderId":"vpaon5k877","amount":6584,"status":"waiting_payment","utm_source":"","token":"41f6c466-fcdf-4b03-bf1f-99e935c6db4d"}
[2026-06-03 14:24:37] [RESPOSTA] {"http_code":202,"response":"{\"received\":true,\"traceId\":\"019e8e84-0595-79dd-ae29-769f2d3750c0\"}","curl_err":null,"orderId":"vpaon5k877"}
[2026-06-03 14:24:40] [PAYLOAD_ENVIADO] {"orderId":"vpa0nj8kmv","amount":6584,"status":"waiting_payment","utm_source":"","token":"41f6c466-fcdf-4b03-bf1f-99e935c6db4d"}
[2026-06-03 14:24:40] [RESPOSTA] {"http_code":202,"response":"{\"received\":true,\"traceId\":\"019e8e84-136b-79db-b606-0fbf5e75334e\"}","curl_err":null,"orderId":"vpa0nj8kmv"}
[2026-06-03 14:24:44] [PAYLOAD_ENVIADO] {"orderId":"vpavpnw2z6","amount":6584,"status":"waiting_payment","utm_source":"","token":"41f6c466-fcdf-4b03-bf1f-99e935c6db4d"}
[2026-06-03 14:24:44] [RESPOSTA] {"http_code":202,"response":"{\"received\":true,\"traceId\":\"019e8e84-21d7-78a5-84f2-5a56b2372999\"}","curl_err":null,"orderId":"vpavpnw2z6"}
[2026-06-03 14:25:06] [PAYLOAD_ENVIADO] {"orderId":"vpawp15nwg","amount":6584,"status":"waiting_payment","utm_source":"","token":"41f6c466-fcdf-4b03-bf1f-99e935c6db4d"}
[2026-06-03 14:25:06] [RESPOSTA] {"http_code":202,"response":"{\"received\":true,\"traceId\":\"019e8e84-7663-7e72-a12c-da7512e9de6b\"}","curl_err":null,"orderId":"vpawp15nwg"}
[2026-06-03 14:25:06] [PAYLOAD_ENVIADO] {"orderId":"vpakeplgv7","amount":6584,"status":"waiting_payment","utm_source":"","token":"41f6c466-fcdf-4b03-bf1f-99e935c6db4d"}
[2026-06-03 14:25:06] [RESPOSTA] {"http_code":202,"response":"{\"received\":true,\"traceId\":\"019e8e84-7752-7801-975b-63aec7137751\"}","curl_err":null,"orderId":"vpakeplgv7"}
[2026-06-03 14:25:09] [PAYLOAD_ENVIADO] {"orderId":"vpam3r5e8n","amount":6584,"status":"waiting_payment","utm_source":"","token":"41f6c466-fcdf-4b03-bf1f-99e935c6db4d"}
[2026-06-03 14:25:09] [RESPOSTA] {"http_code":202,"response":"{\"received\":true,\"traceId\":\"019e8e84-82ec-7966-8bdd-1d8592b5875b\"}","curl_err":null,"orderId":"vpam3r5e8n"}
[2026-06-03 14:25:13] [PAYLOAD_ENVIADO] {"orderId":"vpag4dolvd","amount":6584,"status":"waiting_payment","utm_source":"","token":"41f6c466-fcdf-4b03-bf1f-99e935c6db4d"}
[2026-06-03 14:25:13] [RESPOSTA] {"http_code":202,"response":"{\"received\":true,\"traceId\":\"019e8e84-913e-701c-a264-4d61e251a0e3\"}","curl_err":null,"orderId":"vpag4dolvd"}
[2026-06-03 17:25:25] [PAYLOAD_ENVIADO] {"orderId":"vpa3p0n041","amount":6584,"status":"paid","utm_source":"","token":"41f6c466-fcdf-4b03-bf1f-99e935c6db4d"}
[2026-06-03 17:25:25] [RESPOSTA] {"http_code":202,"response":"{\"received\":true,\"traceId\":\"019e8e84-c144-7292-9961-6b2b7b26056a\"}","curl_err":null,"orderId":"vpa3p0n041"}
[2026-06-03 14:25:31] [PAYLOAD_ENVIADO] {"orderId":"vpa2318n43","amount":6584,"status":"waiting_payment","utm_source":"","token":"41f6c466-fcdf-4b03-bf1f-99e935c6db4d"}
[2026-06-03 14:25:31] [RESPOSTA] {"http_code":202,"response":"{\"received\":true,\"traceId\":\"019e8e84-d746-74b7-a9eb-f60643d95dca\"}","curl_err":null,"orderId":"vpa2318n43"}
[2026-06-03 14:25:34] [PAYLOAD_ENVIADO] {"orderId":"vpaprz5kp7","amount":6584,"status":"waiting_payment","utm_source":"","token":"41f6c466-fcdf-4b03-bf1f-99e935c6db4d"}
[2026-06-03 14:25:34] [RESPOSTA] {"http_code":202,"response":"{\"received\":true,\"traceId\":\"019e8e84-e60d-7bf5-902c-83257124939d\"}","curl_err":null,"orderId":"vpaprz5kp7"}
[2026-06-03 14:25:40] [PAYLOAD_ENVIADO] {"orderId":"vpa0nj8kvv","amount":6584,"status":"waiting_payment","utm_source":"","token":"41f6c466-fcdf-4b03-bf1f-99e935c6db4d"}
[2026-06-03 14:25:40] [RESPOSTA] {"http_code":202,"response":"{\"received\":true,\"traceId\":\"019e8e84-fdb5-73e0-9fa3-e90970fd11f1\"}","curl_err":null,"orderId":"vpa0nj8kvv"}
[2026-06-03 14:25:42] [PAYLOAD_ENVIADO] {"orderId":"vpavpnw2j6","amount":6584,"status":"waiting_payment","utm_source":"","token":"41f6c466-fcdf-4b03-bf1f-99e935c6db4d"}
[2026-06-03 14:25:42] [RESPOSTA] {"http_code":202,"response":"{\"received\":true,\"traceId\":\"019e8e85-0542-783b-a3dc-f07d97cace0d\"}","curl_err":null,"orderId":"vpavpnw2j6"}
[2026-06-03 14:25:45] [PAYLOAD_ENVIADO] {"orderId":"vpa5n463vm","amount":6584,"status":"waiting_payment","utm_source":"","token":"41f6c466-fcdf-4b03-bf1f-99e935c6db4d"}
[2026-06-03 14:25:45] [RESPOSTA] {"http_code":202,"response":"{\"received\":true,\"traceId\":\"019e8e85-109a-7a91-b0cc-1ddc035a735d\"}","curl_err":null,"orderId":"vpa5n463vm"}
[2026-06-03 14:25:55] [PAYLOAD_ENVIADO] {"orderId":"vpa3p083e6","amount":6584,"status":"waiting_payment","utm_source":"","token":"41f6c466-fcdf-4b03-bf1f-99e935c6db4d"}
[2026-06-03 14:25:55] [RESPOSTA] {"http_code":202,"response":"{\"received\":true,\"traceId\":\"019e8e85-36c7-7c31-bc6d-ca1dce2a4eae\"}","curl_err":null,"orderId":"vpa3p083e6"}
[2026-06-03 14:26:05] [PAYLOAD_ENVIADO] {"orderId":"vpag4dolwd","amount":6584,"status":"waiting_payment","utm_source":"","token":"41f6c466-fcdf-4b03-bf1f-99e935c6db4d"}
[2026-06-03 14:26:05] [RESPOSTA] {"http_code":202,"response":"{\"received\":true,\"traceId\":\"019e8e85-5e9c-7acf-928b-aabf0a6e08c2\"}","curl_err":null,"orderId":"vpag4dolwd"}
[2026-06-03 14:26:08] [PAYLOAD_ENVIADO] {"orderId":"vpa2318nk3","amount":6584,"status":"waiting_payment","utm_source":"","token":"41f6c466-fcdf-4b03-bf1f-99e935c6db4d"}
[2026-06-03 14:26:08] [RESPOSTA] {"http_code":202,"response":"{\"received\":true,\"traceId\":\"019e8e85-69ca-7cf6-b91d-df25c2cabaec\"}","curl_err":null,"orderId":"vpa2318nk3"}
[2026-06-03 14:26:10] [PAYLOAD_ENVIADO] {"orderId":"vpankl5no3","amount":6584,"status":"waiting_payment","utm_source":"","token":"41f6c466-fcdf-4b03-bf1f-99e935c6db4d"}
[2026-06-03 14:26:10] [RESPOSTA] {"http_code":202,"response":"{\"received\":true,\"traceId\":\"019e8e85-6ff3-71ac-90cd-473ff0914526\"}","curl_err":null,"orderId":"vpankl5no3"}
[2026-06-03 14:26:23] [PAYLOAD_ENVIADO] {"orderId":"vpar3wz8oo","amount":6584,"status":"waiting_payment","utm_source":"","token":"41f6c466-fcdf-4b03-bf1f-99e935c6db4d"}
[2026-06-03 14:26:23] [RESPOSTA] {"http_code":202,"response":"{\"received\":true,\"traceId\":\"019e8e85-a33f-7cd2-ae80-5a592d96b0c3\"}","curl_err":null,"orderId":"vpar3wz8oo"}
[2026-06-03 14:26:26] [PAYLOAD_ENVIADO] {"orderId":"vpa4nv638g","amount":6584,"status":"waiting_payment","utm_source":"","token":"41f6c466-fcdf-4b03-bf1f-99e935c6db4d"}
[2026-06-03 14:26:26] [RESPOSTA] {"http_code":202,"response":"{\"received\":true,\"traceId\":\"019e8e85-afce-7c90-9fe3-b135aab60831\"}","curl_err":null,"orderId":"vpa4nv638g"}
[2026-06-03 17:26:31] [PAYLOAD_ENVIADO] {"orderId":"vpa8l8kde5","amount":6584,"status":"paid","utm_source":"","token":"41f6c466-fcdf-4b03-bf1f-99e935c6db4d"}
[2026-06-03 17:26:31] [RESPOSTA] {"http_code":202,"response":"{\"received\":true,\"traceId\":\"019e8e85-c4b0-7457-a594-77a14d38517b\"}","curl_err":null,"orderId":"vpa8l8kde5"}
[2026-06-03 14:26:35] [PAYLOAD_ENVIADO] {"orderId":"vpa3p08316","amount":6584,"status":"waiting_payment","utm_source":"","token":"41f6c466-fcdf-4b03-bf1f-99e935c6db4d"}
[2026-06-03 14:26:35] [RESPOSTA] {"http_code":202,"response":"{\"received\":true,\"traceId\":\"019e8e85-d254-73f8-972d-3f5aff8d1c54\"}","curl_err":null,"orderId":"vpa3p08316"}
[2026-06-03 14:26:39] [PAYLOAD_ENVIADO] {"orderId":"vpa736dl4z","amount":6584,"status":"waiting_payment","utm_source":"","token":"41f6c466-fcdf-4b03-bf1f-99e935c6db4d"}
[2026-06-03 14:26:39] [RESPOSTA] {"http_code":202,"response":"{\"received\":true,\"traceId\":\"019e8e85-e455-7a09-8cec-8ea62b8f4ed6\"}","curl_err":null,"orderId":"vpa736dl4z"}
[2026-06-03 14:27:01] [PAYLOAD_ENVIADO] {"orderId":"vpa2318noj","amount":6584,"status":"waiting_payment","utm_source":"","token":"41f6c466-fcdf-4b03-bf1f-99e935c6db4d"}
[2026-06-03 14:27:01] [RESPOSTA] {"http_code":202,"response":"{\"received\":true,\"traceId\":\"019e8e86-398b-7172-9c3c-0e44da11071b\"}","curl_err":null,"orderId":"vpa2318noj"}
[2026-06-03 17:27:16] [PAYLOAD_ENVIADO] {"orderId":"vpag4dolwd","amount":6584,"status":"paid","utm_source":"","token":"41f6c466-fcdf-4b03-bf1f-99e935c6db4d"}
[2026-06-03 17:27:16] [RESPOSTA] {"http_code":202,"response":"{\"received\":true,\"traceId\":\"019e8e86-7269-7155-b859-fe181d4fe523\"}","curl_err":null,"orderId":"vpag4dolwd"}
[2026-06-03 14:27:18] [PAYLOAD_ENVIADO] {"orderId":"vpa5n4637z","amount":6584,"status":"waiting_payment","utm_source":"","token":"41f6c466-fcdf-4b03-bf1f-99e935c6db4d"}
[2026-06-03 14:27:18] [RESPOSTA] {"http_code":202,"response":"{\"received\":true,\"traceId\":\"019e8e86-7ad7-7dff-b7b7-66d1f8407e15\"}","curl_err":null,"orderId":"vpa5n4637z"}
[2026-06-03 17:27:22] [PAYLOAD_ENVIADO] {"orderId":"vpa3p08316","amount":6584,"status":"paid","utm_source":"","token":"41f6c466-fcdf-4b03-bf1f-99e935c6db4d"}
[2026-06-03 17:27:22] [RESPOSTA] {"http_code":202,"response":"{\"received\":true,\"traceId\":\"019e8e86-8a83-79fa-b1e7-eefc9ade1607\"}","curl_err":null,"orderId":"vpa3p08316"}
[2026-06-03 14:27:24] [PAYLOAD_ENVIADO] {"orderId":"vpa3p083oy","amount":6584,"status":"waiting_payment","utm_source":"","token":"41f6c466-fcdf-4b03-bf1f-99e935c6db4d"}
[2026-06-03 14:27:24] [RESPOSTA] {"http_code":202,"response":"{\"received\":true,\"traceId\":\"019e8e86-91ad-7b12-9151-fe420aa37e55\"}","curl_err":null,"orderId":"vpa3p083oy"}
[2026-06-03 14:27:24] [PAYLOAD_ENVIADO] {"orderId":"vpa8l8kdg6","amount":6584,"status":"waiting_payment","utm_source":"","token":"41f6c466-fcdf-4b03-bf1f-99e935c6db4d"}
[2026-06-03 14:27:24] [RESPOSTA] {"http_code":202,"response":"{\"received\":true,\"traceId\":\"019e8e86-92c6-7020-9404-206b888d097d\"}","curl_err":null,"orderId":"vpa8l8kdg6"}
[2026-06-03 14:27:50] [PAYLOAD_ENVIADO] {"orderId":"vpaprz5kve","amount":6584,"status":"waiting_payment","utm_source":"","token":"41f6c466-fcdf-4b03-bf1f-99e935c6db4d"}
[2026-06-03 14:27:50] [RESPOSTA] {"http_code":202,"response":"{\"received\":true,\"traceId\":\"019e8e86-f6b8-7b51-80d3-9aa02c2c38e5\"}","curl_err":null,"orderId":"vpaprz5kve"}
[2026-06-03 14:27:53] [PAYLOAD_ENVIADO] {"orderId":"vpa1mn8kl4","amount":6584,"status":"waiting_payment","utm_source":"","token":"41f6c466-fcdf-4b03-bf1f-99e935c6db4d"}
[2026-06-03 14:27:53] [RESPOSTA] {"http_code":202,"response":"{\"received\":true,\"traceId\":\"019e8e87-034a-7e06-910e-6768ffc65d7a\"}","curl_err":null,"orderId":"vpa1mn8kl4"}
[2026-06-03 14:28:05] [PAYLOAD_ENVIADO] {"orderId":"vpa0nj8kle","amount":6584,"status":"waiting_payment","utm_source":"","token":"41f6c466-fcdf-4b03-bf1f-99e935c6db4d"}
[2026-06-03 14:28:05] [RESPOSTA] {"http_code":202,"response":"{\"received\":true,\"traceId\":\"019e8e87-330a-7f4d-a335-8973450c4781\"}","curl_err":null,"orderId":"vpa0nj8kle"}
[2026-06-03 14:28:12] [PAYLOAD_ENVIADO] {"orderId":"vpazp47zrn","amount":6584,"status":"waiting_payment","utm_source":"","token":"41f6c466-fcdf-4b03-bf1f-99e935c6db4d"}
[2026-06-03 14:28:12] [RESPOSTA] {"http_code":202,"response":"{\"received\":true,\"traceId\":\"019e8e87-4e20-7b04-a8db-0d87ea8e9523\"}","curl_err":null,"orderId":"vpazp47zrn"}
[2026-06-03 14:28:15] [PAYLOAD_ENVIADO] {"orderId":"vpa6ve607m","amount":6584,"status":"waiting_payment","utm_source":"","token":"41f6c466-fcdf-4b03-bf1f-99e935c6db4d"}
[2026-06-03 14:28:15] [RESPOSTA] {"http_code":202,"response":"{\"received\":true,\"traceId\":\"019e8e87-5838-7400-878e-953ebda6d201\"}","curl_err":null,"orderId":"vpa6ve607m"}
[2026-06-03 14:28:17] [PAYLOAD_ENVIADO] {"orderId":"vpa3p083dy","amount":6584,"status":"waiting_payment","utm_source":"","token":"41f6c466-fcdf-4b03-bf1f-99e935c6db4d"}
[2026-06-03 14:28:17] [RESPOSTA] {"http_code":202,"response":"{\"received\":true,\"traceId\":\"019e8e87-61a8-7980-8c3d-44a36a2be725\"}","curl_err":null,"orderId":"vpa3p083dy"}
[2026-06-03 14:28:22] [PAYLOAD_ENVIADO] {"orderId":"vpawp15n3z","amount":6584,"status":"waiting_payment","utm_source":"","token":"41f6c466-fcdf-4b03-bf1f-99e935c6db4d"}
[2026-06-03 14:28:22] [RESPOSTA] {"http_code":202,"response":"{\"received\":true,\"traceId\":\"019e8e87-7529-7d6f-8216-b17b964955fa\"}","curl_err":null,"orderId":"vpawp15n3z"}
[2026-06-03 14:28:27] [PAYLOAD_ENVIADO] {"orderId":"vpay0vdpe0","amount":6584,"status":"waiting_payment","utm_source":"","token":"41f6c466-fcdf-4b03-bf1f-99e935c6db4d"}
[2026-06-03 14:28:27] [RESPOSTA] {"http_code":202,"response":"{\"received\":true,\"traceId\":\"019e8e87-8950-719c-bb3c-d4842f2cee4c\"}","curl_err":null,"orderId":"vpay0vdpe0"}
[2026-06-03 14:28:31] [PAYLOAD_ENVIADO] {"orderId":"vpag4dolze","amount":6584,"status":"waiting_payment","utm_source":"","token":"41f6c466-fcdf-4b03-bf1f-99e935c6db4d"}
[2026-06-03 14:28:31] [RESPOSTA] {"http_code":202,"response":"{\"received\":true,\"traceId\":\"019e8e87-9790-79b3-8cef-bf93c799cd71\"}","curl_err":null,"orderId":"vpag4dolze"}
[2026-06-03 14:28:34] [PAYLOAD_ENVIADO] {"orderId":"vpaje2vmzy","amount":6584,"status":"waiting_payment","utm_source":"","token":"41f6c466-fcdf-4b03-bf1f-99e935c6db4d"}
[2026-06-03 14:28:34] [RESPOSTA] {"http_code":202,"response":"{\"received\":true,\"traceId\":\"019e8e87-a53a-7f93-9089-b850bb1be1d3\"}","curl_err":null,"orderId":"vpaje2vmzy"}
[2026-06-03 17:28:35] [PAYLOAD_ENVIADO] {"orderId":"vpam3r5e2g","amount":6584,"status":"paid","utm_source":"","token":"41f6c466-fcdf-4b03-bf1f-99e935c6db4d"}
[2026-06-03 17:28:35] [RESPOSTA] {"http_code":202,"response":"{\"received\":true,\"traceId\":\"019e8e87-a70e-7ab1-8253-cc93c957bda4\"}","curl_err":null,"orderId":"vpam3r5e2g"}
[2026-06-03 14:28:35] [PAYLOAD_ENVIADO] {"orderId":"vpa2318nyj","amount":6584,"status":"waiting_payment","utm_source":"","token":"41f6c466-fcdf-4b03-bf1f-99e935c6db4d"}
[2026-06-03 14:28:35] [RESPOSTA] {"http_code":202,"response":"{\"received\":true,\"traceId\":\"019e8e87-a8d4-76c1-93e6-7715c99b3f98\"}","curl_err":null,"orderId":"vpa2318nyj"}
[2026-06-03 14:28:38] [PAYLOAD_ENVIADO] {"orderId":"vpankl5nye","amount":6584,"status":"waiting_payment","utm_source":"","token":"41f6c466-fcdf-4b03-bf1f-99e935c6db4d"}
[2026-06-03 14:28:38] [RESPOSTA] {"http_code":202,"response":"{\"received\":true,\"traceId\":\"019e8e87-b217-71b8-b78e-484f5719d282\"}","curl_err":null,"orderId":"vpankl5nye"}
[2026-06-03 14:28:51] [PAYLOAD_ENVIADO] {"orderId":"vpalwo5jzr","amount":6584,"status":"waiting_payment","utm_source":"","token":"41f6c466-fcdf-4b03-bf1f-99e935c6db4d"}
[2026-06-03 14:28:51] [RESPOSTA] {"http_code":202,"response":"{\"received\":true,\"traceId\":\"019e8e87-e599-7005-b649-419613edbafd\"}","curl_err":null,"orderId":"vpalwo5jzr"}
[2026-06-03 14:28:57] [PAYLOAD_ENVIADO] {"orderId":"vpazp47z6n","amount":6584,"status":"waiting_payment","utm_source":"","token":"41f6c466-fcdf-4b03-bf1f-99e935c6db4d"}
[2026-06-03 14:28:57] [RESPOSTA] {"http_code":202,"response":"{\"received\":true,\"traceId\":\"019e8e87-fd40-7b6c-9fa6-1c2c884caa99\"}","curl_err":null,"orderId":"vpazp47z6n"}
[2026-06-03 14:28:57] [PAYLOAD_ENVIADO] {"orderId":"vpa6ve602m","amount":6584,"status":"waiting_payment","utm_source":"","token":"41f6c466-fcdf-4b03-bf1f-99e935c6db4d"}
[2026-06-03 14:28:57] [RESPOSTA] {"http_code":202,"response":"{\"received\":true,\"traceId\":\"019e8e87-ff6f-7c84-80a9-ad9304e4d06f\"}","curl_err":null,"orderId":"vpa6ve602m"}
[2026-06-03 14:29:06] [PAYLOAD_ENVIADO] {"orderId":"vpawp15ndz","amount":6584,"status":"waiting_payment","utm_source":"","token":"41f6c466-fcdf-4b03-bf1f-99e935c6db4d"}
[2026-06-03 14:29:06] [RESPOSTA] {"http_code":202,"response":"{\"received\":true,\"traceId\":\"019e8e88-1f08-7a9a-941f-a342370ec15c\"}","curl_err":null,"orderId":"vpawp15ndz"}
[2026-06-03 14:29:08] [PAYLOAD_ENVIADO] {"orderId":"vpakeplgzp","amount":6584,"status":"waiting_payment","utm_source":"","token":"41f6c466-fcdf-4b03-bf1f-99e935c6db4d"}
[2026-06-03 14:29:09] [RESPOSTA] {"http_code":202,"response":"{\"received\":true,\"traceId\":\"019e8e88-2a88-70b1-ab14-4b559adf7507\"}","curl_err":null,"orderId":"vpakeplgzp"}
[2026-06-03 14:29:11] [PAYLOAD_ENVIADO] {"orderId":"vpay0vdpj0","amount":6584,"status":"waiting_payment","utm_source":"","token":"41f6c466-fcdf-4b03-bf1f-99e935c6db4d"}
[2026-06-03 14:29:11] [RESPOSTA] {"http_code":202,"response":"{\"received\":true,\"traceId\":\"019e8e88-32be-7ed5-820f-ad604358ba11\"}","curl_err":null,"orderId":"vpay0vdpj0"}
[2026-06-03 14:29:16] [PAYLOAD_ENVIADO] {"orderId":"vpa2318n0j","amount":6584,"status":"waiting_payment","utm_source":"","token":"41f6c466-fcdf-4b03-bf1f-99e935c6db4d"}
[2026-06-03 14:29:16] [RESPOSTA] {"http_code":202,"response":"{\"received\":true,\"traceId\":\"019e8e88-4770-7986-9eea-f26042db5362\"}","curl_err":null,"orderId":"vpa2318n0j"}
[2026-06-03 14:29:24] [PAYLOAD_ENVIADO] {"orderId":"vpaon5k86z","amount":6584,"status":"waiting_payment","utm_source":"","token":"41f6c466-fcdf-4b03-bf1f-99e935c6db4d"}
[2026-06-03 14:29:24] [RESPOSTA] {"http_code":202,"response":"{\"received\":true,\"traceId\":\"019e8e88-659d-752c-b85d-9328a7dc02ad\"}","curl_err":null,"orderId":"vpaon5k86z"}
[2026-06-03 14:29:27] [PAYLOAD_ENVIADO] {"orderId":"vpa0nj8k1e","amount":6584,"status":"waiting_payment","utm_source":"","token":"41f6c466-fcdf-4b03-bf1f-99e935c6db4d"}
[2026-06-03 14:29:27] [RESPOSTA] {"http_code":202,"response":"{\"received\":true,\"traceId\":\"019e8e88-71f5-7cb2-aec4-41f54f24f2de\"}","curl_err":null,"orderId":"vpa0nj8k1e"}
[2026-06-03 14:29:41] [PAYLOAD_ENVIADO] {"orderId":"vpa4nv63y6","amount":6584,"status":"waiting_payment","utm_source":"","token":"41f6c466-fcdf-4b03-bf1f-99e935c6db4d"}
[2026-06-03 14:29:41] [RESPOSTA] {"http_code":202,"response":"{\"received\":true,\"traceId\":\"019e8e88-a9da-72be-a01f-15d256b68807\"}","curl_err":null,"orderId":"vpa4nv63y6"}
[2026-06-03 17:29:41] [PAYLOAD_ENVIADO] {"orderId":"vpa0nj8kle","amount":6584,"status":"paid","utm_source":"","token":"41f6c466-fcdf-4b03-bf1f-99e935c6db4d"}
[2026-06-03 17:29:41] [RESPOSTA] {"http_code":202,"response":"{\"received\":true,\"traceId\":\"019e8e88-aad2-765e-82f4-049f14dac54d\"}","curl_err":null,"orderId":"vpa0nj8kle"}
[2026-06-03 14:29:47] [PAYLOAD_ENVIADO] {"orderId":"vpaeo6pwn4","amount":6584,"status":"waiting_payment","utm_source":"","token":"41f6c466-fcdf-4b03-bf1f-99e935c6db4d"}
[2026-06-03 14:29:47] [RESPOSTA] {"http_code":202,"response":"{\"received\":true,\"traceId\":\"019e8e88-bf19-78cf-9998-a7f70d58919d\"}","curl_err":null,"orderId":"vpaeo6pwn4"}
[2026-06-03 14:29:59] [PAYLOAD_ENVIADO] {"orderId":"vpadren823","amount":6584,"status":"waiting_payment","utm_source":"","token":"41f6c466-fcdf-4b03-bf1f-99e935c6db4d"}
[2026-06-03 14:29:59] [RESPOSTA] {"http_code":202,"response":"{\"received\":true,\"traceId\":\"019e8e88-f014-7c9a-82b9-9c17bdfb503b\"}","curl_err":null,"orderId":"vpadren823"}
[2026-06-03 14:30:05] [PAYLOAD_ENVIADO] {"orderId":"vpakeplg6p","amount":6584,"status":"waiting_payment","utm_source":"","token":"41f6c466-fcdf-4b03-bf1f-99e935c6db4d"}
[2026-06-03 14:30:05] [RESPOSTA] {"http_code":202,"response":"{\"received\":true,\"traceId\":\"019e8e89-056a-7838-b77d-95d97255bb8c\"}","curl_err":null,"orderId":"vpakeplg6p"}
[2026-06-03 14:30:06] [PAYLOAD_ENVIADO] {"orderId":"vpag4dolpe","amount":6584,"status":"waiting_payment","utm_source":"","token":"41f6c466-fcdf-4b03-bf1f-99e935c6db4d"}
[2026-06-03 14:30:06] [RESPOSTA] {"http_code":202,"response":"{\"received\":true,\"traceId\":\"019e8e89-0ab0-7aa5-a5e3-76d479d0f222\"}","curl_err":null,"orderId":"vpag4dolpe"}
[2026-06-03 14:30:06] [PAYLOAD_ENVIADO] {"orderId":"vpa736dl5l","amount":6584,"status":"waiting_payment","utm_source":"","token":"41f6c466-fcdf-4b03-bf1f-99e935c6db4d"}
[2026-06-03 14:30:06] [RESPOSTA] {"http_code":202,"response":"{\"received\":true,\"traceId\":\"019e8e89-0c3b-742b-b4c1-b7f8c5c023fb\"}","curl_err":null,"orderId":"vpa736dl5l"}
[2026-06-03 14:30:07] [PAYLOAD_ENVIADO] {"orderId":"vpam3r5e42","amount":6584,"status":"waiting_payment","utm_source":"","token":"41f6c466-fcdf-4b03-bf1f-99e935c6db4d"}
[2026-06-03 14:30:07] [RESPOSTA] {"http_code":202,"response":"{\"received\":true,\"traceId\":\"019e8e89-0e4f-72f1-a7bc-934b86c2b085\"}","curl_err":null,"orderId":"vpam3r5e42"}
[2026-06-03 17:30:13] [PAYLOAD_ENVIADO] {"orderId":"vpaprz5kve","amount":6584,"status":"paid","utm_source":"","token":"41f6c466-fcdf-4b03-bf1f-99e935c6db4d"}
[2026-06-03 17:30:13] [RESPOSTA] {"http_code":202,"response":"{\"received\":true,\"traceId\":\"019e8e89-2502-7480-8381-a433af4bd0c1\"}","curl_err":null,"orderId":"vpaprz5kve"}
[2026-06-03 14:30:39] [PAYLOAD_ENVIADO] {"orderId":"vpaprz5k86","amount":6584,"status":"waiting_payment","utm_source":"","token":"41f6c466-fcdf-4b03-bf1f-99e935c6db4d"}
[2026-06-03 14:30:39] [RESPOSTA] {"http_code":202,"response":"{\"received\":true,\"traceId\":\"019e8e89-8b44-7664-ba83-eb8303ee7f1f\"}","curl_err":null,"orderId":"vpaprz5k86"}
[2026-06-03 14:30:39] [PAYLOAD_ENVIADO] {"orderId":"vpa1mn8k33","amount":6584,"status":"waiting_payment","utm_source":"","token":"41f6c466-fcdf-4b03-bf1f-99e935c6db4d"}
[2026-06-03 14:30:39] [RESPOSTA] {"http_code":202,"response":"{\"received\":true,\"traceId\":\"019e8e89-8d50-7707-804a-a658dd3bcecf\"}","curl_err":null,"orderId":"vpa1mn8k33"}
[2026-06-03 14:30:50] [PAYLOAD_ENVIADO] {"orderId":"vpalwo5j4k","amount":6584,"status":"waiting_payment","utm_source":"","token":"41f6c466-fcdf-4b03-bf1f-99e935c6db4d"}
[2026-06-03 14:30:50] [RESPOSTA] {"http_code":202,"response":"{\"received\":true,\"traceId\":\"019e8e89-b5f8-736b-9ef3-326965aec60f\"}","curl_err":null,"orderId":"vpalwo5j4k"}
[2026-06-03 14:31:05] [PAYLOAD_ENVIADO] {"orderId":"vpaeo6pw2g","amount":6584,"status":"waiting_payment","utm_source":"","token":"41f6c466-fcdf-4b03-bf1f-99e935c6db4d"}
[2026-06-03 14:31:05] [RESPOSTA] {"http_code":202,"response":"{\"received\":true,\"traceId\":\"019e8e89-f0b5-78d4-af61-e488b8689043\"}","curl_err":null,"orderId":"vpaeo6pw2g"}
[2026-06-03 14:31:13] [PAYLOAD_ENVIADO] {"orderId":"vpa8l8kdrd","amount":6584,"status":"waiting_payment","utm_source":"","token":"41f6c466-fcdf-4b03-bf1f-99e935c6db4d"}
[2026-06-03 14:31:13] [RESPOSTA] {"http_code":202,"response":"{\"received\":true,\"traceId\":\"019e8e8a-12c6-77be-8453-2f3c5f141417\"}","curl_err":null,"orderId":"vpa8l8kdrd"}
[2026-06-03 14:31:17] [PAYLOAD_ENVIADO] {"orderId":"vpawp15nop","amount":6584,"status":"waiting_payment","utm_source":"","token":"41f6c466-fcdf-4b03-bf1f-99e935c6db4d"}
[2026-06-03 14:31:17] [RESPOSTA] {"http_code":202,"response":"{\"received\":true,\"traceId\":\"019e8e8a-1f5c-7d46-a37b-ae097a1e9640\"}","curl_err":null,"orderId":"vpawp15nop"}
[2026-06-03 14:31:24] [PAYLOAD_ENVIADO] {"orderId":"vpa736dl01","amount":6584,"status":"waiting_payment","utm_source":"","token":"41f6c466-fcdf-4b03-bf1f-99e935c6db4d"}
[2026-06-03 14:31:24] [RESPOSTA] {"http_code":202,"response":"{\"received\":true,\"traceId\":\"019e8e8a-3cd2-7978-a5ab-544a7303ebf4\"}","curl_err":null,"orderId":"vpa736dl01"}
[2026-06-03 14:32:25] [PAYLOAD_ENVIADO] {"orderId":"vpa5n4631g","amount":6584,"status":"waiting_payment","utm_source":"","token":"41f6c466-fcdf-4b03-bf1f-99e935c6db4d"}
[2026-06-03 14:32:25] [RESPOSTA] {"http_code":202,"response":"{\"received\":true,\"traceId\":\"019e8e8b-286c-7968-96bd-9038f5093545\"}","curl_err":null,"orderId":"vpa5n4631g"}
[2026-06-03 14:32:39] [PAYLOAD_ENVIADO] {"orderId":"vpadren8no","amount":6584,"status":"waiting_payment","utm_source":"","token":"41f6c466-fcdf-4b03-bf1f-99e935c6db4d"}
[2026-06-03 14:32:39] [RESPOSTA] {"http_code":202,"response":"{\"received\":true,\"traceId\":\"019e8e8b-628d-79ff-abcd-a1aeb684b4f7\"}","curl_err":null,"orderId":"vpadren8no"}
[2026-06-03 14:32:42] [PAYLOAD_ENVIADO] {"orderId":"vpa736dld1","amount":6584,"status":"waiting_payment","utm_source":"","token":"41f6c466-fcdf-4b03-bf1f-99e935c6db4d"}
[2026-06-03 14:32:42] [RESPOSTA] {"http_code":202,"response":"{\"received\":true,\"traceId\":\"019e8e8b-6d96-7a74-bd20-a4c503c29ad3\"}","curl_err":null,"orderId":"vpa736dld1"}
[2026-06-03 14:32:44] [PAYLOAD_ENVIADO] {"orderId":"vpam3r5e5w","amount":6584,"status":"waiting_payment","utm_source":"","token":"41f6c466-fcdf-4b03-bf1f-99e935c6db4d"}
[2026-06-03 14:32:44] [RESPOSTA] {"http_code":202,"response":"{\"received\":true,\"traceId\":\"019e8e8b-747c-7950-9333-dc4f67ffffe9\"}","curl_err":null,"orderId":"vpam3r5e5w"}
[2026-06-03 14:32:47] [PAYLOAD_ENVIADO] {"orderId":"vpag4dolor","amount":6584,"status":"waiting_payment","utm_source":"","token":"41f6c466-fcdf-4b03-bf1f-99e935c6db4d"}
[2026-06-03 14:32:47] [RESPOSTA] {"http_code":202,"response":"{\"received\":true,\"traceId\":\"019e8e8b-7fdd-7f52-ab66-fa8ace0a79ad\"}","curl_err":null,"orderId":"vpag4dolor"}
[2026-06-03 14:32:47] [PAYLOAD_ENVIADO] {"orderId":"vpa2318n8d","amount":6584,"status":"waiting_payment","utm_source":"","token":"41f6c466-fcdf-4b03-bf1f-99e935c6db4d"}
[2026-06-03 14:32:47] [RESPOSTA] {"http_code":202,"response":"{\"received\":true,\"traceId\":\"019e8e8b-81d4-711d-8305-334f3417242a\"}","curl_err":null,"orderId":"vpa2318n8d"}
[2026-06-03 14:32:49] [PAYLOAD_ENVIADO] {"orderId":"vpa1mn8k83","amount":6584,"status":"waiting_payment","utm_source":"","token":"41f6c466-fcdf-4b03-bf1f-99e935c6db4d"}
[2026-06-03 14:32:49] [RESPOSTA] {"http_code":202,"response":"{\"received\":true,\"traceId\":\"019e8e8b-8997-71e7-ba2d-34a60bd89cf6\"}","curl_err":null,"orderId":"vpa1mn8k83"}
[2026-06-03 14:32:56] [PAYLOAD_ENVIADO] {"orderId":"vpar3wz8zn","amount":6584,"status":"waiting_payment","utm_source":"","token":"41f6c466-fcdf-4b03-bf1f-99e935c6db4d"}
[2026-06-03 14:32:56] [RESPOSTA] {"http_code":202,"response":"{\"received\":true,\"traceId\":\"019e8e8b-a390-778e-9c10-4fbedf48c6dd\"}","curl_err":null,"orderId":"vpar3wz8zn"}
[2026-06-03 14:33:00] [PAYLOAD_ENVIADO] {"orderId":"vpa5n4636g","amount":6584,"status":"waiting_payment","utm_source":"","token":"41f6c466-fcdf-4b03-bf1f-99e935c6db4d"}
[2026-06-03 14:33:00] [RESPOSTA] {"http_code":202,"response":"{\"received\":true,\"traceId\":\"019e8e8b-b102-7c13-a193-3290aba9db17\"}","curl_err":null,"orderId":"vpa5n4636g"}
[2026-06-03 14:33:01] [PAYLOAD_ENVIADO] {"orderId":"vpaeo6pwpg","amount":6584,"status":"waiting_payment","utm_source":"","token":"41f6c466-fcdf-4b03-bf1f-99e935c6db4d"}
[2026-06-03 14:33:01] [RESPOSTA] {"http_code":202,"response":"{\"received\":true,\"traceId\":\"019e8e8b-b7eb-7d64-b1d6-ce4f386b5909\"}","curl_err":null,"orderId":"vpaeo6pwpg"}
[2026-06-03 14:33:04] [PAYLOAD_ENVIADO] {"orderId":"vpa6ve606z","amount":6584,"status":"waiting_payment","utm_source":"","token":"41f6c466-fcdf-4b03-bf1f-99e935c6db4d"}
[2026-06-03 14:33:04] [RESPOSTA] {"http_code":202,"response":"{\"received\":true,\"traceId\":\"019e8e8b-c262-725f-a364-46242b7c87c4\"}","curl_err":null,"orderId":"vpa6ve606z"}
[2026-06-03 14:33:04] [PAYLOAD_ENVIADO] {"orderId":"vpa3p08380","amount":6584,"status":"waiting_payment","utm_source":"","token":"41f6c466-fcdf-4b03-bf1f-99e935c6db4d"}
[2026-06-03 14:33:04] [RESPOSTA] {"http_code":202,"response":"{\"received\":true,\"traceId\":\"019e8e8b-c2fc-7d47-9b55-ee5611b81e29\"}","curl_err":null,"orderId":"vpa3p08380"}
[2026-06-03 14:33:06] [PAYLOAD_ENVIADO] {"orderId":"vpawp15nrp","amount":6584,"status":"waiting_payment","utm_source":"","token":"41f6c466-fcdf-4b03-bf1f-99e935c6db4d"}
[2026-06-03 14:33:06] [RESPOSTA] {"http_code":202,"response":"{\"received\":true,\"traceId\":\"019e8e8b-c921-7f96-8083-9b6189685ac6\"}","curl_err":null,"orderId":"vpawp15nrp"}
[2026-06-03 14:33:09] [PAYLOAD_ENVIADO] {"orderId":"vpakeplg4k","amount":6584,"status":"waiting_payment","utm_source":"","token":"41f6c466-fcdf-4b03-bf1f-99e935c6db4d"}
[2026-06-03 14:33:09] [RESPOSTA] {"http_code":202,"response":"{\"received\":true,\"traceId\":\"019e8e8b-d52f-7ea1-8225-68abd8e6d140\"}","curl_err":null,"orderId":"vpakeplg4k"}
[2026-06-03 14:33:09] [PAYLOAD_ENVIADO] {"orderId":"vpa736dl81","amount":6584,"status":"waiting_payment","utm_source":"","token":"41f6c466-fcdf-4b03-bf1f-99e935c6db4d"}
[2026-06-03 14:33:09] [RESPOSTA] {"http_code":202,"response":"{\"received\":true,\"traceId\":\"019e8e8b-d592-7182-b4db-d106c86c0066\"}","curl_err":null,"orderId":"vpa736dl81"}
[2026-06-03 14:33:09] [PAYLOAD_ENVIADO] {"orderId":"vpay0vdpl7","amount":6584,"status":"waiting_payment","utm_source":"","token":"41f6c466-fcdf-4b03-bf1f-99e935c6db4d"}
[2026-06-03 14:33:09] [RESPOSTA] {"http_code":202,"response":"{\"received\":true,\"traceId\":\"019e8e8b-d5fb-707d-8d67-5d2597ef56ab\"}","curl_err":null,"orderId":"vpay0vdpl7"}
[2026-06-03 14:33:12] [PAYLOAD_ENVIADO] {"orderId":"vpag4dol0r","amount":6584,"status":"waiting_payment","utm_source":"","token":"41f6c466-fcdf-4b03-bf1f-99e935c6db4d"}
[2026-06-03 14:33:12] [RESPOSTA] {"http_code":202,"response":"{\"received\":true,\"traceId\":\"019e8e8b-e04d-74c4-84b3-ed6f8ae8cb46\"}","curl_err":null,"orderId":"vpag4dol0r"}
[2026-06-03 14:33:12] [PAYLOAD_ENVIADO] {"orderId":"vpaje2vmlk","amount":6584,"status":"waiting_payment","utm_source":"","token":"41f6c466-fcdf-4b03-bf1f-99e935c6db4d"}
[2026-06-03 14:33:12] [RESPOSTA] {"http_code":202,"response":"{\"received\":true,\"traceId\":\"019e8e8b-e275-7b98-9c24-a8bcfae5f0bd\"}","curl_err":null,"orderId":"vpaje2vmlk"}
[2026-06-03 14:33:15] [PAYLOAD_ENVIADO] {"orderId":"vpa2318nzd","amount":6584,"status":"waiting_payment","utm_source":"","token":"41f6c466-fcdf-4b03-bf1f-99e935c6db4d"}
[2026-06-03 14:33:15] [RESPOSTA] {"http_code":202,"response":"{\"received\":true,\"traceId\":\"019e8e8b-ec58-7ffa-80c7-80e3e70978e7\"}","curl_err":null,"orderId":"vpa2318nzd"}
[2026-06-03 14:33:20] [PAYLOAD_ENVIADO] {"orderId":"vpa1mn8kz3","amount":6584,"status":"waiting_payment","utm_source":"","token":"41f6c466-fcdf-4b03-bf1f-99e935c6db4d"}
[2026-06-03 14:33:20] [RESPOSTA] {"http_code":202,"response":"{\"received\":true,\"traceId\":\"019e8e8c-02bb-77c5-bdd1-d806fe08a83c\"}","curl_err":null,"orderId":"vpa1mn8kz3"}
[2026-06-03 14:33:23] [PAYLOAD_ENVIADO] {"orderId":"vpar3wz8nn","amount":6584,"status":"waiting_payment","utm_source":"","token":"41f6c466-fcdf-4b03-bf1f-99e935c6db4d"}
[2026-06-03 14:33:23] [RESPOSTA] {"http_code":202,"response":"{\"received\":true,\"traceId\":\"019e8e8c-0ae9-7a48-a2be-fb8b15ec0b79\"}","curl_err":null,"orderId":"vpar3wz8nn"}
[2026-06-03 14:33:24] [PAYLOAD_ENVIADO] {"orderId":"vpalwo5j7k","amount":6584,"status":"waiting_payment","utm_source":"","token":"41f6c466-fcdf-4b03-bf1f-99e935c6db4d"}
[2026-06-03 14:33:24] [RESPOSTA] {"http_code":202,"response":"{\"received\":true,\"traceId\":\"019e8e8c-1059-77cb-9d24-924f2e571264\"}","curl_err":null,"orderId":"vpalwo5j7k"}
[2026-06-03 14:33:25] [PAYLOAD_ENVIADO] {"orderId":"vpa5n463zg","amount":6584,"status":"waiting_payment","utm_source":"","token":"41f6c466-fcdf-4b03-bf1f-99e935c6db4d"}
[2026-06-03 14:33:25] [RESPOSTA] {"http_code":202,"response":"{\"received\":true,\"traceId\":\"019e8e8c-14bc-7bba-9661-9d4009ba4b29\"}","curl_err":null,"orderId":"vpa5n463zg"}
[2026-06-03 14:33:30] [PAYLOAD_ENVIADO] {"orderId":"vpazp47zk8","amount":6584,"status":"waiting_payment","utm_source":"","token":"41f6c466-fcdf-4b03-bf1f-99e935c6db4d"}
[2026-06-03 14:33:30] [RESPOSTA] {"http_code":202,"response":"{\"received\":true,\"traceId\":\"019e8e8c-27b5-7e85-a045-cd4c5da53ff0\"}","curl_err":null,"orderId":"vpazp47zk8"}
[2026-06-03 14:33:31] [PAYLOAD_ENVIADO] {"orderId":"vpa6ve60dz","amount":6584,"status":"waiting_payment","utm_source":"","token":"41f6c466-fcdf-4b03-bf1f-99e935c6db4d"}
[2026-06-03 14:33:31] [RESPOSTA] {"http_code":202,"response":"{\"received\":true,\"traceId\":\"019e8e8c-2c4c-7254-a583-1545c6b3ff14\"}","curl_err":null,"orderId":"vpa6ve60dz"}
[2026-06-03 14:33:32] [PAYLOAD_ENVIADO] {"orderId":"vpa3p08360","amount":6584,"status":"waiting_payment","utm_source":"","token":"41f6c466-fcdf-4b03-bf1f-99e935c6db4d"}
[2026-06-03 14:33:32] [RESPOSTA] {"http_code":202,"response":"{\"received\":true,\"traceId\":\"019e8e8c-2e2c-79f2-9768-1e40b524fb7d\"}","curl_err":null,"orderId":"vpa3p08360"}
[2026-06-03 17:33:34] [PAYLOAD_ENVIADO] {"orderId":"vpag4dol0r","amount":6584,"status":"paid","utm_source":"","token":"41f6c466-fcdf-4b03-bf1f-99e935c6db4d"}
[2026-06-03 17:33:34] [RESPOSTA] {"http_code":202,"response":"{\"received\":true,\"traceId\":\"019e8e8c-36ee-7fb4-acf0-ef05aa6dd792\"}","curl_err":null,"orderId":"vpag4dol0r"}
[2026-06-03 14:33:37] [PAYLOAD_ENVIADO] {"orderId":"vpa8l8kdyd","amount":6584,"status":"waiting_payment","utm_source":"","token":"41f6c466-fcdf-4b03-bf1f-99e935c6db4d"}
[2026-06-03 14:33:37] [RESPOSTA] {"http_code":202,"response":"{\"received\":true,\"traceId\":\"019e8e8c-4297-759a-bf8f-31c5d7d165d5\"}","curl_err":null,"orderId":"vpa8l8kdyd"}
[2026-06-03 14:33:38] [PAYLOAD_ENVIADO] {"orderId":"vpawp15n7p","amount":6584,"status":"waiting_payment","utm_source":"","token":"41f6c466-fcdf-4b03-bf1f-99e935c6db4d"}
[2026-06-03 14:33:38] [RESPOSTA] {"http_code":202,"response":"{\"received\":true,\"traceId\":\"019e8e8c-4705-710a-afbc-02d0a2999c70\"}","curl_err":null,"orderId":"vpawp15n7p"}
[2026-06-03 14:33:39] [PAYLOAD_ENVIADO] {"orderId":"vpadren8lo","amount":6584,"status":"waiting_payment","utm_source":"","token":"41f6c466-fcdf-4b03-bf1f-99e935c6db4d"}
[2026-06-03 14:33:39] [RESPOSTA] {"http_code":202,"response":"{\"received\":true,\"traceId\":\"019e8e8c-4c01-7fe8-a218-7afe21e84891\"}","curl_err":null,"orderId":"vpadren8lo"}
[2026-06-03 14:33:45] [PAYLOAD_ENVIADO] {"orderId":"vpay0vdpm7","amount":6584,"status":"waiting_payment","utm_source":"","token":"41f6c466-fcdf-4b03-bf1f-99e935c6db4d"}
[2026-06-03 14:33:45] [RESPOSTA] {"http_code":202,"response":"{\"received\":true,\"traceId\":\"019e8e8c-6175-73cd-af45-4fe777650659\"}","curl_err":null,"orderId":"vpay0vdpm7"}
[2026-06-03 14:33:47] [PAYLOAD_ENVIADO] {"orderId":"vpam3r5edw","amount":6584,"status":"waiting_payment","utm_source":"","token":"41f6c466-fcdf-4b03-bf1f-99e935c6db4d"}
[2026-06-03 14:33:47] [RESPOSTA] {"http_code":202,"response":"{\"received\":true,\"traceId\":\"019e8e8c-6a75-739d-a6c0-00f42b861685\"}","curl_err":null,"orderId":"vpam3r5edw"}
[2026-06-03 14:33:49] [PAYLOAD_ENVIADO] {"orderId":"vpa736dl7m","amount":6584,"status":"waiting_payment","utm_source":"","token":"41f6c466-fcdf-4b03-bf1f-99e935c6db4d"}
[2026-06-03 14:33:49] [RESPOSTA] {"http_code":202,"response":"{\"received\":true,\"traceId\":\"019e8e8c-727c-7c0c-9a68-30d8194c316c\"}","curl_err":null,"orderId":"vpa736dl7m"}
[2026-06-03 14:33:52] [PAYLOAD_ENVIADO] {"orderId":"vpay0vdpmw","amount":6584,"status":"waiting_payment","utm_source":"","token":"41f6c466-fcdf-4b03-bf1f-99e935c6db4d"}
[2026-06-03 14:33:52] [RESPOSTA] {"http_code":202,"response":"{\"received\":true,\"traceId\":\"019e8e8c-7fca-704f-9d47-edf2b12efd57\"}","curl_err":null,"orderId":"vpay0vdpmw"}
[2026-06-03 14:33:53] [PAYLOAD_ENVIADO] {"orderId":"vpam3r5ed7","amount":6584,"status":"waiting_payment","utm_source":"","token":"41f6c466-fcdf-4b03-bf1f-99e935c6db4d"}
[2026-06-03 14:33:53] [RESPOSTA] {"http_code":202,"response":"{\"received\":true,\"traceId\":\"019e8e8c-836f-7274-b593-073078eccb6c\"}","curl_err":null,"orderId":"vpam3r5ed7"}
[2026-06-03 14:33:54] [PAYLOAD_ENVIADO] {"orderId":"vpag4dolk1","amount":6584,"status":"waiting_payment","utm_source":"","token":"41f6c466-fcdf-4b03-bf1f-99e935c6db4d"}
[2026-06-03 14:33:54] [RESPOSTA] {"http_code":202,"response":"{\"received\":true,\"traceId\":\"019e8e8c-8702-7d1f-a528-e97a82404ba5\"}","curl_err":null,"orderId":"vpag4dolk1"}
[2026-06-03 14:33:56] [PAYLOAD_ENVIADO] {"orderId":"vpa2318nw2","amount":6584,"status":"waiting_payment","utm_source":"","token":"41f6c466-fcdf-4b03-bf1f-99e935c6db4d"}
[2026-06-03 14:33:56] [RESPOSTA] {"http_code":202,"response":"{\"received\":true,\"traceId\":\"019e8e8c-8c9d-71ee-98ff-673242cef93c\"}","curl_err":null,"orderId":"vpa2318nw2"}
[2026-06-03 14:33:59] [PAYLOAD_ENVIADO] {"orderId":"vpaprz5kdj","amount":6584,"status":"waiting_payment","utm_source":"","token":"41f6c466-fcdf-4b03-bf1f-99e935c6db4d"}
[2026-06-03 14:33:59] [RESPOSTA] {"http_code":202,"response":"{\"received\":true,\"traceId\":\"019e8e8c-982c-70c0-abcb-1eea23ae423c\"}","curl_err":null,"orderId":"vpaprz5kdj"}
[2026-06-03 14:34:02] [PAYLOAD_ENVIADO] {"orderId":"vpaon5k8dv","amount":6584,"status":"waiting_payment","utm_source":"","token":"41f6c466-fcdf-4b03-bf1f-99e935c6db4d"}
[2026-06-03 14:34:02] [RESPOSTA] {"http_code":202,"response":"{\"received\":true,\"traceId\":\"019e8e8c-a4df-7014-8137-5891f9ee62f0\"}","curl_err":null,"orderId":"vpaon5k8dv"}
[2026-06-03 14:34:04] [PAYLOAD_ENVIADO] {"orderId":"vpavpnw2d7","amount":6584,"status":"waiting_payment","utm_source":"","token":"41f6c466-fcdf-4b03-bf1f-99e935c6db4d"}
[2026-06-03 14:34:04] [RESPOSTA] {"http_code":202,"response":"{\"received\":true,\"traceId\":\"019e8e8c-ad77-7491-bd4b-53217acf5b75\"}","curl_err":null,"orderId":"vpavpnw2d7"}
[2026-06-03 14:34:05] [PAYLOAD_ENVIADO] {"orderId":"vpa4nv63w5","amount":6584,"status":"waiting_payment","utm_source":"","token":"41f6c466-fcdf-4b03-bf1f-99e935c6db4d"}
[2026-06-03 14:34:05] [RESPOSTA] {"http_code":202,"response":"{\"received\":true,\"traceId\":\"019e8e8c-afcf-716b-91b4-b4a526651de9\"}","curl_err":null,"orderId":"vpa4nv63w5"}
[2026-06-03 14:34:05] [PAYLOAD_ENVIADO] {"orderId":"vpalwo5jdn","amount":6584,"status":"waiting_payment","utm_source":"","token":"41f6c466-fcdf-4b03-bf1f-99e935c6db4d"}
[2026-06-03 14:34:05] [RESPOSTA] {"http_code":202,"response":"{\"received\":true,\"traceId\":\"019e8e8c-b051-7043-8e8c-799c8b2ac9c9\"}","curl_err":null,"orderId":"vpalwo5jdn"}
[2026-06-03 14:34:05] [PAYLOAD_ENVIADO] {"orderId":"vpa5n463w4","amount":6584,"status":"waiting_payment","utm_source":"","token":"41f6c466-fcdf-4b03-bf1f-99e935c6db4d"}
[2026-06-03 14:34:05] [RESPOSTA] {"http_code":202,"response":"{\"received\":true,\"traceId\":\"019e8e8c-b1df-7ac0-97a8-ed22c50f9d5c\"}","curl_err":null,"orderId":"vpa5n463w4"}
[2026-06-03 14:34:06] [PAYLOAD_ENVIADO] {"orderId":"vpaeo6pwmw","amount":6584,"status":"waiting_payment","utm_source":"","token":"41f6c466-fcdf-4b03-bf1f-99e935c6db4d"}
[2026-06-03 14:34:06] [RESPOSTA] {"http_code":202,"response":"{\"received\":true,\"traceId\":\"019e8e8c-b3cc-7769-8cb5-fb7bff9a2563\"}","curl_err":null,"orderId":"vpaeo6pwmw"}
[2026-06-03 17:34:07] [PAYLOAD_ENVIADO] {"orderId":"vpa736dld1","amount":6584,"status":"paid","utm_source":"","token":"41f6c466-fcdf-4b03-bf1f-99e935c6db4d"}
[2026-06-03 17:34:07] [RESPOSTA] {"http_code":202,"response":"{\"received\":true,\"traceId\":\"019e8e8c-b71e-7566-92db-5f7f1e4d8c67\"}","curl_err":null,"orderId":"vpa736dld1"}
[2026-06-03 14:34:09] [PAYLOAD_ENVIADO] {"orderId":"vpa3p083gj","amount":6584,"status":"waiting_payment","utm_source":"","token":"41f6c466-fcdf-4b03-bf1f-99e935c6db4d"}
[2026-06-03 14:34:09] [RESPOSTA] {"http_code":202,"response":"{\"received\":true,\"traceId\":\"019e8e8c-bf30-7f02-a18f-444ce9e7df45\"}","curl_err":null,"orderId":"vpa3p083gj"}
[2026-06-03 14:34:12] [PAYLOAD_ENVIADO] {"orderId":"vpadren8y6","amount":6584,"status":"waiting_payment","utm_source":"","token":"41f6c466-fcdf-4b03-bf1f-99e935c6db4d"}
[2026-06-03 14:34:12] [RESPOSTA] {"http_code":202,"response":"{\"received\":true,\"traceId\":\"019e8e8c-cbf7-702f-bfba-5d73d6b51856\"}","curl_err":null,"orderId":"vpadren8y6"}
[2026-06-03 14:34:13] [PAYLOAD_ENVIADO] {"orderId":"vpakeplg18","amount":6584,"status":"waiting_payment","utm_source":"","token":"41f6c466-fcdf-4b03-bf1f-99e935c6db4d"}
[2026-06-03 14:34:13] [RESPOSTA] {"http_code":202,"response":"{\"received\":true,\"traceId\":\"019e8e8c-d0dc-7f2d-917a-9bfd43149a0c\"}","curl_err":null,"orderId":"vpakeplg18"}
[2026-06-03 14:34:17] [PAYLOAD_ENVIADO] {"orderId":"vpa736dlpm","amount":6584,"status":"waiting_payment","utm_source":"","token":"41f6c466-fcdf-4b03-bf1f-99e935c6db4d"}
[2026-06-03 14:34:17] [RESPOSTA] {"http_code":202,"response":"{\"received\":true,\"traceId\":\"019e8e8c-e052-79c6-950a-2908d93fb2c5\"}","curl_err":null,"orderId":"vpa736dlpm"}
[2026-06-03 14:34:20] [PAYLOAD_ENVIADO] {"orderId":"vpam3r5e07","amount":6584,"status":"waiting_payment","utm_source":"","token":"41f6c466-fcdf-4b03-bf1f-99e935c6db4d"}
[2026-06-03 14:34:20] [RESPOSTA] {"http_code":202,"response":"{\"received\":true,\"traceId\":\"019e8e8c-ea23-7dd6-ad9a-f454c8ae9740\"}","curl_err":null,"orderId":"vpam3r5e07"}
[2026-06-03 17:34:22] [PAYLOAD_ENVIADO] {"orderId":"vpa3p08360","amount":6584,"status":"paid","utm_source":"","token":"41f6c466-fcdf-4b03-bf1f-99e935c6db4d"}
[2026-06-03 17:34:22] [RESPOSTA] {"http_code":202,"response":"{\"received\":true,\"traceId\":\"019e8e8c-f26a-7da8-9b13-afaf0c7ef891\"}","curl_err":null,"orderId":"vpa3p08360"}
[2026-06-03 14:34:27] [PAYLOAD_ENVIADO] {"orderId":"vpankl5nr5","amount":6584,"status":"waiting_payment","utm_source":"","token":"41f6c466-fcdf-4b03-bf1f-99e935c6db4d"}
[2026-06-03 14:34:27] [RESPOSTA] {"http_code":202,"response":"{\"received\":true,\"traceId\":\"019e8e8d-0861-748a-b424-ccab40fa72e3\"}","curl_err":null,"orderId":"vpankl5nr5"}
[2026-06-03 14:34:28] [PAYLOAD_ENVIADO] {"orderId":"vpa1mn8kyw","amount":6584,"status":"waiting_payment","utm_source":"","token":"41f6c466-fcdf-4b03-bf1f-99e935c6db4d"}
[2026-06-03 14:34:28] [RESPOSTA] {"http_code":202,"response":"{\"received\":true,\"traceId\":\"019e8e8d-0996-7faa-b272-3e1416add950\"}","curl_err":null,"orderId":"vpa1mn8kyw"}
[2026-06-03 14:34:29] [PAYLOAD_ENVIADO] {"orderId":"vpa0nj8k74","amount":6584,"status":"waiting_payment","utm_source":"","token":"41f6c466-fcdf-4b03-bf1f-99e935c6db4d"}
[2026-06-03 14:34:29] [RESPOSTA] {"http_code":202,"response":"{\"received\":true,\"traceId\":\"019e8e8d-0fee-78ce-8f30-44b783805599\"}","curl_err":null,"orderId":"vpa0nj8k74"}
[2026-06-03 14:34:32] [PAYLOAD_ENVIADO] {"orderId":"vpavpnw2m7","amount":6584,"status":"waiting_payment","utm_source":"","token":"41f6c466-fcdf-4b03-bf1f-99e935c6db4d"}
[2026-06-03 14:34:32] [RESPOSTA] {"http_code":202,"response":"{\"received\":true,\"traceId\":\"019e8e8d-1b44-7fbd-a40f-65b8ddaf1b67\"}","curl_err":null,"orderId":"vpavpnw2m7"}
[2026-06-03 14:34:33] [PAYLOAD_ENVIADO] {"orderId":"vpalwo5jkn","amount":6584,"status":"waiting_payment","utm_source":"","token":"41f6c466-fcdf-4b03-bf1f-99e935c6db4d"}
[2026-06-03 14:34:33] [RESPOSTA] {"http_code":202,"response":"{\"received\":true,\"traceId\":\"019e8e8d-1d50-738e-a170-1d5e2cc2fd37\"}","curl_err":null,"orderId":"vpalwo5jkn"}
[2026-06-03 17:34:41] [PAYLOAD_ENVIADO] {"orderId":"vpalwo5j7k","amount":6584,"status":"paid","utm_source":"","token":"41f6c466-fcdf-4b03-bf1f-99e935c6db4d"}
[2026-06-03 17:34:41] [RESPOSTA] {"http_code":202,"response":"{\"received\":true,\"traceId\":\"019e8e8d-3c9e-7fb7-a97b-09eae71cd521\"}","curl_err":null,"orderId":"vpalwo5j7k"}
[2026-06-03 17:34:47] [PAYLOAD_ENVIADO] {"orderId":"vpavpnw2d7","amount":6584,"status":"paid","utm_source":"","token":"41f6c466-fcdf-4b03-bf1f-99e935c6db4d"}
[2026-06-03 17:34:47] [RESPOSTA] {"http_code":202,"response":"{\"received\":true,\"traceId\":\"019e8e8d-5538-7389-a21b-b4405ff1584c\"}","curl_err":null,"orderId":"vpavpnw2d7"}
[2026-06-03 14:34:52] [PAYLOAD_ENVIADO] {"orderId":"vpa6ve60m3","amount":6584,"status":"waiting_payment","utm_source":"","token":"41f6c466-fcdf-4b03-bf1f-99e935c6db4d"}
[2026-06-03 14:34:52] [RESPOSTA] {"http_code":202,"response":"{\"received\":true,\"traceId\":\"019e8e8d-68e1-756d-8037-63b32461cd5c\"}","curl_err":null,"orderId":"vpa6ve60m3"}
[2026-06-03 14:34:56] [PAYLOAD_ENVIADO] {"orderId":"vpawp15nlw","amount":6584,"status":"waiting_payment","utm_source":"","token":"41f6c466-fcdf-4b03-bf1f-99e935c6db4d"}
[2026-06-03 14:34:56] [RESPOSTA] {"http_code":202,"response":"{\"received\":true,\"traceId\":\"019e8e8d-7980-7a39-86cb-23fc8a7f42e7\"}","curl_err":null,"orderId":"vpawp15nlw"}
[2026-06-03 14:34:57] [PAYLOAD_ENVIADO] {"orderId":"vpadren8w6","amount":6584,"status":"waiting_payment","utm_source":"","token":"41f6c466-fcdf-4b03-bf1f-99e935c6db4d"}
[2026-06-03 14:34:57] [PAYLOAD_ENVIADO] {"orderId":"vpakeplgy8","amount":6584,"status":"waiting_payment","utm_source":"","token":"41f6c466-fcdf-4b03-bf1f-99e935c6db4d"}
[2026-06-03 14:34:57] [RESPOSTA] {"http_code":202,"response":"{\"received\":true,\"traceId\":\"019e8e8d-7c24-76d0-9f5f-111bf6a6007c\"}","curl_err":null,"orderId":"vpadren8w6"}
[2026-06-03 14:34:57] [RESPOSTA] {"http_code":202,"response":"{\"received\":true,\"traceId\":\"019e8e8d-7c35-703c-bf41-da1fba1c17b7\"}","curl_err":null,"orderId":"vpakeplgy8"}
[2026-06-03 14:35:03] [PAYLOAD_ENVIADO] {"orderId":"vpa736dlgm","amount":6584,"status":"waiting_payment","utm_source":"","token":"41f6c466-fcdf-4b03-bf1f-99e935c6db4d"}
[2026-06-03 14:35:03] [RESPOSTA] {"http_code":202,"response":"{\"received\":true,\"traceId\":\"019e8e8d-9435-74fa-940e-59f1ad163aed\"}","curl_err":null,"orderId":"vpa736dlgm"}
[2026-06-03 14:35:06] [PAYLOAD_ENVIADO] {"orderId":"vpay0vdp5w","amount":6584,"status":"waiting_payment","utm_source":"","token":"41f6c466-fcdf-4b03-bf1f-99e935c6db4d"}
[2026-06-03 14:35:06] [RESPOSTA] {"http_code":202,"response":"{\"received\":true,\"traceId\":\"019e8e8d-9f58-7860-bb8c-64951d6f1855\"}","curl_err":null,"orderId":"vpay0vdp5w"}
[2026-06-03 17:35:09] [PAYLOAD_ENVIADO] {"orderId":"vpa4nv63w5","amount":6584,"status":"paid","utm_source":"","token":"41f6c466-fcdf-4b03-bf1f-99e935c6db4d"}
[2026-06-03 17:35:09] [RESPOSTA] {"http_code":202,"response":"{\"received\":true,\"traceId\":\"019e8e8d-a938-779a-b709-54cc0a49c927\"}","curl_err":null,"orderId":"vpa4nv63w5"}
[2026-06-03 14:35:13] [PAYLOAD_ENVIADO] {"orderId":"vpankl5nj5","amount":6584,"status":"waiting_payment","utm_source":"","token":"41f6c466-fcdf-4b03-bf1f-99e935c6db4d"}
[2026-06-03 14:35:13] [RESPOSTA] {"http_code":202,"response":"{\"received\":true,\"traceId\":\"019e8e8d-b8c0-76ca-99d2-30c5b9b3a19a\"}","curl_err":null,"orderId":"vpankl5nj5"}
[2026-06-03 14:35:14] [PAYLOAD_ENVIADO] {"orderId":"vpa1mn8k5w","amount":6584,"status":"waiting_payment","utm_source":"","token":"41f6c466-fcdf-4b03-bf1f-99e935c6db4d"}
[2026-06-03 14:35:14] [RESPOSTA] {"http_code":202,"response":"{\"received\":true,\"traceId\":\"019e8e8d-bf4f-7fcc-81bf-d5b996c550d4\"}","curl_err":null,"orderId":"vpa1mn8k5w"}
[2026-06-03 14:35:14] [PAYLOAD_ENVIADO] {"orderId":"vpaon5k82v","amount":6584,"status":"waiting_payment","utm_source":"","token":"41f6c466-fcdf-4b03-bf1f-99e935c6db4d"}
[2026-06-03 14:35:14] [RESPOSTA] {"http_code":202,"response":"{\"received\":true,\"traceId\":\"019e8e8d-c010-777c-a523-7b87f4d39ce8\"}","curl_err":null,"orderId":"vpaon5k82v"}
[2026-06-03 14:35:16] [PAYLOAD_ENVIADO] {"orderId":"vpa0nj8k44","amount":6584,"status":"waiting_payment","utm_source":"","token":"41f6c466-fcdf-4b03-bf1f-99e935c6db4d"}
[2026-06-03 14:35:16] [RESPOSTA] {"http_code":202,"response":"{\"received\":true,\"traceId\":\"019e8e8d-c44d-728a-9b10-15521c8fae6d\"}","curl_err":null,"orderId":"vpa0nj8k44"}
[2026-06-03 14:35:17] [PAYLOAD_ENVIADO] {"orderId":"vpalwo5jmn","amount":6584,"status":"waiting_payment","utm_source":"","token":"41f6c466-fcdf-4b03-bf1f-99e935c6db4d"}
[2026-06-03 14:35:17] [RESPOSTA] {"http_code":202,"response":"{\"received\":true,\"traceId\":\"019e8e8d-c95a-711d-9927-b1d643682e28\"}","curl_err":null,"orderId":"vpalwo5jmn"}
[2026-06-03 14:35:17] [PAYLOAD_ENVIADO] {"orderId":"vpa4nv6375","amount":6584,"status":"waiting_payment","utm_source":"","token":"41f6c466-fcdf-4b03-bf1f-99e935c6db4d"}
[2026-06-03 14:35:17] [RESPOSTA] {"http_code":202,"response":"{\"received\":true,\"traceId\":\"019e8e8d-ca92-72b4-a1d9-86e08105abaf\"}","curl_err":null,"orderId":"vpa4nv6375"}
[2026-06-03 14:35:22] [PAYLOAD_ENVIADO] {"orderId":"vpaeo6pwlw","amount":6584,"status":"waiting_payment","utm_source":"","token":"41f6c466-fcdf-4b03-bf1f-99e935c6db4d"}
[2026-06-03 14:35:22] [RESPOSTA] {"http_code":202,"response":"{\"received\":true,\"traceId\":\"019e8e8d-dd22-733b-ac3f-39f496113a1f\"}","curl_err":null,"orderId":"vpaeo6pwlw"}
[2026-06-03 14:35:23] [PAYLOAD_ENVIADO] {"orderId":"vpazp47z5p","amount":6584,"status":"waiting_payment","utm_source":"","token":"41f6c466-fcdf-4b03-bf1f-99e935c6db4d"}
[2026-06-03 14:35:23] [RESPOSTA] {"http_code":202,"response":"{\"received\":true,\"traceId\":\"019e8e8d-e1f4-7c46-a3fc-38df1299e908\"}","curl_err":null,"orderId":"vpazp47z5p"}
[2026-06-03 17:35:25] [PAYLOAD_ENVIADO] {"orderId":"vpadren8w6","amount":6584,"status":"paid","utm_source":"","token":"41f6c466-fcdf-4b03-bf1f-99e935c6db4d"}
[2026-06-03 17:35:25] [RESPOSTA] {"http_code":202,"response":"{\"received\":true,\"traceId\":\"019e8e8d-eab4-7155-8275-e4f3c0c98459\"}","curl_err":null,"orderId":"vpadren8w6"}
[2026-06-03 14:35:41] [PAYLOAD_ENVIADO] {"orderId":"vpam3r5em7","amount":6584,"status":"waiting_payment","utm_source":"","token":"41f6c466-fcdf-4b03-bf1f-99e935c6db4d"}
[2026-06-03 14:35:41] [RESPOSTA] {"http_code":202,"response":"{\"received\":true,\"traceId\":\"019e8e8e-2806-7de0-aec5-057047a5149b\"}","curl_err":null,"orderId":"vpam3r5em7"}
[2026-06-03 14:35:45] [PAYLOAD_ENVIADO] {"orderId":"vpaje2vm60","amount":6584,"status":"waiting_payment","utm_source":"","token":"41f6c466-fcdf-4b03-bf1f-99e935c6db4d"}
[2026-06-03 14:35:45] [RESPOSTA] {"http_code":202,"response":"{\"received\":true,\"traceId\":\"019e8e8e-3731-747d-a041-2f0ae9654c85\"}","curl_err":null,"orderId":"vpaje2vm60"}
[2026-06-03 14:35:46] [PAYLOAD_ENVIADO] {"orderId":"vpa2318n72","amount":6584,"status":"waiting_payment","utm_source":"","token":"41f6c466-fcdf-4b03-bf1f-99e935c6db4d"}
[2026-06-03 14:35:46] [RESPOSTA] {"http_code":202,"response":"{\"received\":true,\"traceId\":\"019e8e8e-3cf9-73e3-a9c0-9e02654448b5\"}","curl_err":null,"orderId":"vpa2318n72"}
[2026-06-03 14:35:49] [PAYLOAD_ENVIADO] {"orderId":"vpa1mn8k6w","amount":6584,"status":"waiting_payment","utm_source":"","token":"41f6c466-fcdf-4b03-bf1f-99e935c6db4d"}
[2026-06-03 14:35:49] [RESPOSTA] {"http_code":202,"response":"{\"received\":true,\"traceId\":\"019e8e8e-4795-749f-923b-e46060ac1487\"}","curl_err":null,"orderId":"vpa1mn8k6w"}
[2026-06-03 14:35:52] [PAYLOAD_ENVIADO] {"orderId":"vpa0nj8kz4","amount":6584,"status":"waiting_payment","utm_source":"","token":"41f6c466-fcdf-4b03-bf1f-99e935c6db4d"}
[2026-06-03 14:35:52] [RESPOSTA] {"http_code":202,"response":"{\"received\":true,\"traceId\":\"019e8e8e-5318-7f3c-8251-a98043595bcd\"}","curl_err":null,"orderId":"vpa0nj8kz4"}
[2026-06-03 14:35:55] [PAYLOAD_ENVIADO] {"orderId":"vpar3wz8pp","amount":6584,"status":"waiting_payment","utm_source":"","token":"41f6c466-fcdf-4b03-bf1f-99e935c6db4d"}
[2026-06-03 14:35:55] [RESPOSTA] {"http_code":202,"response":"{\"received\":true,\"traceId\":\"019e8e8e-5e39-75e9-9b95-d006f1e42cd4\"}","curl_err":null,"orderId":"vpar3wz8pp"}
[2026-06-03 14:35:56] [PAYLOAD_ENVIADO] {"orderId":"vpavpnw2r7","amount":6584,"status":"waiting_payment","utm_source":"","token":"41f6c466-fcdf-4b03-bf1f-99e935c6db4d"}
[2026-06-03 14:35:56] [RESPOSTA] {"http_code":202,"response":"{\"received\":true,\"traceId\":\"019e8e8e-6161-7578-bda4-d54b4d24626f\"}","curl_err":null,"orderId":"vpavpnw2r7"}
[2026-06-03 14:36:01] [PAYLOAD_ENVIADO] {"orderId":"vpa5n463g4","amount":6584,"status":"waiting_payment","utm_source":"","token":"41f6c466-fcdf-4b03-bf1f-99e935c6db4d"}
[2026-06-03 14:36:01] [RESPOSTA] {"http_code":202,"response":"{\"received\":true,\"traceId\":\"019e8e8e-754a-7454-94e0-ed40e3b0c6be\"}","curl_err":null,"orderId":"vpa5n463g4"}
[2026-06-03 17:36:03] [PAYLOAD_ENVIADO] {"orderId":"vpankl5nj5","amount":6584,"status":"paid","utm_source":"","token":"41f6c466-fcdf-4b03-bf1f-99e935c6db4d"}
[2026-06-03 17:36:03] [RESPOSTA] {"http_code":202,"response":"{\"received\":true,\"traceId\":\"019e8e8e-7e0c-77d8-9b47-ba4c77b9edb0\"}","curl_err":null,"orderId":"vpankl5nj5"}
[2026-06-03 14:36:06] [PAYLOAD_ENVIADO] {"orderId":"vpazp47zjp","amount":6584,"status":"waiting_payment","utm_source":"","token":"41f6c466-fcdf-4b03-bf1f-99e935c6db4d"}
[2026-06-03 14:36:06] [RESPOSTA] {"http_code":202,"response":"{\"received\":true,\"traceId\":\"019e8e8e-8a0f-70cb-9bfc-46d0a3deb96e\"}","curl_err":null,"orderId":"vpazp47zjp"}
[2026-06-03 17:36:07] [PAYLOAD_ENVIADO] {"orderId":"vpa736dlgm","amount":6584,"status":"paid","utm_source":"","token":"41f6c466-fcdf-4b03-bf1f-99e935c6db4d"}
[2026-06-03 17:36:07] [RESPOSTA] {"http_code":202,"response":"{\"received\":true,\"traceId\":\"019e8e8e-8d28-7df7-8061-a631d076fffd\"}","curl_err":null,"orderId":"vpa736dlgm"}
[2026-06-03 14:36:10] [PAYLOAD_ENVIADO] {"orderId":"vpa6ve60k3","amount":6584,"status":"waiting_payment","utm_source":"","token":"41f6c466-fcdf-4b03-bf1f-99e935c6db4d"}
[2026-06-03 17:36:10] [PAYLOAD_ENVIADO] {"orderId":"vpay0vdpmw","amount":6584,"status":"paid","utm_source":"","token":"41f6c466-fcdf-4b03-bf1f-99e935c6db4d"}
[2026-06-03 14:36:10] [RESPOSTA] {"http_code":202,"response":"{\"received\":true,\"traceId\":\"019e8e8e-9964-7733-8c72-31b203b3ba54\"}","curl_err":null,"orderId":"vpa6ve60k3"}
[2026-06-03 17:36:10] [RESPOSTA] {"http_code":202,"response":"{\"received\":true,\"traceId\":\"019e8e8e-9972-70ab-89cf-c2495e3126f9\"}","curl_err":null,"orderId":"vpay0vdpmw"}
[2026-06-03 17:36:13] [PAYLOAD_ENVIADO] {"orderId":"vpa1mn8kyw","amount":6584,"status":"paid","utm_source":"","token":"41f6c466-fcdf-4b03-bf1f-99e935c6db4d"}
[2026-06-03 17:36:13] [RESPOSTA] {"http_code":202,"response":"{\"received\":true,\"traceId\":\"019e8e8e-a55b-7569-bcd5-d34c5b8eae26\"}","curl_err":null,"orderId":"vpa1mn8kyw"}
[2026-06-03 14:36:18] [PAYLOAD_ENVIADO] {"orderId":"vpadren8m6","amount":6584,"status":"waiting_payment","utm_source":"","token":"41f6c466-fcdf-4b03-bf1f-99e935c6db4d"}
[2026-06-03 14:36:18] [RESPOSTA] {"http_code":202,"response":"{\"received\":true,\"traceId\":\"019e8e8e-b779-7097-9610-7382be9fb7a7\"}","curl_err":null,"orderId":"vpadren8m6"}
[2026-06-03 14:36:27] [PAYLOAD_ENVIADO] {"orderId":"vpa736dlzm","amount":6584,"status":"waiting_payment","utm_source":"","token":"41f6c466-fcdf-4b03-bf1f-99e935c6db4d"}
[2026-06-03 14:36:27] [RESPOSTA] {"http_code":202,"response":"{\"received\":true,\"traceId\":\"019e8e8e-dcdc-746e-bde5-176827d3f257\"}","curl_err":null,"orderId":"vpa736dlzm"}
[2026-06-03 14:36:32] [PAYLOAD_ENVIADO] {"orderId":"vpam3r5ek7","amount":6584,"status":"waiting_payment","utm_source":"","token":"41f6c466-fcdf-4b03-bf1f-99e935c6db4d"}
[2026-06-03 14:36:32] [RESPOSTA] {"http_code":202,"response":"{\"received\":true,\"traceId\":\"019e8e8e-f067-7c38-9fc4-72c44a5ce0e9\"}","curl_err":null,"orderId":"vpam3r5ek7"}
[2026-06-03 14:36:35] [PAYLOAD_ENVIADO] {"orderId":"vpa736dlz5","amount":6584,"status":"waiting_payment","utm_source":"","token":"41f6c466-fcdf-4b03-bf1f-99e935c6db4d"}
[2026-06-03 14:36:35] [RESPOSTA] {"http_code":202,"response":"{\"received\":true,\"traceId\":\"019e8e8e-fa0a-71c2-92e1-8e2ba47a6310\"}","curl_err":null,"orderId":"vpa736dlz5"}
[2026-06-03 14:36:41] [PAYLOAD_ENVIADO] {"orderId":"vpaje2vm1d","amount":6584,"status":"waiting_payment","utm_source":"","token":"41f6c466-fcdf-4b03-bf1f-99e935c6db4d"}
[2026-06-03 14:36:41] [RESPOSTA] {"http_code":202,"response":"{\"received\":true,\"traceId\":\"019e8e8f-13a2-71c7-920f-10325decb369\"}","curl_err":null,"orderId":"vpaje2vm1d"}
[2026-06-03 14:36:42] [PAYLOAD_ENVIADO] {"orderId":"vpa2318nvm","amount":6584,"status":"waiting_payment","utm_source":"","token":"41f6c466-fcdf-4b03-bf1f-99e935c6db4d"}
[2026-06-03 14:36:42] [RESPOSTA] {"http_code":202,"response":"{\"received\":true,\"traceId\":\"019e8e8f-1650-74ce-a4d3-8cbd5561d212\"}","curl_err":null,"orderId":"vpa2318nvm"}
[2026-06-03 14:36:46] [PAYLOAD_ENVIADO] {"orderId":"vpa1mn8krr","amount":6584,"status":"waiting_payment","utm_source":"","token":"41f6c466-fcdf-4b03-bf1f-99e935c6db4d"}
[2026-06-03 14:36:46] [RESPOSTA] {"http_code":202,"response":"{\"received\":true,\"traceId\":\"019e8e8f-2658-723e-843c-e1a1463b3393\"}","curl_err":null,"orderId":"vpa1mn8krr"}
[2026-06-03 14:36:47] [PAYLOAD_ENVIADO] {"orderId":"vpaon5k8lo","amount":6584,"status":"waiting_payment","utm_source":"","token":"41f6c466-fcdf-4b03-bf1f-99e935c6db4d"}
[2026-06-03 14:36:47] [RESPOSTA] {"http_code":202,"response":"{\"received\":true,\"traceId\":\"019e8e8f-291c-772b-95e3-8f44ba294866\"}","curl_err":null,"orderId":"vpaon5k8lo"}
[2026-06-03 17:36:51] [PAYLOAD_ENVIADO] {"orderId":"vpazp47zjp","amount":6584,"status":"paid","utm_source":"","token":"41f6c466-fcdf-4b03-bf1f-99e935c6db4d"}
[2026-06-03 17:36:51] [RESPOSTA] {"http_code":202,"response":"{\"received\":true,\"traceId\":\"019e8e8f-38ab-77a8-994e-4df83ffb5a4d\"}","curl_err":null,"orderId":"vpazp47zjp"}
[2026-06-03 17:36:54] [PAYLOAD_ENVIADO] {"orderId":"vpazp47zk8","amount":6584,"status":"paid","utm_source":"","token":"41f6c466-fcdf-4b03-bf1f-99e935c6db4d"}
[2026-06-03 17:36:54] [RESPOSTA] {"http_code":202,"response":"{\"received\":true,\"traceId\":\"019e8e8f-45e6-7794-8566-8ffa378c5e66\"}","curl_err":null,"orderId":"vpazp47zk8"}
[2026-06-03 14:37:00] [PAYLOAD_ENVIADO] {"orderId":"vpaeo6pwdr","amount":6584,"status":"waiting_payment","utm_source":"","token":"41f6c466-fcdf-4b03-bf1f-99e935c6db4d"}
[2026-06-03 14:37:00] [RESPOSTA] {"http_code":202,"response":"{\"received\":true,\"traceId\":\"019e8e8f-5e0a-7dc4-88c9-9d0431aee28a\"}","curl_err":null,"orderId":"vpaeo6pwdr"}
[2026-06-03 14:37:09] [PAYLOAD_ENVIADO] {"orderId":"vpa8l8kdzg","amount":6584,"status":"waiting_payment","utm_source":"","token":"41f6c466-fcdf-4b03-bf1f-99e935c6db4d"}
[2026-06-03 14:37:09] [RESPOSTA] {"http_code":202,"response":"{\"received\":true,\"traceId\":\"019e8e8f-8033-7a2e-a67d-7d47261c4ca1\"}","curl_err":null,"orderId":"vpa8l8kdzg"}
[2026-06-03 14:37:10] [PAYLOAD_ENVIADO] {"orderId":"vpawp15nz3","amount":6584,"status":"waiting_payment","utm_source":"","token":"41f6c466-fcdf-4b03-bf1f-99e935c6db4d"}
[2026-06-03 14:37:10] [RESPOSTA] {"http_code":202,"response":"{\"received\":true,\"traceId\":\"019e8e8f-81be-7b4d-aa24-4a0f527ebf6c\"}","curl_err":null,"orderId":"vpawp15nz3"}
[2026-06-03 14:37:13] [PAYLOAD_ENVIADO] {"orderId":"vpakeplg26","amount":6584,"status":"waiting_payment","utm_source":"","token":"41f6c466-fcdf-4b03-bf1f-99e935c6db4d"}
[2026-06-03 14:37:13] [RESPOSTA] {"http_code":202,"response":"{\"received\":true,\"traceId\":\"019e8e8f-8f20-73ca-8565-2282fb7615a8\"}","curl_err":null,"orderId":"vpakeplg26"}
[2026-06-03 14:37:13] [PAYLOAD_ENVIADO] {"orderId":"vpadren8dz","amount":6584,"status":"waiting_payment","utm_source":"","token":"41f6c466-fcdf-4b03-bf1f-99e935c6db4d"}
[2026-06-03 14:37:13] [RESPOSTA] {"http_code":202,"response":"{\"received\":true,\"traceId\":\"019e8e8f-9022-7da0-82b0-ad4b8aada140\"}","curl_err":null,"orderId":"vpadren8dz"}
[2026-06-03 14:37:22] [PAYLOAD_ENVIADO] {"orderId":"vpam3r5ep5","amount":6584,"status":"waiting_payment","utm_source":"","token":"41f6c466-fcdf-4b03-bf1f-99e935c6db4d"}
[2026-06-03 14:37:22] [RESPOSTA] {"http_code":202,"response":"{\"received\":true,\"traceId\":\"019e8e8f-b426-7e34-b87f-127d29acb442\"}","curl_err":null,"orderId":"vpam3r5ep5"}
[2026-06-03 14:37:28] [PAYLOAD_ENVIADO] {"orderId":"vpaprz5k02","amount":6584,"status":"waiting_payment","utm_source":"","token":"41f6c466-fcdf-4b03-bf1f-99e935c6db4d"}
[2026-06-03 14:37:28] [RESPOSTA] {"http_code":202,"response":"{\"received\":true,\"traceId\":\"019e8e8f-cb24-71b4-baeb-2ea0993b9749\"}","curl_err":null,"orderId":"vpaprz5k02"}
[2026-06-03 14:37:38] [PAYLOAD_ENVIADO] {"orderId":"vpalwo5j2w","amount":6584,"status":"waiting_payment","utm_source":"","token":"41f6c466-fcdf-4b03-bf1f-99e935c6db4d"}
[2026-06-03 14:37:38] [RESPOSTA] {"http_code":202,"response":"{\"received\":true,\"traceId\":\"019e8e8f-f0f2-7c9b-bfbb-336200c6c430\"}","curl_err":null,"orderId":"vpalwo5j2w"}
[2026-06-03 14:37:41] [PAYLOAD_ENVIADO] {"orderId":"vpa5n463ep","amount":6584,"status":"waiting_payment","utm_source":"","token":"41f6c466-fcdf-4b03-bf1f-99e935c6db4d"}
[2026-06-03 14:37:41] [RESPOSTA] {"http_code":202,"response":"{\"received\":true,\"traceId\":\"019e8e8f-fc60-7d9a-b1b9-db8e7360b13d\"}","curl_err":null,"orderId":"vpa5n463ep"}
[2026-06-03 17:37:48] [PAYLOAD_ENVIADO] {"orderId":"vpa6ve60k3","amount":6584,"status":"paid","utm_source":"","token":"41f6c466-fcdf-4b03-bf1f-99e935c6db4d"}
[2026-06-03 17:37:48] [RESPOSTA] {"http_code":202,"response":"{\"received\":true,\"traceId\":\"019e8e90-1911-7049-8d73-aa031fddd9ef\"}","curl_err":null,"orderId":"vpa6ve60k3"}
[2026-06-03 14:38:04] [PAYLOAD_ENVIADO] {"orderId":"vpa736dlk5","amount":6584,"status":"waiting_payment","utm_source":"","token":"41f6c466-fcdf-4b03-bf1f-99e935c6db4d"}
[2026-06-03 14:38:04] [RESPOSTA] {"http_code":202,"response":"{\"received\":true,\"traceId\":\"019e8e90-57aa-722e-adfd-bb8138ee6d13\"}","curl_err":null,"orderId":"vpa736dlk5"}
[2026-06-03 14:38:25] [PAYLOAD_ENVIADO] {"orderId":"vpag4dol70","amount":6584,"status":"waiting_payment","utm_source":"","token":"41f6c466-fcdf-4b03-bf1f-99e935c6db4d"}
[2026-06-03 14:38:25] [RESPOSTA] {"http_code":202,"response":"{\"received\":true,\"traceId\":\"019e8e90-a91d-7d2e-91e5-3bac7541b109\"}","curl_err":null,"orderId":"vpag4dol70"}
[2026-06-03 14:38:38] [PAYLOAD_ENVIADO] {"orderId":"vpa1mn8kvr","amount":6584,"status":"waiting_payment","utm_source":"","token":"41f6c466-fcdf-4b03-bf1f-99e935c6db4d"}
[2026-06-03 14:38:38] [RESPOSTA] {"http_code":202,"response":"{\"received\":true,\"traceId\":\"019e8e90-db49-7095-93a0-732032b31599\"}","curl_err":null,"orderId":"vpa1mn8kvr"}
[2026-06-03 14:38:38] [PAYLOAD_ENVIADO] {"orderId":"vpaon5k81o","amount":6584,"status":"waiting_payment","utm_source":"","token":"41f6c466-fcdf-4b03-bf1f-99e935c6db4d"}
[2026-06-03 14:38:38] [RESPOSTA] {"http_code":202,"response":"{\"received\":true,\"traceId\":\"019e8e90-dbc8-7204-b4a9-f408fb4649e2\"}","curl_err":null,"orderId":"vpaon5k81o"}
[2026-06-03 14:38:40] [PAYLOAD_ENVIADO] {"orderId":"vpar3wz8rw","amount":6584,"status":"waiting_payment","utm_source":"","token":"41f6c466-fcdf-4b03-bf1f-99e935c6db4d"}
[2026-06-03 14:38:40] [RESPOSTA] {"http_code":202,"response":"{\"received\":true,\"traceId\":\"019e8e90-e493-7328-ad28-f3d866323dce\"}","curl_err":null,"orderId":"vpar3wz8rw"}
[2026-06-03 14:38:42] [PAYLOAD_ENVIADO] {"orderId":"vpavpnw2n2","amount":6584,"status":"waiting_payment","utm_source":"","token":"41f6c466-fcdf-4b03-bf1f-99e935c6db4d"}
[2026-06-03 14:38:42] [RESPOSTA] {"http_code":202,"response":"{\"received\":true,\"traceId\":\"019e8e90-e937-7e43-b29e-4fa6511a3f04\"}","curl_err":null,"orderId":"vpavpnw2n2"}
[2026-06-03 14:38:42] [PAYLOAD_ENVIADO] {"orderId":"vpalwo5jow","amount":6584,"status":"waiting_payment","utm_source":"","token":"41f6c466-fcdf-4b03-bf1f-99e935c6db4d"}
[2026-06-03 14:38:42] [RESPOSTA] {"http_code":202,"response":"{\"received\":true,\"traceId\":\"019e8e90-ec37-7f32-8512-d2eadf80874e\"}","curl_err":null,"orderId":"vpalwo5jow"}
[2026-06-03 14:38:47] [PAYLOAD_ENVIADO] {"orderId":"vpa4nv63v2","amount":6584,"status":"waiting_payment","utm_source":"","token":"41f6c466-fcdf-4b03-bf1f-99e935c6db4d"}
[2026-06-03 14:38:47] [RESPOSTA] {"http_code":202,"response":"{\"received\":true,\"traceId\":\"019e8e90-fe30-7bff-8076-a86c7430e8ad\"}","curl_err":null,"orderId":"vpa4nv63v2"}
[2026-06-03 14:38:48] [PAYLOAD_ENVIADO] {"orderId":"vpa5n4634p","amount":6584,"status":"waiting_payment","utm_source":"","token":"41f6c466-fcdf-4b03-bf1f-99e935c6db4d"}
[2026-06-03 14:38:48] [RESPOSTA] {"http_code":202,"response":"{\"received\":true,\"traceId\":\"019e8e91-0271-7caa-80f8-ed2616ccb41f\"}","curl_err":null,"orderId":"vpa5n4634p"}
[2026-06-03 14:38:50] [PAYLOAD_ENVIADO] {"orderId":"vpaeo6pw6r","amount":6584,"status":"waiting_payment","utm_source":"","token":"41f6c466-fcdf-4b03-bf1f-99e935c6db4d"}
[2026-06-03 14:38:50] [RESPOSTA] {"http_code":202,"response":"{\"received\":true,\"traceId\":\"019e8e91-0ab7-702f-a6af-09d567711887\"}","curl_err":null,"orderId":"vpaeo6pw6r"}
[2026-06-03 14:38:53] [PAYLOAD_ENVIADO] {"orderId":"vpa6ve60el","amount":6584,"status":"waiting_payment","utm_source":"","token":"41f6c466-fcdf-4b03-bf1f-99e935c6db4d"}
[2026-06-03 14:38:53] [RESPOSTA] {"http_code":202,"response":"{\"received\":true,\"traceId\":\"019e8e91-1739-74c7-9d5b-55ab685b7425\"}","curl_err":null,"orderId":"vpa6ve60el"}
[2026-06-03 14:38:58] [PAYLOAD_ENVIADO] {"orderId":"vpa3p08301","amount":6584,"status":"waiting_payment","utm_source":"","token":"41f6c466-fcdf-4b03-bf1f-99e935c6db4d"}
[2026-06-03 14:38:58] [RESPOSTA] {"http_code":202,"response":"{\"received\":true,\"traceId\":\"019e8e91-27b6-7a27-9a62-c773d04e33a0\"}","curl_err":null,"orderId":"vpa3p08301"}
[2026-06-03 14:39:04] [PAYLOAD_ENVIADO] {"orderId":"vpakeplgp6","amount":6584,"status":"waiting_payment","utm_source":"","token":"41f6c466-fcdf-4b03-bf1f-99e935c6db4d"}
[2026-06-03 14:39:04] [RESPOSTA] {"http_code":202,"response":"{\"received\":true,\"traceId\":\"019e8e91-40d5-7bec-8461-60c855c67e50\"}","curl_err":null,"orderId":"vpakeplgp6"}
[2026-06-03 14:39:07] [PAYLOAD_ENVIADO] {"orderId":"vpay0vdpvr","amount":6584,"status":"waiting_payment","utm_source":"","token":"41f6c466-fcdf-4b03-bf1f-99e935c6db4d"}
[2026-06-03 14:39:07] [RESPOSTA] {"http_code":202,"response":"{\"received\":true,\"traceId\":\"019e8e91-4c79-72a1-8f82-6c04aecd5ed2\"}","curl_err":null,"orderId":"vpay0vdpvr"}
[2026-06-03 14:39:09] [PAYLOAD_ENVIADO] {"orderId":"vpam3r5er5","amount":6584,"status":"waiting_payment","utm_source":"","token":"41f6c466-fcdf-4b03-bf1f-99e935c6db4d"}
[2026-06-03 14:39:09] [RESPOSTA] {"http_code":202,"response":"{\"received\":true,\"traceId\":\"019e8e91-5500-76f6-a95d-0f59bc08d9a5\"}","curl_err":null,"orderId":"vpam3r5er5"}
[2026-06-03 14:39:11] [PAYLOAD_ENVIADO] {"orderId":"vpag4dold0","amount":6584,"status":"waiting_payment","utm_source":"","token":"41f6c466-fcdf-4b03-bf1f-99e935c6db4d"}
[2026-06-03 14:39:11] [RESPOSTA] {"http_code":202,"response":"{\"received\":true,\"traceId\":\"019e8e91-5bef-7ed6-aedc-c156a067c252\"}","curl_err":null,"orderId":"vpag4dold0"}
[2026-06-03 14:39:17] [PAYLOAD_ENVIADO] {"orderId":"vpa2318n1m","amount":6584,"status":"waiting_payment","utm_source":"","token":"41f6c466-fcdf-4b03-bf1f-99e935c6db4d"}
[2026-06-03 14:39:17] [RESPOSTA] {"http_code":202,"response":"{\"received\":true,\"traceId\":\"019e8e91-7338-708c-a573-1045b1a3eb99\"}","curl_err":null,"orderId":"vpa2318n1m"}
[2026-06-03 14:39:19] [PAYLOAD_ENVIADO] {"orderId":"vpaprz5kz2","amount":6584,"status":"waiting_payment","utm_source":"","token":"41f6c466-fcdf-4b03-bf1f-99e935c6db4d"}
[2026-06-03 14:39:19] [RESPOSTA] {"http_code":202,"response":"{\"received\":true,\"traceId\":\"019e8e91-7c9f-7627-9fdc-f3c4ac23bdee\"}","curl_err":null,"orderId":"vpaprz5kz2"}
[2026-06-03 14:39:21] [PAYLOAD_ENVIADO] {"orderId":"vpa1mn8knr","amount":6584,"status":"waiting_payment","utm_source":"","token":"41f6c466-fcdf-4b03-bf1f-99e935c6db4d"}
[2026-06-03 14:39:21] [RESPOSTA] {"http_code":202,"response":"{\"received\":true,\"traceId\":\"019e8e91-820b-7996-85c0-11f772eeb620\"}","curl_err":null,"orderId":"vpa1mn8knr"}
[2026-06-03 14:39:21] [PAYLOAD_ENVIADO] {"orderId":"vpaon5k85o","amount":6584,"status":"waiting_payment","utm_source":"","token":"41f6c466-fcdf-4b03-bf1f-99e935c6db4d"}
[2026-06-03 14:39:21] [RESPOSTA] {"http_code":202,"response":"{\"received\":true,\"traceId\":\"019e8e91-8503-70a8-89f6-8050a394e540\"}","curl_err":null,"orderId":"vpaon5k85o"}
[2026-06-03 14:39:22] [PAYLOAD_ENVIADO] {"orderId":"vpar3wz8ww","amount":6584,"status":"waiting_payment","utm_source":"","token":"41f6c466-fcdf-4b03-bf1f-99e935c6db4d"}
[2026-06-03 14:39:22] [RESPOSTA] {"http_code":202,"response":"{\"received\":true,\"traceId\":\"019e8e91-87dc-744e-a26c-4880877703ab\"}","curl_err":null,"orderId":"vpar3wz8ww"}
[2026-06-03 14:39:28] [PAYLOAD_ENVIADO] {"orderId":"vpa5n46n3p","amount":6584,"status":"waiting_payment","utm_source":"","token":"41f6c466-fcdf-4b03-bf1f-99e935c6db4d"}
[2026-06-03 14:39:28] [RESPOSTA] {"http_code":202,"response":"{\"received\":true,\"traceId\":\"019e8e91-9e5f-7fa0-a5d5-6ada77b19a60\"}","curl_err":null,"orderId":"vpa5n46n3p"}
[2026-06-03 14:39:45] [PAYLOAD_ENVIADO] {"orderId":"vpa3p08p31","amount":6584,"status":"waiting_payment","utm_source":"","token":"41f6c466-fcdf-4b03-bf1f-99e935c6db4d"}
[2026-06-03 14:39:45] [RESPOSTA] {"http_code":202,"response":"{\"received\":true,\"traceId\":\"019e8e91-df33-7be6-99e7-5f7a399be9bd\"}","curl_err":null,"orderId":"vpa3p08p31"}
[2026-06-03 14:39:51] [PAYLOAD_ENVIADO] {"orderId":"vpam3r53e5","amount":6584,"status":"waiting_payment","utm_source":"","token":"41f6c466-fcdf-4b03-bf1f-99e935c6db4d"}
[2026-06-03 14:39:51] [RESPOSTA] {"http_code":202,"response":"{\"received\":true,\"traceId\":\"019e8e91-f85f-71e0-956a-5ee6d0100e3c\"}","curl_err":null,"orderId":"vpam3r53e5"}
[2026-06-03 17:39:53] [PAYLOAD_ENVIADO] {"orderId":"vpag4dold0","amount":6584,"status":"paid","utm_source":"","token":"41f6c466-fcdf-4b03-bf1f-99e935c6db4d"}
[2026-06-03 17:39:53] [RESPOSTA] {"http_code":202,"response":"{\"received\":true,\"traceId\":\"019e8e91-fefc-7bbd-a183-c614d6c09cc8\"}","curl_err":null,"orderId":"vpag4dold0"}
[2026-06-03 14:39:54] [PAYLOAD_ENVIADO] {"orderId":"vpa736d3l7","amount":6584,"status":"waiting_payment","utm_source":"","token":"41f6c466-fcdf-4b03-bf1f-99e935c6db4d"}
[2026-06-03 14:39:54] [RESPOSTA] {"http_code":202,"response":"{\"received\":true,\"traceId\":\"019e8e92-03f1-7220-8737-5969f2f0c210\"}","curl_err":null,"orderId":"vpa736d3l7"}
[2026-06-03 14:39:55] [PAYLOAD_ENVIADO] {"orderId":"vpam3r53eg","amount":6584,"status":"waiting_payment","utm_source":"","token":"41f6c466-fcdf-4b03-bf1f-99e935c6db4d"}
[2026-06-03 14:39:55] [RESPOSTA] {"http_code":202,"response":"{\"received\":true,\"traceId\":\"019e8e92-0912-7f7c-973e-0b6f8408e04e\"}","curl_err":null,"orderId":"vpam3r53eg"}
[2026-06-03 14:39:56] [PAYLOAD_ENVIADO] {"orderId":"vpag4do4l5","amount":6584,"status":"waiting_payment","utm_source":"","token":"41f6c466-fcdf-4b03-bf1f-99e935c6db4d"}
[2026-06-03 14:39:56] [RESPOSTA] {"http_code":202,"response":"{\"received\":true,\"traceId\":\"019e8e92-0bb9-7e64-9e52-366543609c34\"}","curl_err":null,"orderId":"vpag4do4l5"}
[2026-06-03 14:39:56] [PAYLOAD_ENVIADO] {"orderId":"vpaje2vem1","amount":6584,"status":"waiting_payment","utm_source":"","token":"41f6c466-fcdf-4b03-bf1f-99e935c6db4d"}
[2026-06-03 14:39:56] [RESPOSTA] {"http_code":202,"response":"{\"received\":true,\"traceId\":\"019e8e92-0c9d-7251-86c8-e9ed4073310d\"}","curl_err":null,"orderId":"vpaje2vem1"}
[2026-06-03 14:39:59] [PAYLOAD_ENVIADO] {"orderId":"vpankl5knp","amount":6584,"status":"waiting_payment","utm_source":"","token":"41f6c466-fcdf-4b03-bf1f-99e935c6db4d"}
[2026-06-03 14:39:59] [RESPOSTA] {"http_code":202,"response":"{\"received\":true,\"traceId\":\"019e8e92-168b-7ea0-8930-631554211867\"}","curl_err":null,"orderId":"vpankl5knp"}
[2026-06-03 14:40:13] [PAYLOAD_ENVIADO] {"orderId":"vpavpnwppl","amount":6584,"status":"waiting_payment","utm_source":"","token":"41f6c466-fcdf-4b03-bf1f-99e935c6db4d"}
[2026-06-03 14:40:13] [RESPOSTA] {"http_code":202,"response":"{\"received\":true,\"traceId\":\"019e8e92-4ca6-78f3-8700-f081eb8242a3\"}","curl_err":null,"orderId":"vpavpnwppl"}
[2026-06-03 14:40:13] [PAYLOAD_ENVIADO] {"orderId":"vpalwo5wwl","amount":6584,"status":"waiting_payment","utm_source":"","token":"41f6c466-fcdf-4b03-bf1f-99e935c6db4d"}
[2026-06-03 14:40:13] [RESPOSTA] {"http_code":202,"response":"{\"received\":true,\"traceId\":\"019e8e92-4ea0-7d39-9b95-18cb532506a1\"}","curl_err":null,"orderId":"vpalwo5wwl"}
[2026-06-03 14:40:17] [PAYLOAD_ENVIADO] {"orderId":"vpaeo6poo7","amount":6584,"status":"waiting_payment","utm_source":"","token":"41f6c466-fcdf-4b03-bf1f-99e935c6db4d"}
[2026-06-03 14:40:17] [RESPOSTA] {"http_code":202,"response":"{\"received\":true,\"traceId\":\"019e8e92-5ded-734d-8d62-996936e88c35\"}","curl_err":null,"orderId":"vpaeo6poo7"}
[2026-06-03 14:40:18] [PAYLOAD_ENVIADO] {"orderId":"vpazp47ppr","amount":6584,"status":"waiting_payment","utm_source":"","token":"41f6c466-fcdf-4b03-bf1f-99e935c6db4d"}
[2026-06-03 14:40:18] [RESPOSTA] {"http_code":202,"response":"{\"received\":true,\"traceId\":\"019e8e92-60aa-725d-b729-56fbf88c7bca\"}","curl_err":null,"orderId":"vpazp47ppr"}
[2026-06-03 14:40:19] [PAYLOAD_ENVIADO] {"orderId":"vpa6ve6vv2","amount":6584,"status":"waiting_payment","utm_source":"","token":"41f6c466-fcdf-4b03-bf1f-99e935c6db4d"}
[2026-06-03 14:40:19] [RESPOSTA] {"http_code":202,"response":"{\"received\":true,\"traceId\":\"019e8e92-6664-724f-ad89-db36b3690695\"}","curl_err":null,"orderId":"vpa6ve6vv2"}
[2026-06-03 14:40:20] [PAYLOAD_ENVIADO] {"orderId":"vpa3p08pp7","amount":6584,"status":"waiting_payment","utm_source":"","token":"41f6c466-fcdf-4b03-bf1f-99e935c6db4d"}
[2026-06-03 14:40:20] [RESPOSTA] {"http_code":202,"response":"{\"received\":true,\"traceId\":\"019e8e92-6929-7920-80a8-5fdabbb26251\"}","curl_err":null,"orderId":"vpa3p08pp7"}
[2026-06-03 14:40:22] [PAYLOAD_ENVIADO] {"orderId":"vpa8l8kll5","amount":6584,"status":"waiting_payment","utm_source":"","token":"41f6c466-fcdf-4b03-bf1f-99e935c6db4d"}
[2026-06-03 14:40:22] [RESPOSTA] {"http_code":202,"response":"{\"received\":true,\"traceId\":\"019e8e92-7203-731e-96c3-da1f20a540d8\"}","curl_err":null,"orderId":"vpa8l8kll5"}
[2026-06-03 14:40:35] [PAYLOAD_ENVIADO] {"orderId":"vpay0vd002","amount":6584,"status":"waiting_payment","utm_source":"","token":"41f6c466-fcdf-4b03-bf1f-99e935c6db4d"}
[2026-06-03 14:40:35] [RESPOSTA] {"http_code":202,"response":"{\"received\":true,\"traceId\":\"019e8e92-a389-7316-9f4a-71d830d71a6a\"}","curl_err":null,"orderId":"vpay0vd002"}
[2026-06-03 14:40:39] [PAYLOAD_ENVIADO] {"orderId":"vpam3r533g","amount":6584,"status":"waiting_payment","utm_source":"","token":"41f6c466-fcdf-4b03-bf1f-99e935c6db4d"}
[2026-06-03 14:40:39] [RESPOSTA] {"http_code":202,"response":"{\"received\":true,\"traceId\":\"019e8e92-b342-729b-a464-c0b5a369dd2f\"}","curl_err":null,"orderId":"vpam3r533g"}
[2026-06-03 14:40:41] [PAYLOAD_ENVIADO] {"orderId":"vpag4do445","amount":6584,"status":"waiting_payment","utm_source":"","token":"41f6c466-fcdf-4b03-bf1f-99e935c6db4d"}
[2026-06-03 14:40:41] [RESPOSTA] {"http_code":202,"response":"{\"received\":true,\"traceId\":\"019e8e92-b9d4-7d78-bcb2-7a00d120eff7\"}","curl_err":null,"orderId":"vpag4do445"}
[2026-06-03 14:40:42] [PAYLOAD_ENVIADO] {"orderId":"vpaje2vee1","amount":6584,"status":"waiting_payment","utm_source":"","token":"41f6c466-fcdf-4b03-bf1f-99e935c6db4d"}
[2026-06-03 14:40:42] [RESPOSTA] {"http_code":202,"response":"{\"received\":true,\"traceId\":\"019e8e92-be99-7639-8e80-592e881b5fe6\"}","curl_err":null,"orderId":"vpaje2vee1"}
[2026-06-03 14:40:43] [PAYLOAD_ENVIADO] {"orderId":"vpa231833r","amount":6584,"status":"waiting_payment","utm_source":"","token":"41f6c466-fcdf-4b03-bf1f-99e935c6db4d"}
[2026-06-03 14:40:43] [RESPOSTA] {"http_code":202,"response":"{\"received\":true,\"traceId\":\"019e8e92-c439-7db1-80d6-bab565d14b59\"}","curl_err":null,"orderId":"vpa231833r"}
[2026-06-03 14:40:43] [PAYLOAD_ENVIADO] {"orderId":"vpankl5kkp","amount":6584,"status":"waiting_payment","utm_source":"","token":"41f6c466-fcdf-4b03-bf1f-99e935c6db4d"}
[2026-06-03 14:40:43] [RESPOSTA] {"http_code":202,"response":"{\"received\":true,\"traceId\":\"019e8e92-c468-750a-a9ca-a8db3f014c7c\"}","curl_err":null,"orderId":"vpankl5kkp"}
[2026-06-03 14:40:44] [PAYLOAD_ENVIADO] {"orderId":"vpaprz5rrz","amount":6584,"status":"waiting_payment","utm_source":"","token":"41f6c466-fcdf-4b03-bf1f-99e935c6db4d"}
[2026-06-03 14:40:44] [RESPOSTA] {"http_code":202,"response":"{\"received\":true,\"traceId\":\"019e8e92-c748-7818-96cb-29925e09703a\"}","curl_err":null,"orderId":"vpaprz5rrz"}
[2026-06-03 14:40:45] [PAYLOAD_ENVIADO] {"orderId":"vpa1mn8m2k","amount":6584,"status":"waiting_payment","utm_source":"","token":"41f6c466-fcdf-4b03-bf1f-99e935c6db4d"}
[2026-06-03 14:40:45] [RESPOSTA] {"http_code":202,"response":"{\"received\":true,\"traceId\":\"019e8e92-c990-7061-be37-1e5694986782\"}","curl_err":null,"orderId":"vpa1mn8m2k"}
[2026-06-03 14:40:45] [PAYLOAD_ENVIADO] {"orderId":"vpa0nj8nyy","amount":6584,"status":"waiting_payment","utm_source":"","token":"41f6c466-fcdf-4b03-bf1f-99e935c6db4d"}
[2026-06-03 14:40:45] [RESPOSTA] {"http_code":202,"response":"{\"received\":true,\"traceId\":\"019e8e92-cbbb-7888-ad44-caa505ab39c9\"}","curl_err":null,"orderId":"vpa0nj8nyy"}
[2026-06-03 14:40:46] [PAYLOAD_ENVIADO] {"orderId":"vpavpnwpkl","amount":6584,"status":"waiting_payment","utm_source":"","token":"41f6c466-fcdf-4b03-bf1f-99e935c6db4d"}
[2026-06-03 14:40:46] [RESPOSTA] {"http_code":202,"response":"{\"received\":true,\"traceId\":\"019e8e92-cdb6-7044-a771-cdf9f2bd43f5\"}","curl_err":null,"orderId":"vpavpnwpkl"}
[2026-06-03 14:40:46] [PAYLOAD_ENVIADO] {"orderId":"vpalwo5w3l","amount":6584,"status":"waiting_payment","utm_source":"","token":"41f6c466-fcdf-4b03-bf1f-99e935c6db4d"}
[2026-06-03 14:40:46] [RESPOSTA] {"http_code":202,"response":"{\"received\":true,\"traceId\":\"019e8e92-d057-7413-b32c-364ab8d5cf65\"}","curl_err":null,"orderId":"vpalwo5w3l"}
[2026-06-03 14:40:52] [PAYLOAD_ENVIADO] {"orderId":"vpaeo6pok7","amount":6584,"status":"waiting_payment","utm_source":"","token":"41f6c466-fcdf-4b03-bf1f-99e935c6db4d"}
[2026-06-03 14:40:52] [RESPOSTA] {"http_code":202,"response":"{\"received\":true,\"traceId\":\"019e8e92-e55f-7568-8800-93f381abe306\"}","curl_err":null,"orderId":"vpaeo6pok7"}
[2026-06-03 14:41:08] [PAYLOAD_ENVIADO] {"orderId":"vpa736d3v7","amount":6584,"status":"waiting_payment","utm_source":"","token":"41f6c466-fcdf-4b03-bf1f-99e935c6db4d"}
[2026-06-03 14:41:08] [RESPOSTA] {"http_code":202,"response":"{\"received\":true,\"traceId\":\"019e8e93-237e-7ae5-97b9-6ad94d6c7768\"}","curl_err":null,"orderId":"vpa736d3v7"}
[2026-06-03 14:41:08] [PAYLOAD_ENVIADO] {"orderId":"vpay0vd082","amount":6584,"status":"waiting_payment","utm_source":"","token":"41f6c466-fcdf-4b03-bf1f-99e935c6db4d"}
[2026-06-03 14:41:08] [RESPOSTA] {"http_code":202,"response":"{\"received\":true,\"traceId\":\"019e8e93-2455-7399-a894-8c863b6ca44d\"}","curl_err":null,"orderId":"vpay0vd082"}
[2026-06-03 14:41:09] [PAYLOAD_ENVIADO] {"orderId":"vpam3r532g","amount":6584,"status":"waiting_payment","utm_source":"","token":"41f6c466-fcdf-4b03-bf1f-99e935c6db4d"}
[2026-06-03 14:41:09] [RESPOSTA] {"http_code":202,"response":"{\"received\":true,\"traceId\":\"019e8e93-2915-760d-9ba5-5a059f9934a7\"}","curl_err":null,"orderId":"vpam3r532g"}
[2026-06-03 14:41:10] [PAYLOAD_ENVIADO] {"orderId":"vpag4do4g5","amount":6584,"status":"waiting_payment","utm_source":"","token":"41f6c466-fcdf-4b03-bf1f-99e935c6db4d"}
[2026-06-03 14:41:10] [RESPOSTA] {"http_code":202,"response":"{\"received\":true,\"traceId\":\"019e8e93-2dea-7eda-8f45-46b6e0b0ef32\"}","curl_err":null,"orderId":"vpag4do4g5"}
[2026-06-03 14:41:12] [PAYLOAD_ENVIADO] {"orderId":"vpaje2ven1","amount":6584,"status":"waiting_payment","utm_source":"","token":"41f6c466-fcdf-4b03-bf1f-99e935c6db4d"}
[2026-06-03 14:41:12] [RESPOSTA] {"http_code":202,"response":"{\"received\":true,\"traceId\":\"019e8e93-353f-74c2-ad5f-e926b7d0a8b6\"}","curl_err":null,"orderId":"vpaje2ven1"}
[2026-06-03 14:41:15] [PAYLOAD_ENVIADO] {"orderId":"vpa23183gr","amount":6584,"status":"waiting_payment","utm_source":"","token":"41f6c466-fcdf-4b03-bf1f-99e935c6db4d"}
[2026-06-03 14:41:15] [RESPOSTA] {"http_code":202,"response":"{\"received\":true,\"traceId\":\"019e8e93-40ab-7e40-a64b-59ad8762f67b\"}","curl_err":null,"orderId":"vpa23183gr"}
[2026-06-03 17:41:25] [PAYLOAD_ENVIADO] {"orderId":"vpazp47ppr","amount":6584,"status":"paid","utm_source":"","token":"41f6c466-fcdf-4b03-bf1f-99e935c6db4d"}
[2026-06-03 17:41:25] [RESPOSTA] {"http_code":202,"response":"{\"received\":true,\"traceId\":\"019e8e93-67ea-779e-b766-f16f0ec92aa7\"}","curl_err":null,"orderId":"vpazp47ppr"}
[2026-06-03 17:41:29] [PAYLOAD_ENVIADO] {"orderId":"vpaeo6pok7","amount":6584,"status":"paid","utm_source":"","token":"41f6c466-fcdf-4b03-bf1f-99e935c6db4d"}
[2026-06-03 17:41:29] [RESPOSTA] {"http_code":202,"response":"{\"received\":true,\"traceId\":\"019e8e93-75ed-7b1d-bb69-23cf6b78ac1a\"}","curl_err":null,"orderId":"vpaeo6pok7"}
[2026-06-03 14:41:36] [PAYLOAD_ENVIADO] {"orderId":"vpa1mn8mpk","amount":6584,"status":"waiting_payment","utm_source":"","token":"41f6c466-fcdf-4b03-bf1f-99e935c6db4d"}
[2026-06-03 14:41:36] [RESPOSTA] {"http_code":202,"response":"{\"received\":true,\"traceId\":\"019e8e93-9221-7d02-bcc3-d9d1ddd2b5f3\"}","curl_err":null,"orderId":"vpa1mn8mpk"}
[2026-06-03 14:41:37] [PAYLOAD_ENVIADO] {"orderId":"vpaon5kn3n","amount":6584,"status":"waiting_payment","utm_source":"","token":"41f6c466-fcdf-4b03-bf1f-99e935c6db4d"}
[2026-06-03 14:41:37] [RESPOSTA] {"http_code":202,"response":"{\"received\":true,\"traceId\":\"019e8e93-9622-7d28-b903-70b208838a7c\"}","curl_err":null,"orderId":"vpaon5kn3n"}
[2026-06-03 17:41:41] [PAYLOAD_ENVIADO] {"orderId":"vpag4do445","amount":6584,"status":"paid","utm_source":"","token":"41f6c466-fcdf-4b03-bf1f-99e935c6db4d"}
[2026-06-03 17:41:41] [RESPOSTA] {"http_code":202,"response":"{\"received\":true,\"traceId\":\"019e8e93-a54d-713b-a576-0fc296e77811\"}","curl_err":null,"orderId":"vpag4do445"}
[2026-06-03 14:41:59] [PAYLOAD_ENVIADO] {"orderId":"vpa8l8kle5","amount":6584,"status":"waiting_payment","utm_source":"","token":"41f6c466-fcdf-4b03-bf1f-99e935c6db4d"}
[2026-06-03 14:41:59] [RESPOSTA] {"http_code":202,"response":"{\"received\":true,\"traceId\":\"019e8e93-ec41-7b48-9c78-b9b45bfc1503\"}","curl_err":null,"orderId":"vpa8l8kle5"}
[2026-06-03 14:42:13] [PAYLOAD_ENVIADO] {"orderId":"vpa1mn8mek","amount":6584,"status":"waiting_payment","utm_source":"","token":"41f6c466-fcdf-4b03-bf1f-99e935c6db4d"}
[2026-06-03 14:42:14] [RESPOSTA] {"http_code":202,"response":"{\"received\":true,\"traceId\":\"019e8e94-24e8-75a4-85b9-2b773a4b405c\"}","curl_err":null,"orderId":"vpa1mn8mek"}
[2026-06-03 14:42:15] [PAYLOAD_ENVIADO] {"orderId":"vpaon5knen","amount":6584,"status":"waiting_payment","utm_source":"","token":"41f6c466-fcdf-4b03-bf1f-99e935c6db4d"}
[2026-06-03 14:42:15] [RESPOSTA] {"http_code":202,"response":"{\"received\":true,\"traceId\":\"019e8e94-2ac9-7e5a-bf78-196797b820b3\"}","curl_err":null,"orderId":"vpaon5knen"}
[2026-06-03 14:42:19] [PAYLOAD_ENVIADO] {"orderId":"vpavpnwpll","amount":6584,"status":"waiting_payment","utm_source":"","token":"41f6c466-fcdf-4b03-bf1f-99e935c6db4d"}
[2026-06-03 14:42:19] [RESPOSTA] {"http_code":202,"response":"{\"received\":true,\"traceId\":\"019e8e94-38b0-7a13-a8ed-b326db1b2949\"}","curl_err":null,"orderId":"vpavpnwpll"}
[2026-06-03 14:42:20] [PAYLOAD_ENVIADO] {"orderId":"vpalwo5wgl","amount":6584,"status":"waiting_payment","utm_source":"","token":"41f6c466-fcdf-4b03-bf1f-99e935c6db4d"}
[2026-06-03 14:42:20] [RESPOSTA] {"http_code":202,"response":"{\"received\":true,\"traceId\":\"019e8e94-3cb0-7cc3-8cbe-e57f487f3028\"}","curl_err":null,"orderId":"vpalwo5wgl"}
[2026-06-03 14:42:24] [PAYLOAD_ENVIADO] {"orderId":"vpa5n46nod","amount":6584,"status":"waiting_payment","utm_source":"","token":"41f6c466-fcdf-4b03-bf1f-99e935c6db4d"}
[2026-06-03 14:42:24] [RESPOSTA] {"http_code":202,"response":"{\"received\":true,\"traceId\":\"019e8e94-4e6a-7b26-b4d5-ab32c006ab65\"}","curl_err":null,"orderId":"vpa5n46nod"}
[2026-06-03 14:42:29] [PAYLOAD_ENVIADO] {"orderId":"vpa6ve6v12","amount":6584,"status":"waiting_payment","utm_source":"","token":"41f6c466-fcdf-4b03-bf1f-99e935c6db4d"}
[2026-06-03 14:42:29] [RESPOSTA] {"http_code":202,"response":"{\"received\":true,\"traceId\":\"019e8e94-6167-7147-b66e-cb38cf9c4b89\"}","curl_err":null,"orderId":"vpa6ve6v12"}
[2026-06-03 14:42:42] [PAYLOAD_ENVIADO] {"orderId":"vpam3r531g","amount":6584,"status":"waiting_payment","utm_source":"","token":"41f6c466-fcdf-4b03-bf1f-99e935c6db4d"}
[2026-06-03 14:42:42] [RESPOSTA] {"http_code":202,"response":"{\"received\":true,\"traceId\":\"019e8e94-937b-7d4c-9f24-b2e749660d2e\"}","curl_err":null,"orderId":"vpam3r531g"}
[2026-06-03 14:42:42] [PAYLOAD_ENVIADO] {"orderId":"vpag4do485","amount":6584,"status":"waiting_payment","utm_source":"","token":"41f6c466-fcdf-4b03-bf1f-99e935c6db4d"}
[2026-06-03 14:42:42] [RESPOSTA] {"http_code":202,"response":"{\"received\":true,\"traceId\":\"019e8e94-9490-7bef-95c3-1a4917dac2c9\"}","curl_err":null,"orderId":"vpag4do485"}
[2026-06-03 14:42:43] [PAYLOAD_ENVIADO] {"orderId":"vpa736d31z","amount":6584,"status":"waiting_payment","utm_source":"","token":"41f6c466-fcdf-4b03-bf1f-99e935c6db4d"}
[2026-06-03 14:42:43] [RESPOSTA] {"http_code":202,"response":"{\"received\":true,\"traceId\":\"019e8e94-980c-7afb-a81e-38a6cafcb515\"}","curl_err":null,"orderId":"vpa736d31z"}
[2026-06-03 14:42:44] [PAYLOAD_ENVIADO] {"orderId":"vpay0vd0z3","amount":6584,"status":"waiting_payment","utm_source":"","token":"41f6c466-fcdf-4b03-bf1f-99e935c6db4d"}
[2026-06-03 14:42:45] [RESPOSTA] {"http_code":202,"response":"{\"received\":true,\"traceId\":\"019e8e94-9e10-7da3-aaae-35b788c0fd3c\"}","curl_err":null,"orderId":"vpay0vd0z3"}
[2026-06-03 14:43:03] [PAYLOAD_ENVIADO] {"orderId":"vpaprz5ry7","amount":6584,"status":"waiting_payment","utm_source":"","token":"41f6c466-fcdf-4b03-bf1f-99e935c6db4d"}
[2026-06-03 14:43:03] [RESPOSTA] {"http_code":202,"response":"{\"received\":true,\"traceId\":\"019e8e94-e6f2-72fb-917d-76f6d1472aa0\"}","curl_err":null,"orderId":"vpaprz5ry7"}
[2026-06-03 14:43:09] [PAYLOAD_ENVIADO] {"orderId":"vpa0nj8nmv","amount":6584,"status":"waiting_payment","utm_source":"","token":"41f6c466-fcdf-4b03-bf1f-99e935c6db4d"}
[2026-06-03 14:43:09] [RESPOSTA] {"http_code":202,"response":"{\"received\":true,\"traceId\":\"019e8e94-fd9b-79db-b504-5f4e4720e2f9\"}","curl_err":null,"orderId":"vpa0nj8nmv"}
[2026-06-03 14:43:14] [PAYLOAD_ENVIADO] {"orderId":"vpavpnwpz6","amount":6584,"status":"waiting_payment","utm_source":"","token":"41f6c466-fcdf-4b03-bf1f-99e935c6db4d"}
[2026-06-03 14:43:14] [RESPOSTA] {"http_code":202,"response":"{\"received\":true,\"traceId\":\"019e8e95-132b-7980-97f9-35f58682abd6\"}","curl_err":null,"orderId":"vpavpnwpz6"}
[2026-06-03 17:43:18] [PAYLOAD_ENVIADO] {"orderId":"vpaon5kn3n","amount":6584,"status":"paid","utm_source":"","token":"41f6c466-fcdf-4b03-bf1f-99e935c6db4d"}
[2026-06-03 17:43:18] [RESPOSTA] {"http_code":202,"response":"{\"received\":true,\"traceId\":\"019e8e95-1f9f-7c15-a5a4-337973b378b9\"}","curl_err":null,"orderId":"vpaon5kn3n"}
[2026-06-03 17:43:18] [PAYLOAD_ENVIADO] {"orderId":"vpa736d31z","amount":6584,"status":"paid","utm_source":"","token":"41f6c466-fcdf-4b03-bf1f-99e935c6db4d"}
[2026-06-03 17:43:18] [RESPOSTA] {"http_code":202,"response":"{\"received\":true,\"traceId\":\"019e8e95-2020-79fe-ad25-a5329976ba04\"}","curl_err":null,"orderId":"vpa736d31z"}
[2026-06-03 14:43:23] [PAYLOAD_ENVIADO] {"orderId":"vpaeo6poe2","amount":6584,"status":"waiting_payment","utm_source":"","token":"41f6c466-fcdf-4b03-bf1f-99e935c6db4d"}
[2026-06-03 14:43:23] [RESPOSTA] {"http_code":202,"response":"{\"received\":true,\"traceId\":\"019e8e95-364d-7320-85bd-8ed67c62b163\"}","curl_err":null,"orderId":"vpaeo6poe2"}
[2026-06-03 14:43:24] [PAYLOAD_ENVIADO] {"orderId":"vpazp47pyv","amount":6584,"status":"waiting_payment","utm_source":"","token":"41f6c466-fcdf-4b03-bf1f-99e935c6db4d"}
[2026-06-03 14:43:24] [RESPOSTA] {"http_code":202,"response":"{\"received\":true,\"traceId\":\"019e8e95-36e1-7e03-a5e1-be87c136649f\"}","curl_err":null,"orderId":"vpazp47pyv"}
[2026-06-03 14:43:31] [PAYLOAD_ENVIADO] {"orderId":"vpa3p08pr6","amount":6584,"status":"waiting_payment","utm_source":"","token":"41f6c466-fcdf-4b03-bf1f-99e935c6db4d"}
[2026-06-03 14:43:31] [RESPOSTA] {"http_code":202,"response":"{\"received\":true,\"traceId\":\"019e8e95-553e-7a77-970a-169bbc8704f6\"}","curl_err":null,"orderId":"vpa3p08pr6"}
[2026-06-03 14:43:33] [PAYLOAD_ENVIADO] {"orderId":"vpadrenr1w","amount":6584,"status":"waiting_payment","utm_source":"","token":"41f6c466-fcdf-4b03-bf1f-99e935c6db4d"}
[2026-06-03 14:43:33] [RESPOSTA] {"http_code":202,"response":"{\"received\":true,\"traceId\":\"019e8e95-5abf-70e2-9449-cfbc43cbd840\"}","curl_err":null,"orderId":"vpadrenr1w"}
[2026-06-03 14:43:44] [PAYLOAD_ENVIADO] {"orderId":"vpaprz5rp7","amount":6584,"status":"waiting_payment","utm_source":"","token":"41f6c466-fcdf-4b03-bf1f-99e935c6db4d"}
[2026-06-03 14:43:44] [RESPOSTA] {"http_code":202,"response":"{\"received\":true,\"traceId\":\"019e8e95-87e5-7584-a1e2-f2252b1b168a\"}","curl_err":null,"orderId":"vpaprz5rp7"}
[2026-06-03 14:43:56] [PAYLOAD_ENVIADO] {"orderId":"vpar3wz37o","amount":6584,"status":"waiting_payment","utm_source":"","token":"41f6c466-fcdf-4b03-bf1f-99e935c6db4d"}
[2026-06-03 14:43:56] [RESPOSTA] {"http_code":202,"response":"{\"received\":true,\"traceId\":\"019e8e95-b545-7136-8884-ab43ab966bb6\"}","curl_err":null,"orderId":"vpar3wz37o"}
[2026-06-03 14:43:56] [PAYLOAD_ENVIADO] {"orderId":"vpa0nj8nvv","amount":6584,"status":"waiting_payment","utm_source":"","token":"41f6c466-fcdf-4b03-bf1f-99e935c6db4d"}
[2026-06-03 14:43:56] [RESPOSTA] {"http_code":202,"response":"{\"received\":true,\"traceId\":\"019e8e95-b58e-7d78-8143-0ae085360ad0\"}","curl_err":null,"orderId":"vpa0nj8nvv"}
[2026-06-03 14:44:06] [PAYLOAD_ENVIADO] {"orderId":"vpalwo5w1v","amount":6584,"status":"waiting_payment","utm_source":"","token":"41f6c466-fcdf-4b03-bf1f-99e935c6db4d"}
[2026-06-03 14:44:06] [RESPOSTA] {"http_code":202,"response":"{\"received\":true,\"traceId\":\"019e8e95-db95-7f97-80d0-b32fb6897956\"}","curl_err":null,"orderId":"vpalwo5w1v"}
[2026-06-03 14:44:08] [PAYLOAD_ENVIADO] {"orderId":"vpa5n46nvm","amount":6584,"status":"waiting_payment","utm_source":"","token":"41f6c466-fcdf-4b03-bf1f-99e935c6db4d"}
[2026-06-03 14:44:08] [RESPOSTA] {"http_code":202,"response":"{\"received\":true,\"traceId\":\"019e8e95-e584-7fb6-aefa-098253a15679\"}","curl_err":null,"orderId":"vpa5n46nvm"}
[2026-06-03 14:44:09] [PAYLOAD_ENVIADO] {"orderId":"vpaeo6pov2","amount":6584,"status":"waiting_payment","utm_source":"","token":"41f6c466-fcdf-4b03-bf1f-99e935c6db4d"}
[2026-06-03 14:44:09] [RESPOSTA] {"http_code":202,"response":"{\"received\":true,\"traceId\":\"019e8e95-e885-7fdd-adbf-ee8125d0c244\"}","curl_err":null,"orderId":"vpaeo6pov2"}
[2026-06-03 14:44:10] [PAYLOAD_ENVIADO] {"orderId":"vpa6ve6vl6","amount":6584,"status":"waiting_payment","utm_source":"","token":"41f6c466-fcdf-4b03-bf1f-99e935c6db4d"}
[2026-06-03 14:44:10] [RESPOSTA] {"http_code":202,"response":"{\"received\":true,\"traceId\":\"019e8e95-ec84-78b3-892d-426ba6abf7c4\"}","curl_err":null,"orderId":"vpa6ve6vl6"}
[2026-06-03 14:44:11] [PAYLOAD_ENVIADO] {"orderId":"vpa8l8kloy","amount":6584,"status":"waiting_payment","utm_source":"","token":"41f6c466-fcdf-4b03-bf1f-99e935c6db4d"}
[2026-06-03 14:44:11] [RESPOSTA] {"http_code":202,"response":"{\"received\":true,\"traceId\":\"019e8e95-f143-73ef-be98-56be07cbe69c\"}","curl_err":null,"orderId":"vpa8l8kloy"}
[2026-06-03 14:44:12] [PAYLOAD_ENVIADO] {"orderId":"vpawp15p2g","amount":6584,"status":"waiting_payment","utm_source":"","token":"41f6c466-fcdf-4b03-bf1f-99e935c6db4d"}
[2026-06-03 14:44:12] [RESPOSTA] {"http_code":202,"response":"{\"received\":true,\"traceId\":\"019e8e95-f2ad-7ca5-99f1-c9aa398cf019\"}","curl_err":null,"orderId":"vpawp15p2g"}
[2026-06-03 14:44:16] [PAYLOAD_ENVIADO] {"orderId":"vpay0vd0k3","amount":6584,"status":"waiting_payment","utm_source":"","token":"41f6c466-fcdf-4b03-bf1f-99e935c6db4d"}
[2026-06-03 14:44:16] [RESPOSTA] {"http_code":202,"response":"{\"received\":true,\"traceId\":\"019e8e96-0428-784e-b0b6-e31717c03a94\"}","curl_err":null,"orderId":"vpay0vd0k3"}
[2026-06-03 14:44:18] [PAYLOAD_ENVIADO] {"orderId":"vpa23183k3","amount":6584,"status":"waiting_payment","utm_source":"","token":"41f6c466-fcdf-4b03-bf1f-99e935c6db4d"}
[2026-06-03 14:44:18] [RESPOSTA] {"http_code":202,"response":"{\"received\":true,\"traceId\":\"019e8e96-0a33-7dba-b2f3-6fc7b1311b5b\"}","curl_err":null,"orderId":"vpa23183k3"}
[2026-06-03 14:44:18] [PAYLOAD_ENVIADO] {"orderId":"vpankl5ko3","amount":6584,"status":"waiting_payment","utm_source":"","token":"41f6c466-fcdf-4b03-bf1f-99e935c6db4d"}
[2026-06-03 14:44:18] [RESPOSTA] {"http_code":202,"response":"{\"received\":true,\"traceId\":\"019e8e96-0aca-7b3c-a3a2-d2b86e8ba216\"}","curl_err":null,"orderId":"vpankl5ko3"}
[2026-06-03 14:44:19] [PAYLOAD_ENVIADO] {"orderId":"vpaprz5re7","amount":6584,"status":"waiting_payment","utm_source":"","token":"41f6c466-fcdf-4b03-bf1f-99e935c6db4d"}
[2026-06-03 14:44:19] [RESPOSTA] {"http_code":202,"response":"{\"received\":true,\"traceId\":\"019e8e96-0d82-7023-8d97-b4bca609ce8a\"}","curl_err":null,"orderId":"vpaprz5re7"}
[2026-06-03 14:44:20] [PAYLOAD_ENVIADO] {"orderId":"vpaon5knw7","amount":6584,"status":"waiting_payment","utm_source":"","token":"41f6c466-fcdf-4b03-bf1f-99e935c6db4d"}
[2026-06-03 14:44:20] [RESPOSTA] {"http_code":202,"response":"{\"received\":true,\"traceId\":\"019e8e96-12e2-7894-bdfd-2cfb70d2aab1\"}","curl_err":null,"orderId":"vpaon5knw7"}
[2026-06-03 14:44:25] [PAYLOAD_ENVIADO] {"orderId":"vpa0nj8ndv","amount":6584,"status":"waiting_payment","utm_source":"","token":"41f6c466-fcdf-4b03-bf1f-99e935c6db4d"}
[2026-06-03 14:44:25] [RESPOSTA] {"http_code":202,"response":"{\"received\":true,\"traceId\":\"019e8e96-286d-75e5-8e9c-ff54e5393017\"}","curl_err":null,"orderId":"vpa0nj8ndv"}
[2026-06-03 14:44:30] [PAYLOAD_ENVIADO] {"orderId":"vpaeo6po52","amount":6584,"status":"waiting_payment","utm_source":"","token":"41f6c466-fcdf-4b03-bf1f-99e935c6db4d"}
[2026-06-03 14:44:30] [RESPOSTA] {"http_code":202,"response":"{\"received\":true,\"traceId\":\"019e8e96-3ba2-7cb1-ad2b-de65be87fca6\"}","curl_err":null,"orderId":"vpaeo6po52"}
[2026-06-03 14:44:34] [PAYLOAD_ENVIADO] {"orderId":"vpa6ve6v46","amount":6584,"status":"waiting_payment","utm_source":"","token":"41f6c466-fcdf-4b03-bf1f-99e935c6db4d"}
[2026-06-03 14:44:34] [RESPOSTA] {"http_code":202,"response":"{\"received\":true,\"traceId\":\"019e8e96-4a6c-7a72-95a3-0a093d19b7a5\"}","curl_err":null,"orderId":"vpa6ve6v46"}
[2026-06-03 17:44:45] [PAYLOAD_ENVIADO] {"orderId":"vpawp15p2g","amount":6584,"status":"paid","utm_source":"","token":"41f6c466-fcdf-4b03-bf1f-99e935c6db4d"}
[2026-06-03 17:44:45] [RESPOSTA] {"http_code":202,"response":"{\"received\":true,\"traceId\":\"019e8e96-7577-7848-956a-61e237a702cf\"}","curl_err":null,"orderId":"vpawp15p2g"}
[2026-06-03 17:44:49] [PAYLOAD_ENVIADO] {"orderId":"vpaprz5rp7","amount":6584,"status":"paid","utm_source":"","token":"41f6c466-fcdf-4b03-bf1f-99e935c6db4d"}
[2026-06-03 17:44:49] [RESPOSTA] {"http_code":202,"response":"{\"received\":true,\"traceId\":\"019e8e96-82ae-773d-9c4b-14ba0487abe6\"}","curl_err":null,"orderId":"vpaprz5rp7"}
[2026-06-03 14:44:51] [PAYLOAD_ENVIADO] {"orderId":"vpakeple87","amount":6584,"status":"waiting_payment","utm_source":"","token":"41f6c466-fcdf-4b03-bf1f-99e935c6db4d"}
[2026-06-03 14:44:51] [RESPOSTA] {"http_code":202,"response":"{\"received\":true,\"traceId\":\"019e8e96-8dff-7e3a-9dcf-01f830290127\"}","curl_err":null,"orderId":"vpakeple87"}
[2026-06-03 14:44:53] [PAYLOAD_ENVIADO] {"orderId":"vpa736d34z","amount":6584,"status":"waiting_payment","utm_source":"","token":"41f6c466-fcdf-4b03-bf1f-99e935c6db4d"}
[2026-06-03 14:44:53] [RESPOSTA] {"http_code":202,"response":"{\"received\":true,\"traceId\":\"019e8e96-9587-7040-ad2b-19f89f4800b8\"}","curl_err":null,"orderId":"vpa736d34z"}
[2026-06-03 14:45:06] [PAYLOAD_ENVIADO] {"orderId":"vpaje2vekm","amount":6584,"status":"waiting_payment","utm_source":"","token":"41f6c466-fcdf-4b03-bf1f-99e935c6db4d"}
[2026-06-03 14:45:06] [RESPOSTA] {"http_code":202,"response":"{\"received\":true,\"traceId\":\"019e8e96-c5ba-7254-ae92-2de8e7d28650\"}","curl_err":null,"orderId":"vpaje2vekm"}
[2026-06-03 14:45:06] [PAYLOAD_ENVIADO] {"orderId":"vpag4do4rd","amount":6584,"status":"waiting_payment","utm_source":"","token":"41f6c466-fcdf-4b03-bf1f-99e935c6db4d"}
[2026-06-03 14:45:06] [RESPOSTA] {"http_code":202,"response":"{\"received\":true,\"traceId\":\"019e8e96-c5db-7e1b-a705-17ce0ccdf331\"}","curl_err":null,"orderId":"vpag4do4rd"}
[2026-06-03 17:45:11] [PAYLOAD_ENVIADO] {"orderId":"vpaprz5re7","amount":6584,"status":"paid","utm_source":"","token":"41f6c466-fcdf-4b03-bf1f-99e935c6db4d"}
[2026-06-03 17:45:11] [RESPOSTA] {"http_code":202,"response":"{\"received\":true,\"traceId\":\"019e8e96-dc02-732e-85b6-5d509a84024e\"}","curl_err":null,"orderId":"vpaprz5re7"}
[2026-06-03 14:45:20] [PAYLOAD_ENVIADO] {"orderId":"vpalwo5wpv","amount":6584,"status":"waiting_payment","utm_source":"","token":"41f6c466-fcdf-4b03-bf1f-99e935c6db4d"}
[2026-06-03 14:45:20] [RESPOSTA] {"http_code":202,"response":"{\"received\":true,\"traceId\":\"019e8e96-fc99-79e6-b48b-1d5a65670c39\"}","curl_err":null,"orderId":"vpalwo5wpv"}
[2026-06-03 14:45:38] [PAYLOAD_ENVIADO] {"orderId":"vpadrenr5w","amount":6584,"status":"waiting_payment","utm_source":"","token":"41f6c466-fcdf-4b03-bf1f-99e935c6db4d"}
[2026-06-03 14:45:39] [RESPOSTA] {"http_code":202,"response":"{\"received\":true,\"traceId\":\"019e8e97-45c1-7e86-a8e9-b3e0ed6a9210\"}","curl_err":null,"orderId":"vpadrenr5w"}
[2026-06-03 17:45:40] [PAYLOAD_ENVIADO] {"orderId":"vpa5n46nvm","amount":6584,"status":"paid","utm_source":"","token":"41f6c466-fcdf-4b03-bf1f-99e935c6db4d"}
[2026-06-03 17:45:40] [RESPOSTA] {"http_code":202,"response":"{\"received\":true,\"traceId\":\"019e8e97-4a07-778a-acec-c1443e1aae4f\"}","curl_err":null,"orderId":"vpa5n46nvm"}
[2026-06-03 14:45:41] [PAYLOAD_ENVIADO] {"orderId":"vpakeplen7","amount":6584,"status":"waiting_payment","utm_source":"","token":"41f6c466-fcdf-4b03-bf1f-99e935c6db4d"}
[2026-06-03 14:45:41] [RESPOSTA] {"http_code":202,"response":"{\"received\":true,\"traceId\":\"019e8e97-4e97-7301-bf0c-d6f43b00403a\"}","curl_err":null,"orderId":"vpakeplen7"}
[2026-06-03 14:45:42] [PAYLOAD_ENVIADO] {"orderId":"vpa736d3mz","amount":6584,"status":"waiting_payment","utm_source":"","token":"41f6c466-fcdf-4b03-bf1f-99e935c6db4d"}
[2026-06-03 14:45:42] [RESPOSTA] {"http_code":202,"response":"{\"received\":true,\"traceId\":\"019e8e97-52ef-7dc3-b214-0628a8986b9f\"}","curl_err":null,"orderId":"vpa736d3mz"}
[2026-06-03 14:45:43] [PAYLOAD_ENVIADO] {"orderId":"vpam3r53zn","amount":6584,"status":"waiting_payment","utm_source":"","token":"41f6c466-fcdf-4b03-bf1f-99e935c6db4d"}
[2026-06-03 14:45:43] [RESPOSTA] {"http_code":202,"response":"{\"received\":true,\"traceId\":\"019e8e97-556b-7821-b53f-5f340d2de857\"}","curl_err":null,"orderId":"vpam3r53zn"}
[2026-06-03 17:45:43] [PAYLOAD_ENVIADO] {"orderId":"vpaon5knw7","amount":6584,"status":"paid","utm_source":"","token":"41f6c466-fcdf-4b03-bf1f-99e935c6db4d"}
[2026-06-03 17:45:43] [RESPOSTA] {"http_code":202,"response":"{\"received\":true,\"traceId\":\"019e8e97-56ac-795c-9ecd-792a78a07e1b\"}","curl_err":null,"orderId":"vpaon5knw7"}
[2026-06-03 14:45:44] [PAYLOAD_ENVIADO] {"orderId":"vpa736d3yl","amount":6584,"status":"waiting_payment","utm_source":"","token":"41f6c466-fcdf-4b03-bf1f-99e935c6db4d"}
[2026-06-03 14:45:44] [RESPOSTA] {"http_code":202,"response":"{\"received\":true,\"traceId\":\"019e8e97-5bf3-72cd-acce-35ceddfce3f8\"}","curl_err":null,"orderId":"vpa736d3yl"}
[2026-06-03 14:45:45] [PAYLOAD_ENVIADO] {"orderId":"vpay0vd0w0","amount":6584,"status":"waiting_payment","utm_source":"","token":"41f6c466-fcdf-4b03-bf1f-99e935c6db4d"}
[2026-06-03 14:45:45] [RESPOSTA] {"http_code":202,"response":"{\"received\":true,\"traceId\":\"019e8e97-5e35-7318-97a9-e802626b9f66\"}","curl_err":null,"orderId":"vpay0vd0w0"}
[2026-06-03 14:45:45] [PAYLOAD_ENVIADO] {"orderId":"vpag4do46e","amount":6584,"status":"waiting_payment","utm_source":"","token":"41f6c466-fcdf-4b03-bf1f-99e935c6db4d"}
[2026-06-03 14:45:45] [RESPOSTA] {"http_code":202,"response":"{\"received\":true,\"traceId\":\"019e8e97-6092-7f86-a7bd-1ed658efa4e2\"}","curl_err":null,"orderId":"vpag4do46e"}
[2026-06-03 14:45:47] [PAYLOAD_ENVIADO] {"orderId":"vpaje2ve4y","amount":6584,"status":"waiting_payment","utm_source":"","token":"41f6c466-fcdf-4b03-bf1f-99e935c6db4d"}
[2026-06-03 14:45:47] [RESPOSTA] {"http_code":202,"response":"{\"received\":true,\"traceId\":\"019e8e97-67e6-7bb5-a717-49bb0d527eb1\"}","curl_err":null,"orderId":"vpaje2ve4y"}
[2026-06-03 14:45:50] [PAYLOAD_ENVIADO] {"orderId":"vpa23183dj","amount":6584,"status":"waiting_payment","utm_source":"","token":"41f6c466-fcdf-4b03-bf1f-99e935c6db4d"}
[2026-06-03 14:45:50] [RESPOSTA] {"http_code":202,"response":"{\"received\":true,\"traceId\":\"019e8e97-746f-7371-a1dd-11c5f02127d9\"}","curl_err":null,"orderId":"vpa23183dj"}
[2026-06-03 14:45:53] [PAYLOAD_ENVIADO] {"orderId":"vpaprz5rve","amount":6584,"status":"waiting_payment","utm_source":"","token":"41f6c466-fcdf-4b03-bf1f-99e935c6db4d"}
[2026-06-03 14:45:53] [RESPOSTA] {"http_code":202,"response":"{\"received\":true,\"traceId\":\"019e8e97-7ffc-7285-a817-d10def276d29\"}","curl_err":null,"orderId":"vpaprz5rve"}
[2026-06-03 14:45:54] [PAYLOAD_ENVIADO] {"orderId":"vpa1mn8ml4","amount":6584,"status":"waiting_payment","utm_source":"","token":"41f6c466-fcdf-4b03-bf1f-99e935c6db4d"}
[2026-06-03 14:45:54] [RESPOSTA] {"http_code":202,"response":"{\"received\":true,\"traceId\":\"019e8e97-83be-73f6-a1b3-5d799f16afd4\"}","curl_err":null,"orderId":"vpa1mn8ml4"}
[2026-06-03 14:45:57] [PAYLOAD_ENVIADO] {"orderId":"vpar3wz3k6","amount":6584,"status":"waiting_payment","utm_source":"","token":"41f6c466-fcdf-4b03-bf1f-99e935c6db4d"}
[2026-06-03 14:45:57] [RESPOSTA] {"http_code":202,"response":"{\"received\":true,\"traceId\":\"019e8e97-8d22-746a-b455-d240bbcc8aaf\"}","curl_err":null,"orderId":"vpar3wz3k6"}
[2026-06-03 14:46:21] [PAYLOAD_ENVIADO] {"orderId":"vpa8l8klm6","amount":6584,"status":"waiting_payment","utm_source":"","token":"41f6c466-fcdf-4b03-bf1f-99e935c6db4d"}
[2026-06-03 14:46:21] [RESPOSTA] {"http_code":202,"response":"{\"received\":true,\"traceId\":\"019e8e97-ecdf-730d-beda-5875f47da6ab\"}","curl_err":null,"orderId":"vpa8l8klm6"}
[2026-06-03 14:46:24] [PAYLOAD_ENVIADO] {"orderId":"vpawp15p3z","amount":6584,"status":"waiting_payment","utm_source":"","token":"41f6c466-fcdf-4b03-bf1f-99e935c6db4d"}
[2026-06-03 14:46:24] [RESPOSTA] {"http_code":202,"response":"{\"received\":true,\"traceId\":\"019e8e97-f8a0-718c-a57a-d8aec356884a\"}","curl_err":null,"orderId":"vpawp15p3z"}
[2026-06-03 14:46:25] [PAYLOAD_ENVIADO] {"orderId":"vpadrenr03","amount":6584,"status":"waiting_payment","utm_source":"","token":"41f6c466-fcdf-4b03-bf1f-99e935c6db4d"}
[2026-06-03 14:46:25] [RESPOSTA] {"http_code":202,"response":"{\"received\":true,\"traceId\":\"019e8e97-fb0e-7dea-817e-49fb7e4f2de5\"}","curl_err":null,"orderId":"vpadrenr03"}
[2026-06-03 14:46:28] [PAYLOAD_ENVIADO] {"orderId":"vpakeple5p","amount":6584,"status":"waiting_payment","utm_source":"","token":"41f6c466-fcdf-4b03-bf1f-99e935c6db4d"}
[2026-06-03 14:46:28] [RESPOSTA] {"http_code":202,"response":"{\"received\":true,\"traceId\":\"019e8e98-0557-7838-8325-8b7115e499ed\"}","curl_err":null,"orderId":"vpakeple5p"}
[2026-06-03 14:46:31] [PAYLOAD_ENVIADO] {"orderId":"vpam3r5372","amount":6584,"status":"waiting_payment","utm_source":"","token":"41f6c466-fcdf-4b03-bf1f-99e935c6db4d"}
[2026-06-03 14:46:31] [RESPOSTA] {"http_code":202,"response":"{\"received\":true,\"traceId\":\"019e8e98-1494-74f7-883a-f5f3cffc829f\"}","curl_err":null,"orderId":"vpam3r5372"}
[2026-06-03 14:46:38] [PAYLOAD_ENVIADO] {"orderId":"vpaje2vezy","amount":6584,"status":"waiting_payment","utm_source":"","token":"41f6c466-fcdf-4b03-bf1f-99e935c6db4d"}
[2026-06-03 14:46:38] [RESPOSTA] {"http_code":202,"response":"{\"received\":true,\"traceId\":\"019e8e98-2c90-7c24-92b5-96d8d218fd3b\"}","curl_err":null,"orderId":"vpaje2vezy"}
[2026-06-03 17:46:43] [PAYLOAD_ENVIADO] {"orderId":"vpag4do4rd","amount":6584,"status":"paid","utm_source":"","token":"41f6c466-fcdf-4b03-bf1f-99e935c6db4d"}
[2026-06-03 17:46:43] [RESPOSTA] {"http_code":202,"response":"{\"received\":true,\"traceId\":\"019e8e98-3fe2-770a-aa40-c41b01e10fbf\"}","curl_err":null,"orderId":"vpag4do4rd"}
[2026-06-03 14:46:43] [PAYLOAD_ENVIADO] {"orderId":"vpa1mn8m74","amount":6584,"status":"waiting_payment","utm_source":"","token":"41f6c466-fcdf-4b03-bf1f-99e935c6db4d"}
[2026-06-03 14:46:43] [RESPOSTA] {"http_code":202,"response":"{\"received\":true,\"traceId\":\"019e8e98-425e-72de-9741-82f8b6419034\"}","curl_err":null,"orderId":"vpa1mn8m74"}
[2026-06-03 14:46:57] [PAYLOAD_ENVIADO] {"orderId":"vpavpnwpo4","amount":6584,"status":"waiting_payment","utm_source":"","token":"41f6c466-fcdf-4b03-bf1f-99e935c6db4d"}
[2026-06-03 14:46:57] [RESPOSTA] {"http_code":202,"response":"{\"received\":true,\"traceId\":\"019e8e98-777c-7d02-92d0-0a72e7c22bc2\"}","curl_err":null,"orderId":"vpavpnwpo4"}
[2026-06-03 14:46:59] [PAYLOAD_ENVIADO] {"orderId":"vpa4nv6ng6","amount":6584,"status":"waiting_payment","utm_source":"","token":"41f6c466-fcdf-4b03-bf1f-99e935c6db4d"}
[2026-06-03 14:46:59] [RESPOSTA] {"http_code":202,"response":"{\"received\":true,\"traceId\":\"019e8e98-7f41-7f45-8046-d5cdbbc6d957\"}","curl_err":null,"orderId":"vpa4nv6ng6"}
[2026-06-03 14:47:09] [PAYLOAD_ENVIADO] {"orderId":"vpa8l8klp6","amount":6584,"status":"waiting_payment","utm_source":"","token":"41f6c466-fcdf-4b03-bf1f-99e935c6db4d"}
[2026-06-03 14:47:09] [RESPOSTA] {"http_code":202,"response":"{\"received\":true,\"traceId\":\"019e8e98-a60b-7d28-b61b-89af123b69dd\"}","curl_err":null,"orderId":"vpa8l8klp6"}
[2026-06-03 14:47:12] [PAYLOAD_ENVIADO] {"orderId":"vpadrenrz3","amount":6584,"status":"waiting_payment","utm_source":"","token":"41f6c466-fcdf-4b03-bf1f-99e935c6db4d"}
[2026-06-03 14:47:12] [RESPOSTA] {"http_code":202,"response":"{\"received\":true,\"traceId\":\"019e8e98-b383-739f-abe5-85818fbe1d89\"}","curl_err":null,"orderId":"vpadrenrz3"}
[2026-06-03 14:47:17] [PAYLOAD_ENVIADO] {"orderId":"vpam3r5362","amount":6584,"status":"waiting_payment","utm_source":"","token":"41f6c466-fcdf-4b03-bf1f-99e935c6db4d"}
[2026-06-03 14:47:17] [RESPOSTA] {"http_code":202,"response":"{\"received\":true,\"traceId\":\"019e8e98-c7e8-7c1e-b3b8-ff272deddf5a\"}","curl_err":null,"orderId":"vpam3r5362"}
[2026-06-03 17:47:19] [PAYLOAD_ENVIADO] {"orderId":"vpalwo5wgl","amount":6584,"status":"paid","utm_source":"","token":"41f6c466-fcdf-4b03-bf1f-99e935c6db4d"}
[2026-06-03 17:47:19] [RESPOSTA] {"http_code":202,"response":"{\"received\":true,\"traceId\":\"019e8e98-cce5-74e3-aa9a-0815fdeee93b\"}","curl_err":null,"orderId":"vpalwo5wgl"}
[2026-06-03 14:47:20] [PAYLOAD_ENVIADO] {"orderId":"vpaje2ve3y","amount":6584,"status":"waiting_payment","utm_source":"","token":"41f6c466-fcdf-4b03-bf1f-99e935c6db4d"}
[2026-06-03 14:47:20] [RESPOSTA] {"http_code":202,"response":"{\"received\":true,\"traceId\":\"019e8e98-d2cf-7ae6-9c26-c0f6ead197a2\"}","curl_err":null,"orderId":"vpaje2ve3y"}
[2026-06-03 14:47:32] [PAYLOAD_ENVIADO] {"orderId":"vpaeo6pon4","amount":6584,"status":"waiting_payment","utm_source":"","token":"41f6c466-fcdf-4b03-bf1f-99e935c6db4d"}
[2026-06-03 14:47:32] [RESPOSTA] {"http_code":202,"response":"{\"received\":true,\"traceId\":\"019e8e99-00f3-70e2-a591-19f314e70fa3\"}","curl_err":null,"orderId":"vpaeo6pon4"}
[2026-06-03 14:47:37] [PAYLOAD_ENVIADO] {"orderId":"vpa6ve6vgm","amount":6584,"status":"waiting_payment","utm_source":"","token":"41f6c466-fcdf-4b03-bf1f-99e935c6db4d"}
[2026-06-03 14:47:37] [RESPOSTA] {"http_code":202,"response":"{\"received\":true,\"traceId\":\"019e8e99-1331-7cce-979b-2b16044f5e13\"}","curl_err":null,"orderId":"vpa6ve6vgm"}
[2026-06-03 17:47:49] [PAYLOAD_ENVIADO] {"orderId":"vpay0vd002","amount":6584,"status":"paid","utm_source":"","token":"41f6c466-fcdf-4b03-bf1f-99e935c6db4d"}
[2026-06-03 17:47:49] [RESPOSTA] {"http_code":202,"response":"{\"received\":true,\"traceId\":\"019e8e99-422e-77db-a3e3-eb3d55adaba7\"}","curl_err":null,"orderId":"vpay0vd002"}
[2026-06-03 14:47:51] [PAYLOAD_ENVIADO] {"orderId":"vpaje2ve0y","amount":6584,"status":"waiting_payment","utm_source":"","token":"41f6c466-fcdf-4b03-bf1f-99e935c6db4d"}
[2026-06-03 14:47:51] [RESPOSTA] {"http_code":202,"response":"{\"received\":true,\"traceId\":\"019e8e99-4ab2-76f5-b65b-5bae722862ed\"}","curl_err":null,"orderId":"vpaje2ve0y"}
[2026-06-03 14:47:51] [PAYLOAD_ENVIADO] {"orderId":"vpa231835j","amount":6584,"status":"waiting_payment","utm_source":"","token":"41f6c466-fcdf-4b03-bf1f-99e935c6db4d"}
[2026-06-03 14:47:51] [RESPOSTA] {"http_code":202,"response":"{\"received\":true,\"traceId\":\"019e8e99-4cbc-7486-bcc1-3acc95749d6c\"}","curl_err":null,"orderId":"vpa231835j"}
[2026-06-03 14:47:54] [PAYLOAD_ENVIADO] {"orderId":"vpankl5k4e","amount":6584,"status":"waiting_payment","utm_source":"","token":"41f6c466-fcdf-4b03-bf1f-99e935c6db4d"}
[2026-06-03 14:47:54] [RESPOSTA] {"http_code":202,"response":"{\"received\":true,\"traceId\":\"019e8e99-55d1-7764-8a94-60e0279aa1f4\"}","curl_err":null,"orderId":"vpankl5k4e"}
[2026-06-03 14:47:59] [PAYLOAD_ENVIADO] {"orderId":"vpaprz5r8e","amount":6584,"status":"waiting_payment","utm_source":"","token":"41f6c466-fcdf-4b03-bf1f-99e935c6db4d"}
[2026-06-03 14:47:59] [RESPOSTA] {"http_code":202,"response":"{\"received\":true,\"traceId\":\"019e8e99-6977-77e0-86f4-d6c567039f0a\"}","curl_err":null,"orderId":"vpaprz5r8e"}
[2026-06-03 17:48:23] [PAYLOAD_ENVIADO] {"orderId":"vpaje2ve3y","amount":6584,"status":"paid","utm_source":"","token":"41f6c466-fcdf-4b03-bf1f-99e935c6db4d"}
[2026-06-03 17:48:23] [RESPOSTA] {"http_code":202,"response":"{\"received\":true,\"traceId\":\"019e8e99-c741-7f9d-b999-2cbdb23b9f32\"}","curl_err":null,"orderId":"vpaje2ve3y"}
[2026-06-03 17:48:26] [PAYLOAD_ENVIADO] {"orderId":"vpaje2ve0y","amount":6584,"status":"paid","utm_source":"","token":"41f6c466-fcdf-4b03-bf1f-99e935c6db4d"}
[2026-06-03 17:48:26] [RESPOSTA] {"http_code":202,"response":"{\"received\":true,\"traceId\":\"019e8e99-d315-704a-a297-1fddebad130f\"}","curl_err":null,"orderId":"vpaje2ve0y"}
[2026-06-03 14:48:38] [PAYLOAD_ENVIADO] {"orderId":"vpa3p08p5y","amount":6584,"status":"waiting_payment","utm_source":"","token":"41f6c466-fcdf-4b03-bf1f-99e935c6db4d"}
[2026-06-03 14:48:38] [RESPOSTA] {"http_code":202,"response":"{\"received\":true,\"traceId\":\"019e8e9a-03f4-76c0-a1cb-0100b260e91b\"}","curl_err":null,"orderId":"vpa3p08p5y"}
[2026-06-03 14:48:42] [PAYLOAD_ENVIADO] {"orderId":"vpawp15p4z","amount":6584,"status":"waiting_payment","utm_source":"","token":"41f6c466-fcdf-4b03-bf1f-99e935c6db4d"}
[2026-06-03 14:48:42] [RESPOSTA] {"http_code":202,"response":"{\"received\":true,\"traceId\":\"019e8e9a-1333-7c3f-bc02-41ca110ffb19\"}","curl_err":null,"orderId":"vpawp15p4z"}
[2026-06-03 14:48:50] [PAYLOAD_ENVIADO] {"orderId":"vpakeplerp","amount":6584,"status":"waiting_payment","utm_source":"","token":"41f6c466-fcdf-4b03-bf1f-99e935c6db4d"}
[2026-06-03 14:48:50] [RESPOSTA] {"http_code":202,"response":"{\"received\":true,\"traceId\":\"019e8e9a-303e-730e-924e-8a847d832a42\"}","curl_err":null,"orderId":"vpakeplerp"}
[2026-06-03 14:49:13] [PAYLOAD_ENVIADO] {"orderId":"vpaprz5rm6","amount":6584,"status":"waiting_payment","utm_source":"","token":"41f6c466-fcdf-4b03-bf1f-99e935c6db4d"}
[2026-06-03 14:49:13] [RESPOSTA] {"http_code":202,"response":"{\"received\":true,\"traceId\":\"019e8e9a-8bb2-7c57-9df7-4dbed1920a10\"}","curl_err":null,"orderId":"vpaprz5rm6"}
[2026-06-03 14:49:15] [PAYLOAD_ENVIADO] {"orderId":"vpa1mn8mj3","amount":6584,"status":"waiting_payment","utm_source":"","token":"41f6c466-fcdf-4b03-bf1f-99e935c6db4d"}
[2026-06-03 14:49:15] [RESPOSTA] {"http_code":202,"response":"{\"received\":true,\"traceId\":\"019e8e9a-92bc-71a5-a033-ffde0d47128d\"}","curl_err":null,"orderId":"vpa1mn8mj3"}
[2026-06-03 14:49:18] [PAYLOAD_ENVIADO] {"orderId":"vpaon5knyy","amount":6584,"status":"waiting_payment","utm_source":"","token":"41f6c466-fcdf-4b03-bf1f-99e935c6db4d"}
[2026-06-03 14:49:18] [RESPOSTA] {"http_code":202,"response":"{\"received\":true,\"traceId\":\"019e8e9a-9e1e-73e6-93e6-64db6eed12fc\"}","curl_err":null,"orderId":"vpaon5knyy"}
[2026-06-03 14:49:29] [PAYLOAD_ENVIADO] {"orderId":"vpar3wz3jn","amount":6584,"status":"waiting_payment","utm_source":"","token":"41f6c466-fcdf-4b03-bf1f-99e935c6db4d"}
[2026-06-03 14:49:29] [RESPOSTA] {"http_code":202,"response":"{\"received\":true,\"traceId\":\"019e8e9a-c954-7d3d-8213-5bd1cca7a290\"}","curl_err":null,"orderId":"vpar3wz3jn"}
[2026-06-03 14:49:32] [PAYLOAD_ENVIADO] {"orderId":"vpalwo5wrk","amount":6584,"status":"waiting_payment","utm_source":"","token":"41f6c466-fcdf-4b03-bf1f-99e935c6db4d"}
[2026-06-03 14:49:32] [RESPOSTA] {"http_code":202,"response":"{\"received\":true,\"traceId\":\"019e8e9a-d452-75d2-a614-b63180ff0894\"}","curl_err":null,"orderId":"vpalwo5wrk"}
[2026-06-03 14:49:38] [PAYLOAD_ENVIADO] {"orderId":"vpazp47pv8","amount":6584,"status":"waiting_payment","utm_source":"","token":"41f6c466-fcdf-4b03-bf1f-99e935c6db4d"}
[2026-06-03 14:49:38] [RESPOSTA] {"http_code":202,"response":"{\"received\":true,\"traceId\":\"019e8e9a-eccd-7b1d-82b0-5eb0e5c5d97b\"}","curl_err":null,"orderId":"vpazp47pv8"}
[2026-06-03 14:49:44] [PAYLOAD_ENVIADO] {"orderId":"vpa6ve6voz","amount":6584,"status":"waiting_payment","utm_source":"","token":"41f6c466-fcdf-4b03-bf1f-99e935c6db4d"}
[2026-06-03 14:49:44] [RESPOSTA] {"http_code":202,"response":"{\"received\":true,\"traceId\":\"019e8e9b-067a-77bd-b8fe-72ca7665af80\"}","curl_err":null,"orderId":"vpa6ve6voz"}
[2026-06-03 14:49:54] [PAYLOAD_ENVIADO] {"orderId":"vpakeplelk","amount":6584,"status":"waiting_payment","utm_source":"","token":"41f6c466-fcdf-4b03-bf1f-99e935c6db4d"}
[2026-06-03 14:49:54] [RESPOSTA] {"http_code":202,"response":"{\"received\":true,\"traceId\":\"019e8e9b-2a53-71c9-922f-af2dbce8bca0\"}","curl_err":null,"orderId":"vpakeplelk"}
[2026-06-03 14:49:58] [PAYLOAD_ENVIADO] {"orderId":"vpaje2vevk","amount":6584,"status":"waiting_payment","utm_source":"","token":"41f6c466-fcdf-4b03-bf1f-99e935c6db4d"}
[2026-06-03 14:49:58] [RESPOSTA] {"http_code":202,"response":"{\"received\":true,\"traceId\":\"019e8e9b-3b2e-715c-8dcf-cb7f73c17d86\"}","curl_err":null,"orderId":"vpaje2vevk"}
[2026-06-03 14:50:01] [PAYLOAD_ENVIADO] {"orderId":"vpa231838d","amount":6584,"status":"waiting_payment","utm_source":"","token":"41f6c466-fcdf-4b03-bf1f-99e935c6db4d"}
[2026-06-03 14:50:01] [RESPOSTA] {"http_code":202,"response":"{\"received\":true,\"traceId\":\"019e8e9b-4713-7b93-a578-b8a3429180ae\"}","curl_err":null,"orderId":"vpa231838d"}
[2026-06-03 17:50:05] [PAYLOAD_ENVIADO] {"orderId":"vpaprz5r8e","amount":6584,"status":"paid","utm_source":"","token":"41f6c466-fcdf-4b03-bf1f-99e935c6db4d"}
[2026-06-03 17:50:06] [RESPOSTA] {"http_code":202,"response":"{\"received\":true,\"traceId\":\"019e8e9b-58a8-7354-b7a2-26ae10ada92d\"}","curl_err":null,"orderId":"vpaprz5r8e"}
[2026-06-03 14:50:07] [PAYLOAD_ENVIADO] {"orderId":"vpa1mn8m83","amount":6584,"status":"waiting_payment","utm_source":"","token":"41f6c466-fcdf-4b03-bf1f-99e935c6db4d"}
[2026-06-03 14:50:07] [RESPOSTA] {"http_code":202,"response":"{\"received\":true,\"traceId\":\"019e8e9b-5f47-74e5-a55f-958fff94ef68\"}","curl_err":null,"orderId":"vpa1mn8m83"}
[2026-06-03 14:50:10] [PAYLOAD_ENVIADO] {"orderId":"vpavpnwpwd","amount":6584,"status":"waiting_payment","utm_source":"","token":"41f6c466-fcdf-4b03-bf1f-99e935c6db4d"}
[2026-06-03 14:50:10] [RESPOSTA] {"http_code":202,"response":"{\"received\":true,\"traceId\":\"019e8e9b-6ae1-7697-8d19-4922b9f024fc\"}","curl_err":null,"orderId":"vpavpnwpwd"}
[2026-06-03 14:50:13] [PAYLOAD_ENVIADO] {"orderId":"vpa5n46n6g","amount":6584,"status":"waiting_payment","utm_source":"","token":"41f6c466-fcdf-4b03-bf1f-99e935c6db4d"}
[2026-06-03 14:50:13] [RESPOSTA] {"http_code":202,"response":"{\"received\":true,\"traceId\":\"019e8e9b-755b-76d9-905c-9e01dfdce58d\"}","curl_err":null,"orderId":"vpa5n46n6g"}
[2026-06-03 17:50:56] [PAYLOAD_ENVIADO] {"orderId":"vpa1mn8m83","amount":6584,"status":"paid","utm_source":"","token":"41f6c466-fcdf-4b03-bf1f-99e935c6db4d"}
[2026-06-03 17:50:56] [RESPOSTA] {"http_code":202,"response":"{\"received\":true,\"traceId\":\"019e8e9c-1cee-73fd-aae8-5c983f714f32\"}","curl_err":null,"orderId":"vpa1mn8m83"}
[2026-06-03 14:50:58] [PAYLOAD_ENVIADO] {"orderId":"vpankl5kmy","amount":6584,"status":"waiting_payment","utm_source":"","token":"41f6c466-fcdf-4b03-bf1f-99e935c6db4d"}
[2026-06-03 14:50:58] [RESPOSTA] {"http_code":202,"response":"{\"received\":true,\"traceId\":\"019e8e9c-266f-7a4c-aaf7-f975310683cb\"}","curl_err":null,"orderId":"vpankl5kmy"}
[2026-06-03 14:51:03] [PAYLOAD_ENVIADO] {"orderId":"vpa1mn8mz3","amount":6584,"status":"waiting_payment","utm_source":"","token":"41f6c466-fcdf-4b03-bf1f-99e935c6db4d"}
[2026-06-03 14:51:03] [RESPOSTA] {"http_code":202,"response":"{\"received\":true,\"traceId\":\"019e8e9c-3966-74a8-ab92-2dd803397f3d\"}","curl_err":null,"orderId":"vpa1mn8mz3"}
[2026-06-03 14:51:28] [PAYLOAD_ENVIADO] {"orderId":"vpavpnwp0d","amount":6584,"status":"waiting_payment","utm_source":"","token":"41f6c466-fcdf-4b03-bf1f-99e935c6db4d"}
[2026-06-03 14:51:28] [RESPOSTA] {"http_code":202,"response":"{\"received\":true,\"traceId\":\"019e8e9c-9b0a-71d7-a81b-beea75315242\"}","curl_err":null,"orderId":"vpavpnwp0d"}
[2026-06-03 14:51:33] [PAYLOAD_ENVIADO] {"orderId":"vpaeo6po1g","amount":6584,"status":"waiting_payment","utm_source":"","token":"41f6c466-fcdf-4b03-bf1f-99e935c6db4d"}
[2026-06-03 14:51:33] [RESPOSTA] {"http_code":202,"response":"{\"received\":true,\"traceId\":\"019e8e9c-aece-7186-b056-627970ad2edc\"}","curl_err":null,"orderId":"vpaeo6po1g"}
[2026-06-03 14:52:09] [PAYLOAD_ENVIADO] {"orderId":"vpa23183wd","amount":6584,"status":"waiting_payment","utm_source":"","token":"41f6c466-fcdf-4b03-bf1f-99e935c6db4d"}
[2026-06-03 14:52:09] [RESPOSTA] {"http_code":202,"response":"{\"received\":true,\"traceId\":\"019e8e9d-3aac-7298-95a2-86904a69611b\"}","curl_err":null,"orderId":"vpa23183wd"}
[2026-06-03 14:52:32] [PAYLOAD_ENVIADO] {"orderId":"vpar3wz3dn","amount":6584,"status":"waiting_payment","utm_source":"","token":"41f6c466-fcdf-4b03-bf1f-99e935c6db4d"}
[2026-06-03 14:52:32] [RESPOSTA] {"http_code":202,"response":"{\"received\":true,\"traceId\":\"019e8e9d-9418-7a30-abd5-798d2c654ba6\"}","curl_err":null,"orderId":"vpar3wz3dn"}
[2026-06-03 14:52:38] [PAYLOAD_ENVIADO] {"orderId":"vpalwo5wdk","amount":6584,"status":"waiting_payment","utm_source":"","token":"41f6c466-fcdf-4b03-bf1f-99e935c6db4d"}
[2026-06-03 14:52:38] [RESPOSTA] {"http_code":202,"response":"{\"received\":true,\"traceId\":\"019e8e9d-ac18-7309-bf4d-ecbe50f7a41d\"}","curl_err":null,"orderId":"vpalwo5wdk"}
[2026-06-03 14:52:47] [PAYLOAD_ENVIADO] {"orderId":"vpaeo6po4g","amount":6584,"status":"waiting_payment","utm_source":"","token":"41f6c466-fcdf-4b03-bf1f-99e935c6db4d"}
[2026-06-03 14:52:47] [RESPOSTA] {"http_code":202,"response":"{\"received\":true,\"traceId\":\"019e8e9d-ceed-7275-a60a-96d9f7706430\"}","curl_err":null,"orderId":"vpaeo6po4g"}
[2026-06-03 14:52:48] [PAYLOAD_ENVIADO] {"orderId":"vpazp47pg8","amount":6584,"status":"waiting_payment","utm_source":"","token":"41f6c466-fcdf-4b03-bf1f-99e935c6db4d"}
[2026-06-03 14:52:48] [RESPOSTA] {"http_code":202,"response":"{\"received\":true,\"traceId\":\"019e8e9d-d37e-74a9-85ed-d3e9c3c25b19\"}","curl_err":null,"orderId":"vpazp47pg8"}
[2026-06-03 14:52:50] [PAYLOAD_ENVIADO] {"orderId":"vpa3p08pw0","amount":6584,"status":"waiting_payment","utm_source":"","token":"41f6c466-fcdf-4b03-bf1f-99e935c6db4d"}
[2026-06-03 14:52:50] [RESPOSTA] {"http_code":202,"response":"{\"received\":true,\"traceId\":\"019e8e9d-db3d-74ad-8e3c-807a3349d821\"}","curl_err":null,"orderId":"vpa3p08pw0"}
[2026-06-03 14:53:01] [PAYLOAD_ENVIADO] {"orderId":"vpadrenryo","amount":6584,"status":"waiting_payment","utm_source":"","token":"41f6c466-fcdf-4b03-bf1f-99e935c6db4d"}
[2026-06-03 14:53:01] [RESPOSTA] {"http_code":202,"response":"{\"received\":true,\"traceId\":\"019e8e9e-04b3-72be-97f0-9e185e1438c5\"}","curl_err":null,"orderId":"vpadrenryo"}
[2026-06-03 14:53:09] [PAYLOAD_ENVIADO] {"orderId":"vpakeple1k","amount":6584,"status":"waiting_payment","utm_source":"","token":"41f6c466-fcdf-4b03-bf1f-99e935c6db4d"}
[2026-06-03 14:53:09] [RESPOSTA] {"http_code":202,"response":"{\"received\":true,\"traceId\":\"019e8e9e-2602-7a85-9bec-9f4767943295\"}","curl_err":null,"orderId":"vpakeple1k"}
[2026-06-03 14:53:10] [PAYLOAD_ENVIADO] {"orderId":"vpam3r530w","amount":6584,"status":"waiting_payment","utm_source":"","token":"41f6c466-fcdf-4b03-bf1f-99e935c6db4d"}
[2026-06-03 14:53:10] [RESPOSTA] {"http_code":202,"response":"{\"received\":true,\"traceId\":\"019e8e9e-2a22-7def-ac87-30fb15159a74\"}","curl_err":null,"orderId":"vpam3r530w"}
[2026-06-03 14:53:35] [PAYLOAD_ENVIADO] {"orderId":"vpa1mn8myw","amount":6584,"status":"waiting_payment","utm_source":"","token":"41f6c466-fcdf-4b03-bf1f-99e935c6db4d"}
[2026-06-03 14:53:35] [RESPOSTA] {"http_code":202,"response":"{\"received\":true,\"traceId\":\"019e8e9e-89a3-7ee3-b30b-af50f9e0b355\"}","curl_err":null,"orderId":"vpa1mn8myw"}
[2026-06-03 14:53:36] [PAYLOAD_ENVIADO] {"orderId":"vpar3wz35p","amount":6584,"status":"waiting_payment","utm_source":"","token":"41f6c466-fcdf-4b03-bf1f-99e935c6db4d"}
[2026-06-03 14:53:36] [RESPOSTA] {"http_code":202,"response":"{\"received\":true,\"traceId\":\"019e8e9e-90ce-7002-90ba-6b0240a0a404\"}","curl_err":null,"orderId":"vpar3wz35p"}
[2026-06-03 14:53:38] [PAYLOAD_ENVIADO] {"orderId":"vpa5n46n24","amount":6584,"status":"waiting_payment","utm_source":"","token":"41f6c466-fcdf-4b03-bf1f-99e935c6db4d"}
[2026-06-03 14:53:38] [RESPOSTA] {"http_code":202,"response":"{\"received\":true,\"traceId\":\"019e8e9e-9658-7514-a355-1751a5c86039\"}","curl_err":null,"orderId":"vpa5n46n24"}
[2026-06-03 14:53:59] [PAYLOAD_ENVIADO] {"orderId":"vpag4do431","amount":6584,"status":"waiting_payment","utm_source":"","token":"41f6c466-fcdf-4b03-bf1f-99e935c6db4d"}
[2026-06-03 14:53:59] [RESPOSTA] {"http_code":202,"response":"{\"received\":true,\"traceId\":\"019e8e9e-e9c2-7468-b06e-a3c8adb6220b\"}","curl_err":null,"orderId":"vpag4do431"}
[2026-06-03 14:54:03] [PAYLOAD_ENVIADO] {"orderId":"vpa23183e2","amount":6584,"status":"waiting_payment","utm_source":"","token":"41f6c466-fcdf-4b03-bf1f-99e935c6db4d"}
[2026-06-03 14:54:03] [RESPOSTA] {"http_code":202,"response":"{\"received\":true,\"traceId\":\"019e8e9e-f9f9-752c-ac5d-265b99f8506d\"}","curl_err":null,"orderId":"vpa23183e2"}
[2026-06-03 14:54:27] [PAYLOAD_ENVIADO] {"orderId":"vpa8l8klnv","amount":6584,"status":"waiting_payment","utm_source":"","token":"41f6c466-fcdf-4b03-bf1f-99e935c6db4d"}
[2026-06-03 14:54:27] [RESPOSTA] {"http_code":202,"response":"{\"received\":true,\"traceId\":\"019e8e9f-5661-79b7-a50d-bfcb28fa91a1\"}","curl_err":null,"orderId":"vpa8l8klnv"}
[2026-06-03 14:54:55] [PAYLOAD_ENVIADO] {"orderId":"vpaprz5r2j","amount":6584,"status":"waiting_payment","utm_source":"","token":"41f6c466-fcdf-4b03-bf1f-99e935c6db4d"}
[2026-06-03 14:54:56] [RESPOSTA] {"http_code":202,"response":"{\"received\":true,\"traceId\":\"019e8e9f-c587-7cff-a304-4d34fbf6a428\"}","curl_err":null,"orderId":"vpaprz5r2j"}
[2026-06-03 14:55:09] [PAYLOAD_ENVIADO] {"orderId":"vpalwo5wyn","amount":6584,"status":"waiting_payment","utm_source":"","token":"41f6c466-fcdf-4b03-bf1f-99e935c6db4d"}
[2026-06-03 14:55:09] [RESPOSTA] {"http_code":202,"response":"{\"received\":true,\"traceId\":\"019e8e9f-fad6-7375-9144-b2d342f7b050\"}","curl_err":null,"orderId":"vpalwo5wyn"}
[2026-06-03 14:55:42] [PAYLOAD_ENVIADO] {"orderId":"vpam3r53k7","amount":6584,"status":"waiting_payment","utm_source":"","token":"41f6c466-fcdf-4b03-bf1f-99e935c6db4d"}
[2026-06-03 14:55:42] [RESPOSTA] {"http_code":202,"response":"{\"received\":true,\"traceId\":\"019e8ea0-7bf5-78bd-9e86-77dac3ea2969\"}","curl_err":null,"orderId":"vpam3r53k7"}
[2026-06-03 14:55:49] [PAYLOAD_ENVIADO] {"orderId":"vpa23183v2","amount":6584,"status":"waiting_payment","utm_source":"","token":"41f6c466-fcdf-4b03-bf1f-99e935c6db4d"}
[2026-06-03 14:55:49] [RESPOSTA] {"http_code":202,"response":"{\"received\":true,\"traceId\":\"019e8ea0-9846-74e0-8a47-9caa98a9b5d4\"}","curl_err":null,"orderId":"vpa23183v2"}
[2026-06-03 14:55:52] [PAYLOAD_ENVIADO] {"orderId":"vpankl5kv5","amount":6584,"status":"waiting_payment","utm_source":"","token":"41f6c466-fcdf-4b03-bf1f-99e935c6db4d"}
[2026-06-03 14:55:52] [RESPOSTA] {"http_code":202,"response":"{\"received\":true,\"traceId\":\"019e8ea0-a28a-73c7-8b1d-465121fab9d9\"}","curl_err":null,"orderId":"vpankl5kv5"}
[2026-06-03 14:55:54] [PAYLOAD_ENVIADO] {"orderId":"vpaon5knlv","amount":6584,"status":"waiting_payment","utm_source":"","token":"41f6c466-fcdf-4b03-bf1f-99e935c6db4d"}
[2026-06-03 14:55:54] [RESPOSTA] {"http_code":202,"response":"{\"received\":true,\"traceId\":\"019e8ea0-aa06-7f8d-ba20-bdfe9f13bf90\"}","curl_err":null,"orderId":"vpaon5knlv"}
[2026-06-03 14:56:48] [PAYLOAD_ENVIADO] {"orderId":"vpag4do4y1","amount":6584,"status":"waiting_payment","utm_source":"","token":"41f6c466-fcdf-4b03-bf1f-99e935c6db4d"}
[2026-06-03 14:56:48] [RESPOSTA] {"http_code":202,"response":"{\"received\":true,\"traceId\":\"019e8ea1-7e4e-76c2-8093-3ca8e085ddc0\"}","curl_err":null,"orderId":"vpag4do4y1"}
[2026-06-03 14:56:51] [PAYLOAD_ENVIADO] {"orderId":"vpam3r53p5","amount":6584,"status":"waiting_payment","utm_source":"","token":"41f6c466-fcdf-4b03-bf1f-99e935c6db4d"}
[2026-06-03 14:56:51] [RESPOSTA] {"http_code":202,"response":"{\"received\":true,\"traceId\":\"019e8ea1-87de-77d3-8a68-37cd6d375d12\"}","curl_err":null,"orderId":"vpam3r53p5"}
[2026-06-03 14:56:53] [PAYLOAD_ENVIADO] {"orderId":"vpag4do4y0","amount":6584,"status":"waiting_payment","utm_source":"","token":"41f6c466-fcdf-4b03-bf1f-99e935c6db4d"}
[2026-06-03 14:56:53] [RESPOSTA] {"http_code":202,"response":"{\"received\":true,\"traceId\":\"019e8ea1-8f70-74e1-a471-a172a1d65b91\"}","curl_err":null,"orderId":"vpag4do4y0"}
[2026-06-03 17:57:11] [PAYLOAD_ENVIADO] {"orderId":"vpam3r53k7","amount":6584,"status":"paid","utm_source":"","token":"41f6c466-fcdf-4b03-bf1f-99e935c6db4d"}
[2026-06-03 17:57:11] [RESPOSTA] {"http_code":202,"response":"{\"received\":true,\"traceId\":\"019e8ea1-d71b-771d-93bb-590fb5d67564\"}","curl_err":null,"orderId":"vpam3r53k7"}
[2026-06-03 14:57:19] [PAYLOAD_ENVIADO] {"orderId":"vpalwo5w2w","amount":6584,"status":"waiting_payment","utm_source":"","token":"41f6c466-fcdf-4b03-bf1f-99e935c6db4d"}
[2026-06-03 14:57:19] [RESPOSTA] {"http_code":202,"response":"{\"received\":true,\"traceId\":\"019e8ea1-f753-789c-84ec-4384834ea8ef\"}","curl_err":null,"orderId":"vpalwo5w2w"}
[2026-06-03 14:57:24] [PAYLOAD_ENVIADO] {"orderId":"vpa6ve6vzl","amount":6584,"status":"waiting_payment","utm_source":"","token":"41f6c466-fcdf-4b03-bf1f-99e935c6db4d"}
[2026-06-03 14:57:24] [RESPOSTA] {"http_code":202,"response":"{\"received\":true,\"traceId\":\"019e8ea2-08cf-7ca8-ae6a-8a6072a596d8\"}","curl_err":null,"orderId":"vpa6ve6vzl"}
[2026-06-03 14:57:25] [PAYLOAD_ENVIADO] {"orderId":"vpa3p08p41","amount":6584,"status":"waiting_payment","utm_source":"","token":"41f6c466-fcdf-4b03-bf1f-99e935c6db4d"}
[2026-06-03 14:57:25] [RESPOSTA] {"http_code":202,"response":"{\"received\":true,\"traceId\":\"019e8ea2-0ece-7c39-a10b-8060edd56abb\"}","curl_err":null,"orderId":"vpa3p08p41"}
[2026-06-03 14:57:29] [PAYLOAD_ENVIADO] {"orderId":"vpawp15pe3","amount":6584,"status":"waiting_payment","utm_source":"","token":"41f6c466-fcdf-4b03-bf1f-99e935c6db4d"}
[2026-06-03 14:57:29] [RESPOSTA] {"http_code":202,"response":"{\"received\":true,\"traceId\":\"019e8ea2-1eef-7d6a-a12f-994e1034ec52\"}","curl_err":null,"orderId":"vpawp15pe3"}
[2026-06-03 14:57:46] [PAYLOAD_ENVIADO] {"orderId":"vpa1mn8mvr","amount":6584,"status":"waiting_payment","utm_source":"","token":"41f6c466-fcdf-4b03-bf1f-99e935c6db4d"}
[2026-06-03 14:57:46] [RESPOSTA] {"http_code":202,"response":"{\"received\":true,\"traceId\":\"019e8ea2-60a9-73a2-afcf-433e27715fa8\"}","curl_err":null,"orderId":"vpa1mn8mvr"}
[2026-06-03 14:57:46] [PAYLOAD_ENVIADO] {"orderId":"vpaprz5ro2","amount":6584,"status":"waiting_payment","utm_source":"","token":"41f6c466-fcdf-4b03-bf1f-99e935c6db4d"}
[2026-06-03 14:57:46] [RESPOSTA] {"http_code":202,"response":"{\"received\":true,\"traceId\":\"019e8ea2-613f-7c9e-ae00-37d48d09f94a\"}","curl_err":null,"orderId":"vpaprz5ro2"}
[2026-06-03 14:57:50] [PAYLOAD_ENVIADO] {"orderId":"vpavpnwpn2","amount":6584,"status":"waiting_payment","utm_source":"","token":"41f6c466-fcdf-4b03-bf1f-99e935c6db4d"}
[2026-06-03 14:57:50] [RESPOSTA] {"http_code":202,"response":"{\"received\":true,\"traceId\":\"019e8ea2-6e11-7cc5-97a4-bea0229e63a5\"}","curl_err":null,"orderId":"vpavpnwpn2"}
[2026-06-03 14:57:52] [PAYLOAD_ENVIADO] {"orderId":"vpa4nv6nv2","amount":6584,"status":"waiting_payment","utm_source":"","token":"41f6c466-fcdf-4b03-bf1f-99e935c6db4d"}
[2026-06-03 14:57:52] [RESPOSTA] {"http_code":202,"response":"{\"received\":true,\"traceId\":\"019e8ea2-76d1-7dd0-866a-6ef34fc05bdb\"}","curl_err":null,"orderId":"vpa4nv6nv2"}
[2026-06-03 14:57:56] [PAYLOAD_ENVIADO] {"orderId":"vpaeo6po6r","amount":6584,"status":"waiting_payment","utm_source":"","token":"41f6c466-fcdf-4b03-bf1f-99e935c6db4d"}
[2026-06-03 14:57:56] [RESPOSTA] {"http_code":202,"response":"{\"received\":true,\"traceId\":\"019e8ea2-86fd-7377-84c4-9f41f9387da9\"}","curl_err":null,"orderId":"vpaeo6po6r"}
[2026-06-03 17:57:58] [PAYLOAD_ENVIADO] {"orderId":"vpa5n46n24","amount":6584,"status":"paid","utm_source":"","token":"41f6c466-fcdf-4b03-bf1f-99e935c6db4d"}
[2026-06-03 17:57:58] [RESPOSTA] {"http_code":202,"response":"{\"received\":true,\"traceId\":\"019e8ea2-8fb8-75fa-b9cf-6a377e68095c\"}","curl_err":null,"orderId":"vpa5n46n24"}
[2026-06-03 14:58:11] [PAYLOAD_ENVIADO] {"orderId":"vpa736d365","amount":6584,"status":"waiting_payment","utm_source":"","token":"41f6c466-fcdf-4b03-bf1f-99e935c6db4d"}
[2026-06-03 14:58:11] [RESPOSTA] {"http_code":202,"response":"{\"received\":true,\"traceId\":\"019e8ea2-c04b-77dd-8df6-98c739dd0095\"}","curl_err":null,"orderId":"vpa736d365"}
[2026-06-03 14:58:14] [PAYLOAD_ENVIADO] {"orderId":"vpaje2ve2d","amount":6584,"status":"waiting_payment","utm_source":"","token":"41f6c466-fcdf-4b03-bf1f-99e935c6db4d"}
[2026-06-03 14:58:14] [RESPOSTA] {"http_code":202,"response":"{\"received\":true,\"traceId\":\"019e8ea2-cd57-71f8-acc9-1ff1c0bd756f\"}","curl_err":null,"orderId":"vpaje2ve2d"}
[2026-06-03 14:58:18] [PAYLOAD_ENVIADO] {"orderId":"vpankl5klj","amount":6584,"status":"waiting_payment","utm_source":"","token":"41f6c466-fcdf-4b03-bf1f-99e935c6db4d"}
[2026-06-03 14:58:18] [RESPOSTA] {"http_code":202,"response":"{\"received\":true,\"traceId\":\"019e8ea2-dceb-720e-bbdf-5390b15a4a13\"}","curl_err":null,"orderId":"vpankl5klj"}
[2026-06-03 14:58:24] [PAYLOAD_ENVIADO] {"orderId":"vpaon5kn5o","amount":6584,"status":"waiting_payment","utm_source":"","token":"41f6c466-fcdf-4b03-bf1f-99e935c6db4d"}
[2026-06-03 14:58:24] [RESPOSTA] {"http_code":202,"response":"{\"received\":true,\"traceId\":\"019e8ea2-f3db-7b03-9ab1-05b495ca5e26\"}","curl_err":null,"orderId":"vpaon5kn5o"}
[2026-06-03 14:58:27] [PAYLOAD_ENVIADO] {"orderId":"vpavpnwk22","amount":6584,"status":"waiting_payment","utm_source":"","token":"41f6c466-fcdf-4b03-bf1f-99e935c6db4d"}
[2026-06-03 14:58:27] [RESPOSTA] {"http_code":202,"response":"{\"received\":true,\"traceId\":\"019e8ea3-0140-7c02-b484-03dbd4b9bfb6\"}","curl_err":null,"orderId":"vpavpnwk22"}
[2026-06-03 14:58:57] [PAYLOAD_ENVIADO] {"orderId":"vpa2318gnm","amount":6584,"status":"waiting_payment","utm_source":"","token":"41f6c466-fcdf-4b03-bf1f-99e935c6db4d"}
[2026-06-03 14:58:57] [RESPOSTA] {"http_code":202,"response":"{\"received\":true,\"traceId\":\"019e8ea3-74ef-71b0-82ff-fb0a73a79e5c\"}","curl_err":null,"orderId":"vpa2318gnm"}
[2026-06-03 14:59:05] [PAYLOAD_ENVIADO] {"orderId":"vpaon5kr8o","amount":6584,"status":"waiting_payment","utm_source":"","token":"41f6c466-fcdf-4b03-bf1f-99e935c6db4d"}
[2026-06-03 14:59:05] [RESPOSTA] {"http_code":202,"response":"{\"received\":true,\"traceId\":\"019e8ea3-95f8-7534-98cc-b54b6d8e8cd6\"}","curl_err":null,"orderId":"vpaon5kr8o"}
[2026-06-03 14:59:21] [PAYLOAD_ENVIADO] {"orderId":"vpa6ve63vl","amount":6584,"status":"waiting_payment","utm_source":"","token":"41f6c466-fcdf-4b03-bf1f-99e935c6db4d"}
[2026-06-03 14:59:21] [RESPOSTA] {"http_code":202,"response":"{\"received\":true,\"traceId\":\"019e8ea3-d312-7006-9420-72bb03d0d0f0\"}","curl_err":null,"orderId":"vpa6ve63vl"}
[2026-06-03 14:59:22] [PAYLOAD_ENVIADO] {"orderId":"vpa3p082p1","amount":6584,"status":"waiting_payment","utm_source":"","token":"41f6c466-fcdf-4b03-bf1f-99e935c6db4d"}
[2026-06-03 14:59:22] [RESPOSTA] {"http_code":202,"response":"{\"received\":true,\"traceId\":\"019e8ea3-d7c5-75b6-b296-79043226491c\"}","curl_err":null,"orderId":"vpa3p082p1"}
[2026-06-03 14:59:56] [PAYLOAD_ENVIADO] {"orderId":"vpa736dv37","amount":6584,"status":"waiting_payment","utm_source":"","token":"41f6c466-fcdf-4b03-bf1f-99e935c6db4d"}
[2026-06-03 14:59:56] [RESPOSTA] {"http_code":202,"response":"{\"received\":true,\"traceId\":\"019e8ea4-5b1a-73de-872a-3633ed5a51d5\"}","curl_err":null,"orderId":"vpa736dv37"}
[2026-06-03 15:00:05] [PAYLOAD_ENVIADO] {"orderId":"vpaje2vne1","amount":6584,"status":"waiting_payment","utm_source":"","token":"41f6c466-fcdf-4b03-bf1f-99e935c6db4d"}
[2026-06-03 15:00:05] [RESPOSTA] {"http_code":202,"response":"{\"received\":true,\"traceId\":\"019e8ea4-7fcb-7953-be55-b965236b4932\"}","curl_err":null,"orderId":"vpaje2vne1"}
[2026-06-03 15:00:07] [PAYLOAD_ENVIADO] {"orderId":"vpa2318g3r","amount":6584,"status":"waiting_payment","utm_source":"","token":"41f6c466-fcdf-4b03-bf1f-99e935c6db4d"}
[2026-06-03 15:00:07] [RESPOSTA] {"http_code":202,"response":"{\"received\":true,\"traceId\":\"019e8ea4-84d5-7b36-8860-e07752f01d0c\"}","curl_err":null,"orderId":"vpa2318g3r"}
[2026-06-03 15:00:08] [PAYLOAD_ENVIADO] {"orderId":"vpaprz53rz","amount":6584,"status":"waiting_payment","utm_source":"","token":"41f6c466-fcdf-4b03-bf1f-99e935c6db4d"}
[2026-06-03 15:00:08] [RESPOSTA] {"http_code":202,"response":"{\"received\":true,\"traceId\":\"019e8ea4-895c-7040-b1c3-2824172f61bc\"}","curl_err":null,"orderId":"vpaprz53rz"}
[2026-06-03 20:10:43] [PAYLOAD_ENVIADO] {"orderId":"vpazp47gnr","amount":6584,"status":"waiting_payment","utm_source":"","token":"41f6c466-fcdf-4b03-bf1f-99e935c6db4d"}
[2026-06-03 20:10:43] [RESPOSTA] {"http_code":202,"response":"{\"received\":true,\"traceId\":\"019e8fc0-e499-7b00-82cf-d8eb944ba85a\"}","curl_err":null,"orderId":"vpazp47gnr"}
[2026-06-03 20:11:12] [PAYLOAD_ENVIADO] {"orderId":"vpag4dokj5","amount":6584,"status":"waiting_payment","utm_source":"","token":"41f6c466-fcdf-4b03-bf1f-99e935c6db4d"}
[2026-06-03 20:11:12] [RESPOSTA] {"http_code":202,"response":"{\"received\":true,\"traceId\":\"019e8fc1-5444-702b-afff-050c60b9646f\"}","curl_err":null,"orderId":"vpag4dokj5"}
[2026-06-03 20:11:32] [PAYLOAD_ENVIADO] {"orderId":"vpar3wzd1m","amount":6584,"status":"waiting_payment","utm_source":"","token":"41f6c466-fcdf-4b03-bf1f-99e935c6db4d"}
[2026-06-03 20:11:32] [RESPOSTA] {"http_code":202,"response":"{\"received\":true,\"traceId\":\"019e8fc1-a2cd-707f-a50e-cc714089ac96\"}","curl_err":null,"orderId":"vpar3wzd1m"}
[2026-06-03 20:12:15] [PAYLOAD_ENVIADO] {"orderId":"vpaje2vd71","amount":6584,"status":"waiting_payment","utm_source":"","token":"41f6c466-fcdf-4b03-bf1f-99e935c6db4d"}
[2026-06-03 20:12:15] [RESPOSTA] {"http_code":202,"response":"{\"received\":true,\"traceId\":\"019e8fc2-4a08-7d70-9cf9-aaedb32d1966\"}","curl_err":null,"orderId":"vpaje2vd71"}
[2026-06-03 20:14:06] [PAYLOAD_ENVIADO] {"orderId":"vpaeo6p4g2","amount":6789,"status":"waiting_payment","utm_source":"","token":"41f6c466-fcdf-4b03-bf1f-99e935c6db4d"}
[2026-06-03 20:14:06] [PAYLOAD_ENVIADO] {"orderId":"vpa5n46w5m","amount":6584,"status":"waiting_payment","utm_source":"","token":"41f6c466-fcdf-4b03-bf1f-99e935c6db4d"}
[2026-06-03 20:14:06] [RESPOSTA] {"http_code":202,"response":"{\"received\":true,\"traceId\":\"019e8fc3-fb7f-7a88-8373-cb512f8a5a53\"}","curl_err":null,"orderId":"vpaeo6p4g2"}
[2026-06-03 20:14:06] [RESPOSTA] {"http_code":202,"response":"{\"received\":true,\"traceId\":\"019e8fc3-fb88-787b-afe3-9210a73e6b94\"}","curl_err":null,"orderId":"vpa5n46w5m"}
[2026-06-03 20:15:11] [PAYLOAD_ENVIADO] {"orderId":"vpadrenldw","amount":6789,"status":"waiting_payment","utm_source":"","token":"41f6c466-fcdf-4b03-bf1f-99e935c6db4d"}
[2026-06-03 20:15:11] [RESPOSTA] {"http_code":202,"response":"{\"received\":true,\"traceId\":\"019e8fc4-f8b8-7336-bf32-7f497077f97c\"}","curl_err":null,"orderId":"vpadrenldw"}
[2026-06-03 20:15:25] [PAYLOAD_ENVIADO] {"orderId":"vpaje2vdgm","amount":6789,"status":"waiting_payment","utm_source":"","token":"41f6c466-fcdf-4b03-bf1f-99e935c6db4d"}
[2026-06-03 20:15:25] [RESPOSTA] {"http_code":202,"response":"{\"received\":true,\"traceId\":\"019e8fc5-31fe-7de9-94ed-657021fafe6a\"}","curl_err":null,"orderId":"vpaje2vdgm"}
[2026-06-03 20:15:27] [PAYLOAD_ENVIADO] {"orderId":"vpa2318wl3","amount":6789,"status":"waiting_payment","utm_source":"","token":"41f6c466-fcdf-4b03-bf1f-99e935c6db4d"}
[2026-06-03 20:15:27] [RESPOSTA] {"http_code":202,"response":"{\"received\":true,\"traceId\":\"019e8fc5-3864-742e-a900-ae1668223d6d\"}","curl_err":null,"orderId":"vpa2318wl3"}
[2026-06-03 20:18:44] [PAYLOAD_ENVIADO] {"orderId":"vpavpnwm24","amount":6789,"status":"waiting_payment","utm_source":"","token":"41f6c466-fcdf-4b03-bf1f-99e935c6db4d"}
[2026-06-03 20:18:44] [RESPOSTA] {"http_code":202,"response":"{\"received\":true,\"traceId\":\"019e8fc8-3bb8-7810-a7f0-b02842ea7b92\"}","curl_err":null,"orderId":"vpavpnwm24"}
[2026-06-03 20:18:47] [PAYLOAD_ENVIADO] {"orderId":"vpa5n4623z","amount":6789,"status":"waiting_payment","utm_source":"","token":"41f6c466-fcdf-4b03-bf1f-99e935c6db4d"}
[2026-06-03 20:18:47] [RESPOSTA] {"http_code":202,"response":"{\"received\":true,\"traceId\":\"019e8fc8-45fa-7c0f-adf1-6969016fffdc\"}","curl_err":null,"orderId":"vpa5n4623z"}
[2026-06-03 20:19:20] [PAYLOAD_ENVIADO] {"orderId":"vpag4doj4e","amount":6789,"status":"waiting_payment","utm_source":"","token":"41f6c466-fcdf-4b03-bf1f-99e935c6db4d"}
[2026-06-03 20:19:20] [RESPOSTA] {"http_code":202,"response":"{\"received\":true,\"traceId\":\"019e8fc8-c7f0-7581-b6f3-d3403e04350a\"}","curl_err":null,"orderId":"vpag4doj4e"}
[2026-06-03 20:19:27] [PAYLOAD_ENVIADO] {"orderId":"vpankl5rke","amount":6789,"status":"waiting_payment","utm_source":"","token":"41f6c466-fcdf-4b03-bf1f-99e935c6db4d"}
[2026-06-03 20:19:27] [RESPOSTA] {"http_code":202,"response":"{\"received\":true,\"traceId\":\"019e8fc8-e0ec-71f6-8fea-d2ab90a00906\"}","curl_err":null,"orderId":"vpankl5rke"}
[2026-06-03 20:21:33] [PAYLOAD_ENVIADO] {"orderId":"vpag4dojee","amount":6789,"status":"waiting_payment","utm_source":"","token":"41f6c466-fcdf-4b03-bf1f-99e935c6db4d"}
[2026-06-03 20:21:33] [RESPOSTA] {"http_code":202,"response":"{\"received\":true,\"traceId\":\"019e8fca-ced1-75ef-a328-b1fd569040f6\"}","curl_err":null,"orderId":"vpag4dojee"}
[2026-06-03 20:21:47] [PAYLOAD_ENVIADO] {"orderId":"vpa0nj872e","amount":6789,"status":"waiting_payment","utm_source":"","token":"41f6c466-fcdf-4b03-bf1f-99e935c6db4d"}
[2026-06-03 20:21:47] [RESPOSTA] {"http_code":202,"response":"{\"received\":true,\"traceId\":\"019e8fcb-04f1-78a4-be1a-6e3267968c70\"}","curl_err":null,"orderId":"vpa0nj872e"}
[2026-06-03 20:21:58] [PAYLOAD_ENVIADO] {"orderId":"vpavpnwm84","amount":6789,"status":"waiting_payment","utm_source":"","token":"41f6c466-fcdf-4b03-bf1f-99e935c6db4d"}
[2026-06-03 20:21:58] [RESPOSTA] {"http_code":202,"response":"{\"received\":true,\"traceId\":\"019e8fcb-3032-70e8-891f-81050a677128\"}","curl_err":null,"orderId":"vpavpnwm84"}
[2026-06-03 20:22:09] [PAYLOAD_ENVIADO] {"orderId":"vpa5n462pz","amount":6789,"status":"waiting_payment","utm_source":"","token":"41f6c466-fcdf-4b03-bf1f-99e935c6db4d"}
[2026-06-03 20:22:09] [RESPOSTA] {"http_code":202,"response":"{\"received\":true,\"traceId\":\"019e8fcb-5c7d-759e-ae16-6ad82c90ed0a\"}","curl_err":null,"orderId":"vpa5n462pz"}
[2026-06-03 20:22:12] [PAYLOAD_ENVIADO] {"orderId":"vpazp47nwn","amount":6789,"status":"waiting_payment","utm_source":"","token":"41f6c466-fcdf-4b03-bf1f-99e935c6db4d"}
[2026-06-03 20:22:12] [RESPOSTA] {"http_code":202,"response":"{\"received\":true,\"traceId\":\"019e8fcb-6586-7662-87ba-054588931f98\"}","curl_err":null,"orderId":"vpazp47nwn"}
[2026-06-03 20:22:13] [PAYLOAD_ENVIADO] {"orderId":"vpa3p08gjy","amount":6789,"status":"waiting_payment","utm_source":"","token":"41f6c466-fcdf-4b03-bf1f-99e935c6db4d"}
[2026-06-03 20:22:13] [RESPOSTA] {"http_code":202,"response":"{\"received\":true,\"traceId\":\"019e8fcb-6927-740c-b883-d32303d163b5\"}","curl_err":null,"orderId":"vpa3p08gjy"}
[2026-06-03 20:22:13] [PAYLOAD_ENVIADO] {"orderId":"vpa6ve6npm","amount":6789,"status":"waiting_payment","utm_source":"","token":"41f6c466-fcdf-4b03-bf1f-99e935c6db4d"}
[2026-06-03 20:22:13] [RESPOSTA] {"http_code":202,"response":"{\"received\":true,\"traceId\":\"019e8fcb-6971-75e7-86b6-a5695b8fdbaf\"}","curl_err":null,"orderId":"vpa6ve6npm"}
[2026-06-03 20:22:13] [PAYLOAD_ENVIADO] {"orderId":"vpa8l8k1e6","amount":6789,"status":"waiting_payment","utm_source":"","token":"41f6c466-fcdf-4b03-bf1f-99e935c6db4d"}
[2026-06-03 20:22:13] [RESPOSTA] {"http_code":202,"response":"{\"received\":true,\"traceId\":\"019e8fcb-6ba1-792b-a542-0a8872bf03b1\"}","curl_err":null,"orderId":"vpa8l8k1e6"}
[2026-06-03 20:22:14] [PAYLOAD_ENVIADO] {"orderId":"vpawp15g8z","amount":6789,"status":"waiting_payment","utm_source":"","token":"41f6c466-fcdf-4b03-bf1f-99e935c6db4d"}
[2026-06-03 20:22:14] [RESPOSTA] {"http_code":202,"response":"{\"received\":true,\"traceId\":\"019e8fcb-6fd1-7331-8ebf-c9a3b8ea498b\"}","curl_err":null,"orderId":"vpawp15g8z"}
[2026-06-03 20:22:15] [PAYLOAD_ENVIADO] {"orderId":"vpadreny73","amount":6789,"status":"waiting_payment","utm_source":"","token":"41f6c466-fcdf-4b03-bf1f-99e935c6db4d"}
[2026-06-03 20:22:16] [RESPOSTA] {"http_code":202,"response":"{\"received\":true,\"traceId\":\"019e8fcb-744a-7123-a63f-66d5b1a51385\"}","curl_err":null,"orderId":"vpadreny73"}
[2026-06-03 20:22:25] [PAYLOAD_ENVIADO] {"orderId":"vpay0vd2z0","amount":6789,"status":"waiting_payment","utm_source":"","token":"41f6c466-fcdf-4b03-bf1f-99e935c6db4d"}
[2026-06-03 20:22:25] [RESPOSTA] {"http_code":202,"response":"{\"received\":true,\"traceId\":\"019e8fcb-98a3-75d7-84eb-06a4fd47444e\"}","curl_err":null,"orderId":"vpay0vd2z0"}
[2026-06-03 23:22:29] [PAYLOAD_ENVIADO] {"orderId":"vpa0nj872e","amount":6789,"status":"paid","utm_source":"","token":"41f6c466-fcdf-4b03-bf1f-99e935c6db4d"}
[2026-06-03 23:22:29] [RESPOSTA] {"http_code":202,"response":"{\"received\":true,\"traceId\":\"019e8fcb-aa81-7f06-847c-d54a3d2475ba\"}","curl_err":null,"orderId":"vpa0nj872e"}
[2026-06-03 20:22:30] [PAYLOAD_ENVIADO] {"orderId":"vpa736dp11","amount":6789,"status":"waiting_payment","utm_source":"","token":"41f6c466-fcdf-4b03-bf1f-99e935c6db4d"}
[2026-06-03 20:22:30] [RESPOSTA] {"http_code":202,"response":"{\"received\":true,\"traceId\":\"019e8fcb-ae7b-76f7-b2ce-f384243f95f9\"}","curl_err":null,"orderId":"vpa736dp11"}
[2026-06-03 20:22:34] [PAYLOAD_ENVIADO] {"orderId":"vpam3r501w","amount":6789,"status":"waiting_payment","utm_source":"","token":"41f6c466-fcdf-4b03-bf1f-99e935c6db4d"}
[2026-06-03 20:22:34] [RESPOSTA] {"http_code":202,"response":"{\"received\":true,\"traceId\":\"019e8fcb-bdb8-7021-8f13-91bd255b8e53\"}","curl_err":null,"orderId":"vpam3r501w"}
[2026-06-03 20:22:37] [PAYLOAD_ENVIADO] {"orderId":"vpaje2vpyk","amount":6789,"status":"waiting_payment","utm_source":"","token":"41f6c466-fcdf-4b03-bf1f-99e935c6db4d"}
[2026-06-03 20:22:37] [RESPOSTA] {"http_code":202,"response":"{\"received\":true,\"traceId\":\"019e8fcb-c88b-7d6c-ba00-d6f6d08c88f1\"}","curl_err":null,"orderId":"vpaje2vpyk"}
[2026-06-03 20:22:40] [PAYLOAD_ENVIADO] {"orderId":"vpankl5rwy","amount":6789,"status":"waiting_payment","utm_source":"","token":"41f6c466-fcdf-4b03-bf1f-99e935c6db4d"}
[2026-06-03 20:22:40] [RESPOSTA] {"http_code":202,"response":"{\"received\":true,\"traceId\":\"019e8fcb-d3c3-713e-bfbb-2af68af3b6dd\"}","curl_err":null,"orderId":"vpankl5rwy"}
[2026-06-03 20:22:47] [PAYLOAD_ENVIADO] {"orderId":"vpa0nj87p8","amount":6789,"status":"waiting_payment","utm_source":"","token":"41f6c466-fcdf-4b03-bf1f-99e935c6db4d"}
[2026-06-03 20:22:47] [RESPOSTA] {"http_code":202,"response":"{\"received\":true,\"traceId\":\"019e8fcb-f053-731f-bf75-ba52fee8e00b\"}","curl_err":null,"orderId":"vpa0nj87p8"}
[2026-06-03 20:22:59] [PAYLOAD_ENVIADO] {"orderId":"vpazp47n18","amount":6789,"status":"waiting_payment","utm_source":"","token":"41f6c466-fcdf-4b03-bf1f-99e935c6db4d"}
[2026-06-03 20:22:59] [RESPOSTA] {"http_code":202,"response":"{\"received\":true,\"traceId\":\"019e8fcc-1fde-7004-945d-4185a146731f\"}","curl_err":null,"orderId":"vpazp47n18"}
[2026-06-03 20:23:06] [PAYLOAD_ENVIADO] {"orderId":"vpa3p08gk0","amount":6789,"status":"waiting_payment","utm_source":"","token":"41f6c466-fcdf-4b03-bf1f-99e935c6db4d"}
[2026-06-03 20:23:06] [RESPOSTA] {"http_code":202,"response":"{\"received\":true,\"traceId\":\"019e8fcc-3aab-700c-9239-54dfb5064698\"}","curl_err":null,"orderId":"vpa3p08gk0"}
[2026-06-03 20:23:09] [PAYLOAD_ENVIADO] {"orderId":"vpadreny1o","amount":6789,"status":"waiting_payment","utm_source":"","token":"41f6c466-fcdf-4b03-bf1f-99e935c6db4d"}
[2026-06-03 20:23:09] [RESPOSTA] {"http_code":202,"response":"{\"received\":true,\"traceId\":\"019e8fcc-453b-7b6f-aec2-1a5aa3afeb4d\"}","curl_err":null,"orderId":"vpadreny1o"}
[2026-06-03 23:23:11] [PAYLOAD_ENVIADO] {"orderId":"vpa6ve6npm","amount":6789,"status":"paid","utm_source":"","token":"41f6c466-fcdf-4b03-bf1f-99e935c6db4d"}
[2026-06-03 23:23:11] [RESPOSTA] {"http_code":202,"response":"{\"received\":true,\"traceId\":\"019e8fcc-4bb5-78b1-9b0e-aa4b72c50314\"}","curl_err":null,"orderId":"vpa6ve6npm"}
[2026-06-03 20:23:14] [PAYLOAD_ENVIADO] {"orderId":"vpakepl1vk","amount":3990,"status":"waiting_payment","utm_source":"","token":"41f6c466-fcdf-4b03-bf1f-99e935c6db4d"}
[2026-06-03 20:23:14] [RESPOSTA] {"http_code":202,"response":"{\"received\":true,\"traceId\":\"019e8fcc-5750-7884-81bb-c44a69cb3aba\"}","curl_err":null,"orderId":"vpakepl1vk"}
[2026-06-03 20:23:14] [PAYLOAD_ENVIADO] {"orderId":"vpa736dpr1","amount":6789,"status":"waiting_payment","utm_source":"","token":"41f6c466-fcdf-4b03-bf1f-99e935c6db4d"}
[2026-06-03 20:23:14] [RESPOSTA] {"http_code":202,"response":"{\"received\":true,\"traceId\":\"019e8fcc-5a0d-7441-8383-5ecaeea922e8\"}","curl_err":null,"orderId":"vpa736dpr1"}
[2026-06-03 20:23:21] [PAYLOAD_ENVIADO] {"orderId":"vpam3r508w","amount":6789,"status":"waiting_payment","utm_source":"","token":"41f6c466-fcdf-4b03-bf1f-99e935c6db4d"}
[2026-06-03 20:23:21] [RESPOSTA] {"http_code":202,"response":"{\"received\":true,\"traceId\":\"019e8fcc-73f2-721f-8d6c-d6af2fa38e70\"}","curl_err":null,"orderId":"vpam3r508w"}
[2026-06-03 20:23:23] [PAYLOAD_ENVIADO] {"orderId":"vpag4dojvr","amount":6789,"status":"waiting_payment","utm_source":"","token":"41f6c466-fcdf-4b03-bf1f-99e935c6db4d"}
[2026-06-03 20:23:23] [RESPOSTA] {"http_code":202,"response":"{\"received\":true,\"traceId\":\"019e8fcc-7c40-7a28-82c5-4ad516850aa4\"}","curl_err":null,"orderId":"vpag4dojvr"}
[2026-06-03 20:23:25] [PAYLOAD_ENVIADO] {"orderId":"vpankl5rzy","amount":6789,"status":"waiting_payment","utm_source":"","token":"41f6c466-fcdf-4b03-bf1f-99e935c6db4d"}
[2026-06-03 20:23:25] [RESPOSTA] {"http_code":202,"response":"{\"received\":true,\"traceId\":\"019e8fcc-82db-725f-bd94-e0180dd6ec4c\"}","curl_err":null,"orderId":"vpankl5rzy"}
[2026-06-03 23:23:26] [PAYLOAD_ENVIADO] {"orderId":"vpa5n462pz","amount":6789,"status":"paid","utm_source":"","token":"41f6c466-fcdf-4b03-bf1f-99e935c6db4d"}
[2026-06-03 23:23:26] [RESPOSTA] {"http_code":202,"response":"{\"received\":true,\"traceId\":\"019e8fcc-8679-75c6-b5a2-6c2d7d8fb3c3\"}","curl_err":null,"orderId":"vpa5n462pz"}
[2026-06-03 20:23:28] [PAYLOAD_ENVIADO] {"orderId":"vpaprz5ly6","amount":6789,"status":"waiting_payment","utm_source":"","token":"41f6c466-fcdf-4b03-bf1f-99e935c6db4d"}
[2026-06-03 20:23:28] [RESPOSTA] {"http_code":202,"response":"{\"received\":true,\"traceId\":\"019e8fcc-8e7f-7839-8cb0-e02b1f2e8f6c\"}","curl_err":null,"orderId":"vpaprz5ly6"}
[2026-06-03 20:23:29] [PAYLOAD_ENVIADO] {"orderId":"vpaon5kv7y","amount":6789,"status":"waiting_payment","utm_source":"","token":"41f6c466-fcdf-4b03-bf1f-99e935c6db4d"}
[2026-06-03 20:23:29] [RESPOSTA] {"http_code":202,"response":"{\"received\":true,\"traceId\":\"019e8fcc-94d5-7db3-ac93-68ae9807fd40\"}","curl_err":null,"orderId":"vpaon5kv7y"}
[2026-06-03 20:23:33] [PAYLOAD_ENVIADO] {"orderId":"vpa0nj87m8","amount":6789,"status":"waiting_payment","utm_source":"","token":"41f6c466-fcdf-4b03-bf1f-99e935c6db4d"}
[2026-06-03 20:23:33] [RESPOSTA] {"http_code":202,"response":"{\"received\":true,\"traceId\":\"019e8fcc-a123-7524-a2a0-4b2682aca43e\"}","curl_err":null,"orderId":"vpa0nj87m8"}
[2026-06-03 20:23:34] [PAYLOAD_ENVIADO] {"orderId":"vpar3wz5gn","amount":6789,"status":"waiting_payment","utm_source":"","token":"41f6c466-fcdf-4b03-bf1f-99e935c6db4d"}
[2026-06-03 20:23:34] [RESPOSTA] {"http_code":202,"response":"{\"received\":true,\"traceId\":\"019e8fcc-a607-7533-b6df-664912ea6c43\"}","curl_err":null,"orderId":"vpar3wz5gn"}
[2026-06-03 20:23:38] [PAYLOAD_ENVIADO] {"orderId":"vpalwo5klk","amount":6789,"status":"waiting_payment","utm_source":"","token":"41f6c466-fcdf-4b03-bf1f-99e935c6db4d"}
[2026-06-03 20:23:38] [RESPOSTA] {"http_code":202,"response":"{\"received\":true,\"traceId\":\"019e8fcc-b524-7638-a1e2-6cade3cc4ca1\"}","curl_err":null,"orderId":"vpalwo5klk"}
[2026-06-03 20:23:41] [PAYLOAD_ENVIADO] {"orderId":"vpa5n462rg","amount":6789,"status":"waiting_payment","utm_source":"","token":"41f6c466-fcdf-4b03-bf1f-99e935c6db4d"}
[2026-06-03 20:23:41] [RESPOSTA] {"http_code":202,"response":"{\"received\":true,\"traceId\":\"019e8fcc-c418-76ec-a619-208f4139ef95\"}","curl_err":null,"orderId":"vpa5n462rg"}
[2026-06-03 20:23:47] [PAYLOAD_ENVIADO] {"orderId":"vpazp47ny8","amount":6789,"status":"waiting_payment","utm_source":"","token":"41f6c466-fcdf-4b03-bf1f-99e935c6db4d"}
[2026-06-03 20:23:47] [RESPOSTA] {"http_code":202,"response":"{\"received\":true,\"traceId\":\"019e8fcc-d8b5-77b7-837c-3ac75654f9b8\"}","curl_err":null,"orderId":"vpazp47ny8"}
[2026-06-03 23:23:48] [PAYLOAD_ENVIADO] {"orderId":"vpakepl1vk","amount":3990,"status":"paid","utm_source":"","token":"41f6c466-fcdf-4b03-bf1f-99e935c6db4d"}
[2026-06-03 23:23:48] [RESPOSTA] {"http_code":202,"response":"{\"received\":true,\"traceId\":\"019e8fcc-dbf4-7807-b617-df0d73aabecc\"}","curl_err":null,"orderId":"vpakepl1vk"}
[2026-06-03 20:23:48] [PAYLOAD_ENVIADO] {"orderId":"vpa3p08gr0","amount":6789,"status":"waiting_payment","utm_source":"","token":"41f6c466-fcdf-4b03-bf1f-99e935c6db4d"}
[2026-06-03 20:23:48] [RESPOSTA] {"http_code":202,"response":"{\"received\":true,\"traceId\":\"019e8fcc-dc77-7eae-9782-bf53b380729e\"}","curl_err":null,"orderId":"vpa3p08gr0"}
[2026-06-03 20:23:56] [PAYLOAD_ENVIADO] {"orderId":"vpay0vd2k7","amount":6789,"status":"waiting_payment","utm_source":"","token":"41f6c466-fcdf-4b03-bf1f-99e935c6db4d"}
[2026-06-03 20:23:56] [RESPOSTA] {"http_code":202,"response":"{\"received\":true,\"traceId\":\"019e8fcc-fcd4-782f-a089-f6b8a68b1698\"}","curl_err":null,"orderId":"vpay0vd2k7"}
[2026-06-03 20:23:56] [PAYLOAD_ENVIADO] {"orderId":"vpaje2vpwk","amount":6789,"status":"waiting_payment","utm_source":"","token":"41f6c466-fcdf-4b03-bf1f-99e935c6db4d"}
[2026-06-03 20:23:56] [RESPOSTA] {"http_code":202,"response":"{\"received\":true,\"traceId\":\"019e8fcc-fded-78b6-8808-d729ca83d36f\"}","curl_err":null,"orderId":"vpaje2vpwk"}
[2026-06-03 20:23:57] [PAYLOAD_ENVIADO] {"orderId":"vpa2318m4d","amount":6789,"status":"waiting_payment","utm_source":"","token":"41f6c466-fcdf-4b03-bf1f-99e935c6db4d"}
[2026-06-03 20:23:57] [RESPOSTA] {"http_code":202,"response":"{\"received\":true,\"traceId\":\"019e8fcc-ffe3-7bde-8806-1ff93fef6de7\"}","curl_err":null,"orderId":"vpa2318m4d"}
[2026-06-03 20:23:59] [PAYLOAD_ENVIADO] {"orderId":"vpankl5rey","amount":6789,"status":"waiting_payment","utm_source":"","token":"41f6c466-fcdf-4b03-bf1f-99e935c6db4d"}
[2026-06-03 20:23:59] [RESPOSTA] {"http_code":202,"response":"{\"received\":true,\"traceId\":\"019e8fcd-085c-7ce1-ba76-dd2a0653fcb6\"}","curl_err":null,"orderId":"vpankl5rey"}
[2026-06-03 20:24:00] [PAYLOAD_ENVIADO] {"orderId":"vpa1mn8yd3","amount":6789,"status":"waiting_payment","utm_source":"","token":"41f6c466-fcdf-4b03-bf1f-99e935c6db4d"}
[2026-06-03 20:24:00] [RESPOSTA] {"http_code":202,"response":"{\"received\":true,\"traceId\":\"019e8fcd-0bd9-7e13-a494-a2f29ce73795\"}","curl_err":null,"orderId":"vpa1mn8yd3"}
[2026-06-03 20:24:03] [PAYLOAD_ENVIADO] {"orderId":"vpa0nj87v8","amount":6789,"status":"waiting_payment","utm_source":"","token":"41f6c466-fcdf-4b03-bf1f-99e935c6db4d"}
[2026-06-03 20:24:03] [RESPOSTA] {"http_code":202,"response":"{\"received\":true,\"traceId\":\"019e8fcd-17dc-7dc0-ab20-a0a697deb7ae\"}","curl_err":null,"orderId":"vpa0nj87v8"}
[2026-06-03 20:24:05] [PAYLOAD_ENVIADO] {"orderId":"vpalwo5k1k","amount":6789,"status":"waiting_payment","utm_source":"","token":"41f6c466-fcdf-4b03-bf1f-99e935c6db4d"}
[2026-06-03 20:24:05] [RESPOSTA] {"http_code":202,"response":"{\"received\":true,\"traceId\":\"019e8fcd-21cc-73d2-a84d-5c6f53f43533\"}","curl_err":null,"orderId":"vpalwo5k1k"}
[2026-06-03 20:24:06] [PAYLOAD_ENVIADO] {"orderId":"vpa4nv6jk7","amount":6789,"status":"waiting_payment","utm_source":"","token":"41f6c466-fcdf-4b03-bf1f-99e935c6db4d"}
[2026-06-03 20:24:06] [RESPOSTA] {"http_code":202,"response":"{\"received\":true,\"traceId\":\"019e8fcd-2335-7a0c-8a53-f71142a48706\"}","curl_err":null,"orderId":"vpa4nv6jk7"}
[2026-06-03 20:24:09] [PAYLOAD_ENVIADO] {"orderId":"vpa6ve6nlz","amount":6789,"status":"waiting_payment","utm_source":"","token":"41f6c466-fcdf-4b03-bf1f-99e935c6db4d"}
[2026-06-03 20:24:09] [RESPOSTA] {"http_code":202,"response":"{\"received\":true,\"traceId\":\"019e8fcd-3034-756c-a7fe-5a8f89571993\"}","curl_err":null,"orderId":"vpa6ve6nlz"}
[2026-06-03 20:24:13] [PAYLOAD_ENVIADO] {"orderId":"vpadreny4o","amount":6789,"status":"waiting_payment","utm_source":"","token":"41f6c466-fcdf-4b03-bf1f-99e935c6db4d"}
[2026-06-03 20:24:13] [RESPOSTA] {"http_code":202,"response":"{\"received\":true,\"traceId\":\"019e8fcd-3f3d-7d34-b608-4d7269262945\"}","curl_err":null,"orderId":"vpadreny4o"}
[2026-06-03 20:24:13] [PAYLOAD_ENVIADO] {"orderId":"vpakepl18k","amount":6789,"status":"waiting_payment","utm_source":"","token":"41f6c466-fcdf-4b03-bf1f-99e935c6db4d"}
[2026-06-03 20:24:13] [RESPOSTA] {"http_code":202,"response":"{\"received\":true,\"traceId\":\"019e8fcd-405e-74ec-ad47-b5126fb2d9bf\"}","curl_err":null,"orderId":"vpakepl18k"}
[2026-06-03 20:24:13] [PAYLOAD_ENVIADO] {"orderId":"vpa736dp41","amount":6789,"status":"waiting_payment","utm_source":"","token":"41f6c466-fcdf-4b03-bf1f-99e935c6db4d"}
[2026-06-03 20:24:13] [RESPOSTA] {"http_code":202,"response":"{\"received\":true,\"traceId\":\"019e8fcd-4083-7d70-b08a-cf5126db0721\"}","curl_err":null,"orderId":"vpa736dp41"}
[2026-06-03 23:24:15] [PAYLOAD_ENVIADO] {"orderId":"vpankl5rzy","amount":6789,"status":"paid","utm_source":"","token":"41f6c466-fcdf-4b03-bf1f-99e935c6db4d"}
[2026-06-03 23:24:15] [RESPOSTA] {"http_code":202,"response":"{\"received\":true,\"traceId\":\"019e8fcd-4567-7446-aeed-7c1c5363c297\"}","curl_err":null,"orderId":"vpankl5rzy"}
[2026-06-03 20:24:16] [PAYLOAD_ENVIADO] {"orderId":"vpay0vd2n7","amount":6789,"status":"waiting_payment","utm_source":"","token":"41f6c466-fcdf-4b03-bf1f-99e935c6db4d"}
[2026-06-03 20:24:16] [RESPOSTA] {"http_code":202,"response":"{\"received\":true,\"traceId\":\"019e8fcd-4afa-759b-a468-2a274f98dce7\"}","curl_err":null,"orderId":"vpay0vd2n7"}
[2026-06-03 20:24:16] [PAYLOAD_ENVIADO] {"orderId":"vpam3r50ow","amount":6789,"status":"waiting_payment","utm_source":"","token":"41f6c466-fcdf-4b03-bf1f-99e935c6db4d"}
[2026-06-03 20:24:16] [RESPOSTA] {"http_code":202,"response":"{\"received\":true,\"traceId\":\"019e8fcd-4b90-76aa-a2a1-2c8f9f952c0d\"}","curl_err":null,"orderId":"vpam3r50ow"}
[2026-06-03 20:24:18] [PAYLOAD_ENVIADO] {"orderId":"vpag4dojrr","amount":6789,"status":"waiting_payment","utm_source":"","token":"41f6c466-fcdf-4b03-bf1f-99e935c6db4d"}
[2026-06-03 20:24:19] [RESPOSTA] {"http_code":202,"response":"{\"received\":true,\"traceId\":\"019e8fcd-5511-70df-a8fa-5dfbe0dcf85f\"}","curl_err":null,"orderId":"vpag4dojrr"}
[2026-06-03 20:24:20] [PAYLOAD_ENVIADO] {"orderId":"vpaje2vp8k","amount":6789,"status":"waiting_payment","utm_source":"","token":"41f6c466-fcdf-4b03-bf1f-99e935c6db4d"}
[2026-06-03 20:24:20] [RESPOSTA] {"http_code":202,"response":"{\"received\":true,\"traceId\":\"019e8fcd-59fd-739b-8f61-db6fb79bdd5a\"}","curl_err":null,"orderId":"vpaje2vp8k"}
[2026-06-03 20:24:27] [PAYLOAD_ENVIADO] {"orderId":"vpa1mn8y13","amount":6789,"status":"waiting_payment","utm_source":"","token":"41f6c466-fcdf-4b03-bf1f-99e935c6db4d"}
[2026-06-03 20:24:27] [RESPOSTA] {"http_code":202,"response":"{\"received\":true,\"traceId\":\"019e8fcd-74ed-7969-b5e3-077b10f34f24\"}","curl_err":null,"orderId":"vpa1mn8y13"}
[2026-06-03 20:24:28] [PAYLOAD_ENVIADO] {"orderId":"vpaon5kvwy","amount":6789,"status":"waiting_payment","utm_source":"","token":"41f6c466-fcdf-4b03-bf1f-99e935c6db4d"}
[2026-06-03 20:24:28] [RESPOSTA] {"http_code":202,"response":"{\"received\":true,\"traceId\":\"019e8fcd-78ca-7c87-b12e-60c1d761b2b3\"}","curl_err":null,"orderId":"vpaon5kvwy"}
[2026-06-03 20:24:32] [PAYLOAD_ENVIADO] {"orderId":"vpar3wz5on","amount":6789,"status":"waiting_payment","utm_source":"","token":"41f6c466-fcdf-4b03-bf1f-99e935c6db4d"}
[2026-06-03 20:24:32] [RESPOSTA] {"http_code":202,"response":"{\"received\":true,\"traceId\":\"019e8fcd-8aa3-7e1a-8cbb-dcc13c2edcf5\"}","curl_err":null,"orderId":"vpar3wz5on"}
[2026-06-03 20:24:33] [PAYLOAD_ENVIADO] {"orderId":"vpavpnwmgd","amount":6789,"status":"waiting_payment","utm_source":"","token":"41f6c466-fcdf-4b03-bf1f-99e935c6db4d"}
[2026-06-03 20:24:33] [RESPOSTA] {"http_code":202,"response":"{\"received\":true,\"traceId\":\"019e8fcd-8d3d-7b66-b91a-395ab07a57af\"}","curl_err":null,"orderId":"vpavpnwmgd"}
[2026-06-03 20:24:34] [PAYLOAD_ENVIADO] {"orderId":"vpalwo5k8k","amount":6789,"status":"waiting_payment","utm_source":"","token":"41f6c466-fcdf-4b03-bf1f-99e935c6db4d"}
[2026-06-03 20:24:34] [RESPOSTA] {"http_code":202,"response":"{\"received\":true,\"traceId\":\"019e8fcd-8fbe-72fd-9f79-6aa96b73301f\"}","curl_err":null,"orderId":"vpalwo5k8k"}
[2026-06-03 20:24:38] [PAYLOAD_ENVIADO] {"orderId":"vpazp47nd8","amount":6789,"status":"waiting_payment","utm_source":"","token":"41f6c466-fcdf-4b03-bf1f-99e935c6db4d"}
[2026-06-03 20:24:38] [RESPOSTA] {"http_code":202,"response":"{\"received\":true,\"traceId\":\"019e8fcd-9fb0-7df1-8255-30e3045988ca\"}","curl_err":null,"orderId":"vpazp47nd8"}
[2026-06-03 23:24:39] [PAYLOAD_ENVIADO] {"orderId":"vpaje2vpyk","amount":6789,"status":"paid","utm_source":"","token":"41f6c466-fcdf-4b03-bf1f-99e935c6db4d"}
[2026-06-03 23:24:39] [RESPOSTA] {"http_code":202,"response":"{\"received\":true,\"traceId\":\"019e8fcd-a307-7f85-9def-3d9a50ce459d\"}","curl_err":null,"orderId":"vpaje2vpyk"}
[2026-06-03 20:24:39] [PAYLOAD_ENVIADO] {"orderId":"vpa8l8k1gd","amount":6789,"status":"waiting_payment","utm_source":"","token":"41f6c466-fcdf-4b03-bf1f-99e935c6db4d"}
[2026-06-03 20:24:39] [RESPOSTA] {"http_code":202,"response":"{\"received\":true,\"traceId\":\"019e8fcd-a37a-7a08-83d5-280d181c0023\"}","curl_err":null,"orderId":"vpa8l8k1gd"}
[2026-06-03 20:24:42] [PAYLOAD_ENVIADO] {"orderId":"vpakepl1nk","amount":6789,"status":"waiting_payment","utm_source":"","token":"41f6c466-fcdf-4b03-bf1f-99e935c6db4d"}
[2026-06-03 20:24:42] [RESPOSTA] {"http_code":202,"response":"{\"received\":true,\"traceId\":\"019e8fcd-b257-75e3-b33a-812b739d1b48\"}","curl_err":null,"orderId":"vpakepl1nk"}
[2026-06-03 20:24:45] [PAYLOAD_ENVIADO] {"orderId":"vpay0vd2o7","amount":6789,"status":"waiting_payment","utm_source":"","token":"41f6c466-fcdf-4b03-bf1f-99e935c6db4d"}
[2026-06-03 20:24:45] [RESPOSTA] {"http_code":202,"response":"{\"received\":true,\"traceId\":\"019e8fcd-bb48-76bf-bbf4-32805267c8e4\"}","curl_err":null,"orderId":"vpay0vd2o7"}
[2026-06-03 20:24:45] [PAYLOAD_ENVIADO] {"orderId":"vpam3r50zw","amount":6789,"status":"waiting_payment","utm_source":"","token":"41f6c466-fcdf-4b03-bf1f-99e935c6db4d"}
[2026-06-03 20:24:45] [RESPOSTA] {"http_code":202,"response":"{\"received\":true,\"traceId\":\"019e8fcd-bda4-7fd5-bd8c-9dff9f4d9b2b\"}","curl_err":null,"orderId":"vpam3r50zw"}
[2026-06-03 20:24:49] [PAYLOAD_ENVIADO] {"orderId":"vpa736dpmm","amount":6789,"status":"waiting_payment","utm_source":"","token":"41f6c466-fcdf-4b03-bf1f-99e935c6db4d"}
[2026-06-03 20:24:49] [RESPOSTA] {"http_code":202,"response":"{\"received\":true,\"traceId\":\"019e8fcd-cbd6-7671-a199-7ace8fe0d3d9\"}","curl_err":null,"orderId":"vpa736dpmm"}
[2026-06-03 20:24:51] [PAYLOAD_ENVIADO] {"orderId":"vpam3r50z7","amount":6789,"status":"waiting_payment","utm_source":"","token":"41f6c466-fcdf-4b03-bf1f-99e935c6db4d"}
[2026-06-03 20:24:51] [RESPOSTA] {"http_code":202,"response":"{\"received\":true,\"traceId\":\"019e8fcd-d229-7b3a-a1a3-00373f4430bd\"}","curl_err":null,"orderId":"vpam3r50z7"}
[2026-06-03 23:24:53] [PAYLOAD_ENVIADO] {"orderId":"vpa1mn8yd3","amount":6789,"status":"paid","utm_source":"","token":"41f6c466-fcdf-4b03-bf1f-99e935c6db4d"}
[2026-06-03 23:24:53] [RESPOSTA] {"http_code":202,"response":"{\"received\":true,\"traceId\":\"019e8fcd-db3a-7a15-a780-d3c0a487cb63\"}","curl_err":null,"orderId":"vpa1mn8yd3"}
[2026-06-03 20:24:54] [PAYLOAD_ENVIADO] {"orderId":"vpag4dojm1","amount":6789,"status":"waiting_payment","utm_source":"","token":"41f6c466-fcdf-4b03-bf1f-99e935c6db4d"}
[2026-06-03 20:24:54] [RESPOSTA] {"http_code":202,"response":"{\"received\":true,\"traceId\":\"019e8fcd-ddeb-74e6-8cba-db33c2f2900f\"}","curl_err":null,"orderId":"vpag4dojm1"}
[2026-06-03 20:24:57] [PAYLOAD_ENVIADO] {"orderId":"vpankl5r05","amount":6789,"status":"waiting_payment","utm_source":"","token":"41f6c466-fcdf-4b03-bf1f-99e935c6db4d"}
[2026-06-03 20:24:57] [RESPOSTA] {"http_code":202,"response":"{\"received\":true,\"traceId\":\"019e8fcd-eb58-71df-a512-8a278b3ca942\"}","curl_err":null,"orderId":"vpankl5r05"}
[2026-06-03 20:25:03] [PAYLOAD_ENVIADO] {"orderId":"vpar3wz50p","amount":6789,"status":"waiting_payment","utm_source":"","token":"41f6c466-fcdf-4b03-bf1f-99e935c6db4d"}
[2026-06-03 20:25:03] [RESPOSTA] {"http_code":202,"response":"{\"received\":true,\"traceId\":\"019e8fce-045a-73a9-92fb-b680fca9eb65\"}","curl_err":null,"orderId":"vpar3wz50p"}
[2026-06-03 20:25:04] [PAYLOAD_ENVIADO] {"orderId":"vpavpnwm67","amount":6789,"status":"waiting_payment","utm_source":"","token":"41f6c466-fcdf-4b03-bf1f-99e935c6db4d"}
[2026-06-03 20:25:04] [RESPOSTA] {"http_code":202,"response":"{\"received\":true,\"traceId\":\"019e8fce-0814-7f7c-9bb6-da69df491829\"}","curl_err":null,"orderId":"vpavpnwm67"}
[2026-06-03 23:25:06] [PAYLOAD_ENVIADO] {"orderId":"vpar3wz5gn","amount":6789,"status":"paid","utm_source":"","token":"41f6c466-fcdf-4b03-bf1f-99e935c6db4d"}
[2026-06-03 23:25:06] [RESPOSTA] {"http_code":202,"response":"{\"received\":true,\"traceId\":\"019e8fce-0d3d-7824-803a-cc160878e35f\"}","curl_err":null,"orderId":"vpar3wz5gn"}
[2026-06-03 20:25:07] [PAYLOAD_ENVIADO] {"orderId":"vpa4nv6jo5","amount":6789,"status":"waiting_payment","utm_source":"","token":"41f6c466-fcdf-4b03-bf1f-99e935c6db4d"}
[2026-06-03 20:25:07] [RESPOSTA] {"http_code":202,"response":"{\"received\":true,\"traceId\":\"019e8fce-1305-7643-8034-1a629645ae3e\"}","curl_err":null,"orderId":"vpa4nv6jo5"}
[2026-06-03 20:25:15] [PAYLOAD_ENVIADO] {"orderId":"vpa3p08gdj","amount":6789,"status":"waiting_payment","utm_source":"","token":"41f6c466-fcdf-4b03-bf1f-99e935c6db4d"}
[2026-06-03 20:25:15] [RESPOSTA] {"http_code":202,"response":"{\"received\":true,\"traceId\":\"019e8fce-31d1-72e9-8faf-6c9d38d547c4\"}","curl_err":null,"orderId":"vpa3p08gdj"}
[2026-06-03 20:25:16] [PAYLOAD_ENVIADO] {"orderId":"vpa8l8k1mv","amount":6789,"status":"waiting_payment","utm_source":"","token":"41f6c466-fcdf-4b03-bf1f-99e935c6db4d"}
[2026-06-03 20:25:16] [RESPOSTA] {"http_code":202,"response":"{\"received\":true,\"traceId\":\"019e8fce-36c5-733c-affe-1019d42e3443\"}","curl_err":null,"orderId":"vpa8l8k1mv"}
[2026-06-03 20:25:20] [PAYLOAD_ENVIADO] {"orderId":"vpakepl158","amount":6789,"status":"waiting_payment","utm_source":"","token":"41f6c466-fcdf-4b03-bf1f-99e935c6db4d"}
[2026-06-03 20:25:20] [RESPOSTA] {"http_code":202,"response":"{\"received\":true,\"traceId\":\"019e8fce-4424-726c-9012-6e9932c617a7\"}","curl_err":null,"orderId":"vpakepl158"}
[2026-06-03 20:25:23] [PAYLOAD_ENVIADO] {"orderId":"vpay0vd2ww","amount":6789,"status":"waiting_payment","utm_source":"","token":"41f6c466-fcdf-4b03-bf1f-99e935c6db4d"}
[2026-06-03 20:25:23] [RESPOSTA] {"http_code":202,"response":"{\"received\":true,\"traceId\":\"019e8fce-50a2-7e83-af8e-5c76a106086a\"}","curl_err":null,"orderId":"vpay0vd2ww"}
[2026-06-03 20:25:24] [PAYLOAD_ENVIADO] {"orderId":"vpam3r50l7","amount":6789,"status":"waiting_payment","utm_source":"","token":"41f6c466-fcdf-4b03-bf1f-99e935c6db4d"}
[2026-06-03 20:25:24] [RESPOSTA] {"http_code":202,"response":"{\"received\":true,\"traceId\":\"019e8fce-535c-7cd3-a9c8-c74fc307b54b\"}","curl_err":null,"orderId":"vpam3r50l7"}
[2026-06-03 20:25:27] [PAYLOAD_ENVIADO] {"orderId":"vpankl5r85","amount":6789,"status":"waiting_payment","utm_source":"","token":"41f6c466-fcdf-4b03-bf1f-99e935c6db4d"}
[2026-06-03 20:25:27] [RESPOSTA] {"http_code":202,"response":"{\"received\":true,\"traceId\":\"019e8fce-5eb9-7f7b-8d85-38a5dd485aab\"}","curl_err":null,"orderId":"vpankl5r85"}
[2026-06-03 20:25:30] [PAYLOAD_ENVIADO] {"orderId":"vpaon5kvzv","amount":6789,"status":"waiting_payment","utm_source":"","token":"41f6c466-fcdf-4b03-bf1f-99e935c6db4d"}
[2026-06-03 20:25:30] [RESPOSTA] {"http_code":202,"response":"{\"received\":true,\"traceId\":\"019e8fce-6de6-764b-af58-0b370c1d877c\"}","curl_err":null,"orderId":"vpaon5kvzv"}
[2026-06-03 20:25:31] [PAYLOAD_ENVIADO] {"orderId":"vpar3wz5kp","amount":6789,"status":"waiting_payment","utm_source":"","token":"41f6c466-fcdf-4b03-bf1f-99e935c6db4d"}
[2026-06-03 20:25:31] [RESPOSTA] {"http_code":202,"response":"{\"received\":true,\"traceId\":\"019e8fce-6f7d-7e06-bd77-11bff4bd9d08\"}","curl_err":null,"orderId":"vpar3wz5kp"}
[2026-06-03 23:25:32] [PAYLOAD_ENVIADO] {"orderId":"vpam3r50zw","amount":6789,"status":"paid","utm_source":"","token":"41f6c466-fcdf-4b03-bf1f-99e935c6db4d"}
[2026-06-03 23:25:32] [RESPOSTA] {"http_code":202,"response":"{\"received\":true,\"traceId\":\"019e8fce-73cd-7ba3-b836-7a6bd3df2e6d\"}","curl_err":null,"orderId":"vpam3r50zw"}
[2026-06-03 20:25:35] [PAYLOAD_ENVIADO] {"orderId":"vpavpnwm37","amount":6789,"status":"waiting_payment","utm_source":"","token":"41f6c466-fcdf-4b03-bf1f-99e935c6db4d"}
[2026-06-03 20:25:35] [RESPOSTA] {"http_code":202,"response":"{\"received\":true,\"traceId\":\"019e8fce-7f26-7c67-b412-e00ebb78bf35\"}","curl_err":null,"orderId":"vpavpnwm37"}
[2026-06-03 20:25:35] [PAYLOAD_ENVIADO] {"orderId":"vpalwo5kvn","amount":6789,"status":"waiting_payment","utm_source":"","token":"41f6c466-fcdf-4b03-bf1f-99e935c6db4d"}
[2026-06-03 20:25:35] [RESPOSTA] {"http_code":202,"response":"{\"received\":true,\"traceId\":\"019e8fce-7f8c-76c1-957f-c7b35a1170a0\"}","curl_err":null,"orderId":"vpalwo5kvn"}
[2026-06-03 20:25:37] [PAYLOAD_ENVIADO] {"orderId":"vpazp47n6p","amount":6789,"status":"waiting_payment","utm_source":"","token":"41f6c466-fcdf-4b03-bf1f-99e935c6db4d"}
[2026-06-03 20:25:37] [RESPOSTA] {"http_code":202,"response":"{\"received\":true,\"traceId\":\"019e8fce-8746-79c5-8abd-75f82c43f302\"}","curl_err":null,"orderId":"vpazp47n6p"}
[2026-06-03 20:25:41] [PAYLOAD_ENVIADO] {"orderId":"vpa8l8k1pv","amount":6789,"status":"waiting_payment","utm_source":"","token":"41f6c466-fcdf-4b03-bf1f-99e935c6db4d"}
[2026-06-03 20:25:41] [PAYLOAD_ENVIADO] {"orderId":"vpa3p08gmj","amount":6789,"status":"waiting_payment","utm_source":"","token":"41f6c466-fcdf-4b03-bf1f-99e935c6db4d"}
[2026-06-03 20:25:41] [RESPOSTA] {"http_code":202,"response":"{\"received\":true,\"traceId\":\"019e8fce-953d-70e0-8843-a5a9b0eab518\"}","curl_err":null,"orderId":"vpa8l8k1pv"}
[2026-06-03 20:25:41] [RESPOSTA] {"http_code":202,"response":"{\"received\":true,\"traceId\":\"019e8fce-9549-74f8-a493-b9ad9913ea5b\"}","curl_err":null,"orderId":"vpa3p08gmj"}
[2026-06-03 20:25:41] [PAYLOAD_ENVIADO] {"orderId":"vpadrenyz6","amount":6789,"status":"waiting_payment","utm_source":"","token":"41f6c466-fcdf-4b03-bf1f-99e935c6db4d"}
[2026-06-03 20:25:41] [RESPOSTA] {"http_code":202,"response":"{\"received\":true,\"traceId\":\"019e8fce-988c-7824-ba44-02ba83139b84\"}","curl_err":null,"orderId":"vpadrenyz6"}
[2026-06-03 20:25:43] [PAYLOAD_ENVIADO] {"orderId":"vpa736dpnm","amount":6789,"status":"waiting_payment","utm_source":"","token":"41f6c466-fcdf-4b03-bf1f-99e935c6db4d"}
[2026-06-03 20:25:43] [RESPOSTA] {"http_code":202,"response":"{\"received\":true,\"traceId\":\"019e8fce-9f2c-705d-9cbb-49587648a038\"}","curl_err":null,"orderId":"vpa736dpnm"}
[2026-06-03 20:25:43] [PAYLOAD_ENVIADO] {"orderId":"vpam3r5077","amount":6789,"status":"waiting_payment","utm_source":"","token":"41f6c466-fcdf-4b03-bf1f-99e935c6db4d"}
[2026-06-03 20:25:43] [RESPOSTA] {"http_code":202,"response":"{\"received\":true,\"traceId\":\"019e8fce-a0a5-7573-8e10-da4f42c3ecde\"}","curl_err":null,"orderId":"vpam3r5077"}
[2026-06-03 20:25:45] [PAYLOAD_ENVIADO] {"orderId":"vpaje2vpz0","amount":6789,"status":"waiting_payment","utm_source":"","token":"41f6c466-fcdf-4b03-bf1f-99e935c6db4d"}
[2026-06-03 20:25:45] [RESPOSTA] {"http_code":202,"response":"{\"received\":true,\"traceId\":\"019e8fce-a567-7961-8f7d-455d51fb2389\"}","curl_err":null,"orderId":"vpaje2vpz0"}
[2026-06-03 20:25:47] [PAYLOAD_ENVIADO] {"orderId":"vpankl5ry5","amount":6789,"status":"waiting_payment","utm_source":"","token":"41f6c466-fcdf-4b03-bf1f-99e935c6db4d"}
[2026-06-03 20:25:47] [RESPOSTA] {"http_code":202,"response":"{\"received\":true,\"traceId\":\"019e8fce-ad0d-7ce5-b545-5b2140bc3fb3\"}","curl_err":null,"orderId":"vpankl5ry5"}
[2026-06-03 20:25:48] [PAYLOAD_ENVIADO] {"orderId":"vpaprz5lgj","amount":6789,"status":"waiting_payment","utm_source":"","token":"41f6c466-fcdf-4b03-bf1f-99e935c6db4d"}
[2026-06-03 20:25:48] [RESPOSTA] {"http_code":202,"response":"{\"received\":true,\"traceId\":\"019e8fce-b1fd-79dd-85f3-eba50cf6329f\"}","curl_err":null,"orderId":"vpaprz5lgj"}
[2026-06-03 20:25:48] [PAYLOAD_ENVIADO] {"orderId":"vpa1mn8y7w","amount":6789,"status":"waiting_payment","utm_source":"","token":"41f6c466-fcdf-4b03-bf1f-99e935c6db4d"}
[2026-06-03 20:25:48] [RESPOSTA] {"http_code":202,"response":"{\"received\":true,\"traceId\":\"019e8fce-b3cf-7248-8e7e-23fad8476b34\"}","curl_err":null,"orderId":"vpa1mn8y7w"}
[2026-06-03 20:25:49] [PAYLOAD_ENVIADO] {"orderId":"vpaon5kvmv","amount":6789,"status":"waiting_payment","utm_source":"","token":"41f6c466-fcdf-4b03-bf1f-99e935c6db4d"}
[2026-06-03 20:25:49] [RESPOSTA] {"http_code":202,"response":"{\"received\":true,\"traceId\":\"019e8fce-b6b9-7e52-a4f0-3ac83130dc97\"}","curl_err":null,"orderId":"vpaon5kvmv"}
[2026-06-03 20:25:51] [PAYLOAD_ENVIADO] {"orderId":"vpar3wz52p","amount":6789,"status":"waiting_payment","utm_source":"","token":"41f6c466-fcdf-4b03-bf1f-99e935c6db4d"}
[2026-06-03 20:25:51] [RESPOSTA] {"http_code":202,"response":"{\"received\":true,\"traceId\":\"019e8fce-bdd0-7638-a029-1d0eca748904\"}","curl_err":null,"orderId":"vpar3wz52p"}
[2026-06-03 23:25:57] [PAYLOAD_ENVIADO] {"orderId":"vpa8l8k1gd","amount":6789,"status":"paid","utm_source":"","token":"41f6c466-fcdf-4b03-bf1f-99e935c6db4d"}
[2026-06-03 23:25:57] [RESPOSTA] {"http_code":202,"response":"{\"received\":true,\"traceId\":\"019e8fce-d67a-7971-a1cb-b32d44909434\"}","curl_err":null,"orderId":"vpa8l8k1gd"}
[2026-06-03 20:25:57] [PAYLOAD_ENVIADO] {"orderId":"vpazp47n2p","amount":6789,"status":"waiting_payment","utm_source":"","token":"41f6c466-fcdf-4b03-bf1f-99e935c6db4d"}
[2026-06-03 20:25:57] [RESPOSTA] {"http_code":202,"response":"{\"received\":true,\"traceId\":\"019e8fce-d725-7396-970c-778c1e1edea4\"}","curl_err":null,"orderId":"vpazp47n2p"}
[2026-06-03 20:25:58] [PAYLOAD_ENVIADO] {"orderId":"vpa6ve6ng3","amount":6789,"status":"waiting_payment","utm_source":"","token":"41f6c466-fcdf-4b03-bf1f-99e935c6db4d"}
[2026-06-03 20:25:58] [RESPOSTA] {"http_code":202,"response":"{\"received\":true,\"traceId\":\"019e8fce-d968-7c22-9972-4d35f0916dcd\"}","curl_err":null,"orderId":"vpa6ve6ng3"}
[2026-06-03 23:26:01] [PAYLOAD_ENVIADO] {"orderId":"vpam3r50l7","amount":6789,"status":"paid","utm_source":"","token":"41f6c466-fcdf-4b03-bf1f-99e935c6db4d"}
[2026-06-03 23:26:01] [RESPOSTA] {"http_code":202,"response":"{\"received\":true,\"traceId\":\"019e8fce-e3e8-76ed-a9e4-4d8ace1d2182\"}","curl_err":null,"orderId":"vpam3r50l7"}
[2026-06-03 20:26:02] [PAYLOAD_ENVIADO] {"orderId":"vpawp15gmw","amount":6789,"status":"waiting_payment","utm_source":"","token":"41f6c466-fcdf-4b03-bf1f-99e935c6db4d"}
[2026-06-03 20:26:02] [RESPOSTA] {"http_code":202,"response":"{\"received\":true,\"traceId\":\"019e8fce-e731-794e-8e95-96518eb08a03\"}","curl_err":null,"orderId":"vpawp15gmw"}
[2026-06-03 20:26:02] [PAYLOAD_ENVIADO] {"orderId":"vpakepl168","amount":6789,"status":"waiting_payment","utm_source":"","token":"41f6c466-fcdf-4b03-bf1f-99e935c6db4d"}
[2026-06-03 20:26:02] [RESPOSTA] {"http_code":202,"response":"{\"received\":true,\"traceId\":\"019e8fce-e95f-7e37-a0cd-d0ae0e357ce0\"}","curl_err":null,"orderId":"vpakepl168"}
[2026-06-03 20:26:03] [PAYLOAD_ENVIADO] {"orderId":"vpa736dpjm","amount":6789,"status":"waiting_payment","utm_source":"","token":"41f6c466-fcdf-4b03-bf1f-99e935c6db4d"}
[2026-06-03 20:26:03] [RESPOSTA] {"http_code":202,"response":"{\"received\":true,\"traceId\":\"019e8fce-edfd-79a2-a1a4-282466d02e0b\"}","curl_err":null,"orderId":"vpa736dpjm"}
[2026-06-03 20:26:04] [PAYLOAD_ENVIADO] {"orderId":"vpag4doj11","amount":6789,"status":"waiting_payment","utm_source":"","token":"41f6c466-fcdf-4b03-bf1f-99e935c6db4d"}
[2026-06-03 20:26:04] [RESPOSTA] {"http_code":202,"response":"{\"received\":true,\"traceId\":\"019e8fce-f1dd-713d-9fbb-1452b5d7e908\"}","curl_err":null,"orderId":"vpag4doj11"}
[2026-06-03 20:26:08] [PAYLOAD_ENVIADO] {"orderId":"vpa2318m02","amount":6789,"status":"waiting_payment","utm_source":"","token":"41f6c466-fcdf-4b03-bf1f-99e935c6db4d"}
[2026-06-03 20:26:08] [RESPOSTA] {"http_code":202,"response":"{\"received\":true,\"traceId\":\"019e8fce-ff3e-7255-822e-1ff28e670065\"}","curl_err":null,"orderId":"vpa2318m02"}
[2026-06-03 20:26:10] [PAYLOAD_ENVIADO] {"orderId":"vpaprz5l6j","amount":6789,"status":"waiting_payment","utm_source":"","token":"41f6c466-fcdf-4b03-bf1f-99e935c6db4d"}
[2026-06-03 20:26:10] [RESPOSTA] {"http_code":202,"response":"{\"received\":true,\"traceId\":\"019e8fcf-089c-7c67-b65a-9741335907c2\"}","curl_err":null,"orderId":"vpaprz5l6j"}
[2026-06-03 23:26:11] [PAYLOAD_ENVIADO] {"orderId":"vpaon5kvmv","amount":6789,"status":"paid","utm_source":"","token":"41f6c466-fcdf-4b03-bf1f-99e935c6db4d"}
[2026-06-03 23:26:11] [RESPOSTA] {"http_code":202,"response":"{\"received\":true,\"traceId\":\"019e8fcf-0cbe-7cb2-be81-a22bea89c3fe\"}","curl_err":null,"orderId":"vpaon5kvmv"}
[2026-06-03 20:26:13] [PAYLOAD_ENVIADO] {"orderId":"vpa0nj8714","amount":6789,"status":"waiting_payment","utm_source":"","token":"41f6c466-fcdf-4b03-bf1f-99e935c6db4d"}
[2026-06-03 20:26:13] [RESPOSTA] {"http_code":202,"response":"{\"received\":true,\"traceId\":\"019e8fcf-1303-74f5-acb2-f33f69d86648\"}","curl_err":null,"orderId":"vpa0nj8714"}
[2026-06-03 20:26:14] [PAYLOAD_ENVIADO] {"orderId":"vpar3wz56p","amount":6789,"status":"waiting_payment","utm_source":"","token":"41f6c466-fcdf-4b03-bf1f-99e935c6db4d"}
[2026-06-03 20:26:14] [RESPOSTA] {"http_code":202,"response":"{\"received\":true,\"traceId\":\"019e8fcf-17e1-7c13-b999-ef37a50704f2\"}","curl_err":null,"orderId":"vpar3wz56p"}
[2026-06-03 20:26:14] [PAYLOAD_ENVIADO] {"orderId":"vpavpnwmy7","amount":6789,"status":"waiting_payment","utm_source":"","token":"41f6c466-fcdf-4b03-bf1f-99e935c6db4d"}
[2026-06-03 20:26:14] [RESPOSTA] {"http_code":202,"response":"{\"received\":true,\"traceId\":\"019e8fcf-185c-7d5e-9846-51d6870e6d37\"}","curl_err":null,"orderId":"vpavpnwmy7"}
[2026-06-03 20:26:17] [PAYLOAD_ENVIADO] {"orderId":"vpa4nv6jy5","amount":6789,"status":"waiting_payment","utm_source":"","token":"41f6c466-fcdf-4b03-bf1f-99e935c6db4d"}
[2026-06-03 20:26:17] [RESPOSTA] {"http_code":202,"response":"{\"received\":true,\"traceId\":\"019e8fcf-21f3-7c0e-a122-4149d20d4a32\"}","curl_err":null,"orderId":"vpa4nv6jy5"}
[2026-06-03 20:26:17] [PAYLOAD_ENVIADO] {"orderId":"vpa5n462m4","amount":6789,"status":"waiting_payment","utm_source":"","token":"41f6c466-fcdf-4b03-bf1f-99e935c6db4d"}
[2026-06-03 20:26:17] [RESPOSTA] {"http_code":202,"response":"{\"received\":true,\"traceId\":\"019e8fcf-22c8-74d9-989f-c69fce4fcb3a\"}","curl_err":null,"orderId":"vpa5n462m4"}
[2026-06-03 23:26:21] [PAYLOAD_ENVIADO] {"orderId":"vpalwo5kvn","amount":6789,"status":"paid","utm_source":"","token":"41f6c466-fcdf-4b03-bf1f-99e935c6db4d"}
[2026-06-03 23:26:21] [RESPOSTA] {"http_code":202,"response":"{\"received\":true,\"traceId\":\"019e8fcf-31de-704e-ad93-fd03640d20bb\"}","curl_err":null,"orderId":"vpalwo5kvn"}
[2026-06-03 20:26:22] [PAYLOAD_ENVIADO] {"orderId":"vpa6ve6n83","amount":6789,"status":"waiting_payment","utm_source":"","token":"41f6c466-fcdf-4b03-bf1f-99e935c6db4d"}
[2026-06-03 20:26:22] [RESPOSTA] {"http_code":202,"response":"{\"received\":true,\"traceId\":\"019e8fcf-3567-7311-b7eb-f7f6ee913e55\"}","curl_err":null,"orderId":"vpa6ve6n83"}
[2026-06-03 20:26:24] [PAYLOAD_ENVIADO] {"orderId":"vpa8l8k15v","amount":6789,"status":"waiting_payment","utm_source":"","token":"41f6c466-fcdf-4b03-bf1f-99e935c6db4d"}
[2026-06-03 20:26:24] [RESPOSTA] {"http_code":202,"response":"{\"received\":true,\"traceId\":\"019e8fcf-3ea1-7902-ab82-34388205b30e\"}","curl_err":null,"orderId":"vpa8l8k15v"}
[2026-06-03 20:26:24] [PAYLOAD_ENVIADO] {"orderId":"vpawp15g4w","amount":6789,"status":"waiting_payment","utm_source":"","token":"41f6c466-fcdf-4b03-bf1f-99e935c6db4d"}
[2026-06-03 20:26:24] [RESPOSTA] {"http_code":202,"response":"{\"received\":true,\"traceId\":\"019e8fcf-404e-738a-8e87-8778036f25b8\"}","curl_err":null,"orderId":"vpawp15g4w"}
[2026-06-03 20:26:27] [PAYLOAD_ENVIADO] {"orderId":"vpadrenyj6","amount":6789,"status":"waiting_payment","utm_source":"","token":"41f6c466-fcdf-4b03-bf1f-99e935c6db4d"}
[2026-06-03 20:26:27] [RESPOSTA] {"http_code":202,"response":"{\"received\":true,\"traceId\":\"019e8fcf-4bf4-7f15-8d57-d857eebbee05\"}","curl_err":null,"orderId":"vpadrenyj6"}
[2026-06-03 23:26:30] [PAYLOAD_ENVIADO] {"orderId":"vpay0vd2ww","amount":6789,"status":"paid","utm_source":"","token":"41f6c466-fcdf-4b03-bf1f-99e935c6db4d"}
[2026-06-03 23:26:30] [RESPOSTA] {"http_code":202,"response":"{\"received\":true,\"traceId\":\"019e8fcf-57e7-762f-be3c-b625d335b76d\"}","curl_err":null,"orderId":"vpay0vd2ww"}
[2026-06-03 20:26:31] [PAYLOAD_ENVIADO] {"orderId":"vpag4dojp1","amount":6789,"status":"waiting_payment","utm_source":"","token":"41f6c466-fcdf-4b03-bf1f-99e935c6db4d"}
[2026-06-03 20:26:31] [RESPOSTA] {"http_code":202,"response":"{\"received\":true,\"traceId\":\"019e8fcf-5bb6-7e42-b07c-df710656bb27\"}","curl_err":null,"orderId":"vpag4dojp1"}
[2026-06-03 20:26:32] [PAYLOAD_ENVIADO] {"orderId":"vpa736dp55","amount":6789,"status":"waiting_payment","utm_source":"","token":"41f6c466-fcdf-4b03-bf1f-99e935c6db4d"}
[2026-06-03 20:26:32] [RESPOSTA] {"http_code":202,"response":"{\"received\":true,\"traceId\":\"019e8fcf-5edf-7c8d-912b-10b5319c5eef\"}","curl_err":null,"orderId":"vpa736dp55"}
[2026-06-03 20:26:33] [PAYLOAD_ENVIADO] {"orderId":"vpay0vd2yr","amount":6789,"status":"waiting_payment","utm_source":"","token":"41f6c466-fcdf-4b03-bf1f-99e935c6db4d"}
[2026-06-03 20:26:33] [RESPOSTA] {"http_code":202,"response":"{\"received\":true,\"traceId\":\"019e8fcf-622e-7d2b-bc32-8d479cee02d1\"}","curl_err":null,"orderId":"vpay0vd2yr"}
[2026-06-03 20:26:34] [PAYLOAD_ENVIADO] {"orderId":"vpag4dojp0","amount":6789,"status":"waiting_payment","utm_source":"","token":"41f6c466-fcdf-4b03-bf1f-99e935c6db4d"}
[2026-06-03 20:26:34] [RESPOSTA] {"http_code":202,"response":"{\"received\":true,\"traceId\":\"019e8fcf-671e-7b7e-9f98-5466329c7b16\"}","curl_err":null,"orderId":"vpag4dojp0"}
[2026-06-03 20:26:35] [PAYLOAD_ENVIADO] {"orderId":"vpaje2vp0d","amount":6789,"status":"waiting_payment","utm_source":"","token":"41f6c466-fcdf-4b03-bf1f-99e935c6db4d"}
[2026-06-03 20:26:35] [RESPOSTA] {"http_code":202,"response":"{\"received\":true,\"traceId\":\"019e8fcf-691b-7d09-87b9-89e8ea70c6f6\"}","curl_err":null,"orderId":"vpaje2vp0d"}
[2026-06-03 20:26:39] [PAYLOAD_ENVIADO] {"orderId":"vpankl5r4j","amount":6789,"status":"waiting_payment","utm_source":"","token":"41f6c466-fcdf-4b03-bf1f-99e935c6db4d"}
[2026-06-03 20:26:39] [RESPOSTA] {"http_code":202,"response":"{\"received\":true,\"traceId\":\"019e8fcf-79a0-7d1b-9aca-6c590abd04ef\"}","curl_err":null,"orderId":"vpankl5r4j"}
[2026-06-03 23:26:40] [PAYLOAD_ENVIADO] {"orderId":"vpakepl18k","amount":6789,"status":"paid","utm_source":"","token":"41f6c466-fcdf-4b03-bf1f-99e935c6db4d"}
[2026-06-03 23:26:40] [RESPOSTA] {"http_code":202,"response":"{\"received\":true,\"traceId\":\"019e8fcf-7dca-7c37-985c-c671e3032e83\"}","curl_err":null,"orderId":"vpakepl18k"}
[2026-06-03 20:26:47] [PAYLOAD_ENVIADO] {"orderId":"vpa1mn8y3r","amount":6789,"status":"waiting_payment","utm_source":"","token":"41f6c466-fcdf-4b03-bf1f-99e935c6db4d"}
[2026-06-03 20:26:47] [RESPOSTA] {"http_code":202,"response":"{\"received\":true,\"traceId\":\"019e8fcf-9a45-7b7e-b522-d05a2d2a450b\"}","curl_err":null,"orderId":"vpa1mn8y3r"}
[2026-06-03 20:26:53] [PAYLOAD_ENVIADO] {"orderId":"vpa0nj875r","amount":6789,"status":"waiting_payment","utm_source":"","token":"41f6c466-fcdf-4b03-bf1f-99e935c6db4d"}
[2026-06-03 20:26:53] [RESPOSTA] {"http_code":202,"response":"{\"received\":true,\"traceId\":\"019e8fcf-aeb5-7e82-9549-9683cf5f5502\"}","curl_err":null,"orderId":"vpa0nj875r"}
[2026-06-03 20:26:54] [PAYLOAD_ENVIADO] {"orderId":"vpalwo5krw","amount":6789,"status":"waiting_payment","utm_source":"","token":"41f6c466-fcdf-4b03-bf1f-99e935c6db4d"}
[2026-06-03 20:26:54] [RESPOSTA] {"http_code":202,"response":"{\"received\":true,\"traceId\":\"019e8fcf-b5eb-7616-ac78-568696bf0c5a\"}","curl_err":null,"orderId":"vpalwo5krw"}
[2026-06-03 20:26:57] [PAYLOAD_ENVIADO] {"orderId":"vpaeo6pmjr","amount":3990,"status":"waiting_payment","utm_source":"","token":"41f6c466-fcdf-4b03-bf1f-99e935c6db4d"}
[2026-06-03 20:26:57] [RESPOSTA] {"http_code":202,"response":"{\"received\":true,\"traceId\":\"019e8fcf-bff7-71df-b5b4-bfe8fdd09699\"}","curl_err":null,"orderId":"vpaeo6pmjr"}
[2026-06-03 23:27:03] [PAYLOAD_ENVIADO] {"orderId":"vpazp47n2p","amount":6789,"status":"paid","utm_source":"","token":"41f6c466-fcdf-4b03-bf1f-99e935c6db4d"}
[2026-06-03 23:27:03] [RESPOSTA] {"http_code":202,"response":"{\"received\":true,\"traceId\":\"019e8fcf-d575-7b86-9a5a-f56e7fd5de48\"}","curl_err":null,"orderId":"vpazp47n2p"}
[2026-06-03 20:27:04] [PAYLOAD_ENVIADO] {"orderId":"vpawp15go3","amount":6789,"status":"waiting_payment","utm_source":"","token":"41f6c466-fcdf-4b03-bf1f-99e935c6db4d"}
[2026-06-03 20:27:04] [RESPOSTA] {"http_code":202,"response":"{\"received\":true,\"traceId\":\"019e8fcf-dac9-7a7e-9991-b5827a268c72\"}","curl_err":null,"orderId":"vpawp15go3"}
[2026-06-03 20:27:05] [PAYLOAD_ENVIADO] {"orderId":"vpadrenygz","amount":6789,"status":"waiting_payment","utm_source":"","token":"41f6c466-fcdf-4b03-bf1f-99e935c6db4d"}
[2026-06-03 20:27:05] [RESPOSTA] {"http_code":202,"response":"{\"received\":true,\"traceId\":\"019e8fcf-de65-7dde-949d-c219363a5f73\"}","curl_err":null,"orderId":"vpadrenygz"}
[2026-06-03 20:27:11] [PAYLOAD_ENVIADO] {"orderId":"vpag4dojn0","amount":6789,"status":"waiting_payment","utm_source":"","token":"41f6c466-fcdf-4b03-bf1f-99e935c6db4d"}
[2026-06-03 20:27:12] [RESPOSTA] {"http_code":202,"response":"{\"received\":true,\"traceId\":\"019e8fcf-f881-7238-9075-0f3e1f38ec75\"}","curl_err":null,"orderId":"vpag4dojn0"}
[2026-06-03 23:27:12] [PAYLOAD_ENVIADO] {"orderId":"vpay0vd2yr","amount":6789,"status":"paid","utm_source":"","token":"41f6c466-fcdf-4b03-bf1f-99e935c6db4d"}
[2026-06-03 23:27:12] [RESPOSTA] {"http_code":202,"response":"{\"received\":true,\"traceId\":\"019e8fcf-f9df-7ab1-8793-4d4fca5b4ebb\"}","curl_err":null,"orderId":"vpay0vd2yr"}
[2026-06-03 20:27:15] [PAYLOAD_ENVIADO] {"orderId":"vpa2318m2m","amount":6789,"status":"waiting_payment","utm_source":"","token":"41f6c466-fcdf-4b03-bf1f-99e935c6db4d"}
[2026-06-03 20:27:15] [RESPOSTA] {"http_code":202,"response":"{\"received\":true,\"traceId\":\"019e8fd0-060f-7767-a278-16f22590ec40\"}","curl_err":null,"orderId":"vpa2318m2m"}
[2026-06-03 23:27:18] [PAYLOAD_ENVIADO] {"orderId":"vpaprz5l6j","amount":6789,"status":"paid","utm_source":"","token":"41f6c466-fcdf-4b03-bf1f-99e935c6db4d"}
[2026-06-03 23:27:18] [RESPOSTA] {"http_code":202,"response":"{\"received\":true,\"traceId\":\"019e8fd0-1385-7923-aea5-d74746b9a726\"}","curl_err":null,"orderId":"vpaprz5l6j"}
[2026-06-03 20:27:29] [PAYLOAD_ENVIADO] {"orderId":"vpaeo6pmpr","amount":6789,"status":"waiting_payment","utm_source":"","token":"41f6c466-fcdf-4b03-bf1f-99e935c6db4d"}
[2026-06-03 20:27:29] [RESPOSTA] {"http_code":202,"response":"{\"received\":true,\"traceId\":\"019e8fd0-3b49-7f07-acac-292f273399a7\"}","curl_err":null,"orderId":"vpaeo6pmpr"}
[2026-06-03 23:27:44] [PAYLOAD_ENVIADO] {"orderId":"vpaeo6pmjr","amount":3990,"status":"paid","utm_source":"","token":"41f6c466-fcdf-4b03-bf1f-99e935c6db4d"}
[2026-06-03 23:27:44] [RESPOSTA] {"http_code":202,"response":"{\"received\":true,\"traceId\":\"019e8fd0-76b4-789c-bbd2-a1b67f14a9eb\"}","curl_err":null,"orderId":"vpaeo6pmjr"}
[2026-06-03 23:27:44] [PAYLOAD_ENVIADO] {"orderId":"vpa736dpnm","amount":6789,"status":"paid","utm_source":"","token":"41f6c466-fcdf-4b03-bf1f-99e935c6db4d"}
[2026-06-03 23:27:44] [RESPOSTA] {"http_code":202,"response":"{\"received\":true,\"traceId\":\"019e8fd0-7735-7454-8434-319b6e15f94b\"}","curl_err":null,"orderId":"vpa736dpnm"}
[2026-06-03 23:27:47] [PAYLOAD_ENVIADO] {"orderId":"vpaje2vpz0","amount":6789,"status":"paid","utm_source":"","token":"41f6c466-fcdf-4b03-bf1f-99e935c6db4d"}
[2026-06-03 23:27:47] [RESPOSTA] {"http_code":202,"response":"{\"received\":true,\"traceId\":\"019e8fd0-850e-7317-9603-3e49258d3f2c\"}","curl_err":null,"orderId":"vpaje2vpz0"}
[2026-06-03 20:27:49] [PAYLOAD_ENVIADO] {"orderId":"vpay0vd2dr","amount":6789,"status":"waiting_payment","utm_source":"","token":"41f6c466-fcdf-4b03-bf1f-99e935c6db4d"}
[2026-06-03 20:27:49] [RESPOSTA] {"http_code":202,"response":"{\"received\":true,\"traceId\":\"019e8fd0-89b3-7028-8b39-37bba8a3b3ef\"}","curl_err":null,"orderId":"vpay0vd2dr"}
[2026-06-03 20:27:49] [PAYLOAD_ENVIADO] {"orderId":"vpam3r5055","amount":6789,"status":"waiting_payment","utm_source":"","token":"41f6c466-fcdf-4b03-bf1f-99e935c6db4d"}
[2026-06-03 20:27:49] [RESPOSTA] {"http_code":202,"response":"{\"received\":true,\"traceId\":\"019e8fd0-8ae2-79f7-b740-5e6c8f384780\"}","curl_err":null,"orderId":"vpam3r5055"}
[2026-06-03 20:27:52] [PAYLOAD_ENVIADO] {"orderId":"vpa2318m8m","amount":6789,"status":"waiting_payment","utm_source":"","token":"41f6c466-fcdf-4b03-bf1f-99e935c6db4d"}
[2026-06-03 20:27:52] [RESPOSTA] {"http_code":202,"response":"{\"received\":true,\"traceId\":\"019e8fd0-9858-7072-a65d-e03eae58e4ed\"}","curl_err":null,"orderId":"vpa2318m8m"}
[2026-06-03 20:27:56] [PAYLOAD_ENVIADO] {"orderId":"vpankl5r5j","amount":6789,"status":"waiting_payment","utm_source":"","token":"41f6c466-fcdf-4b03-bf1f-99e935c6db4d"}
[2026-06-03 20:27:56] [RESPOSTA] {"http_code":202,"response":"{\"received\":true,\"traceId\":\"019e8fd0-a685-7bb2-aee5-a5898a8af328\"}","curl_err":null,"orderId":"vpankl5r5j"}
[2026-06-03 20:27:57] [PAYLOAD_ENVIADO] {"orderId":"vpa1mn8y8r","amount":6789,"status":"waiting_payment","utm_source":"","token":"41f6c466-fcdf-4b03-bf1f-99e935c6db4d"}
[2026-06-03 20:27:57] [PAYLOAD_ENVIADO] {"orderId":"vpaon5kvko","amount":6789,"status":"waiting_payment","utm_source":"","token":"41f6c466-fcdf-4b03-bf1f-99e935c6db4d"}
[2026-06-03 20:27:57] [RESPOSTA] {"http_code":202,"response":"{\"received\":true,\"traceId\":\"019e8fd0-aa17-70f8-b4d2-8600e9269377\"}","curl_err":null,"orderId":"vpa1mn8y8r"}
[2026-06-03 20:27:57] [RESPOSTA] {"http_code":202,"response":"{\"received\":true,\"traceId\":\"019e8fd0-aa25-7801-a41a-56de46f1d783\"}","curl_err":null,"orderId":"vpaon5kvko"}
[2026-06-03 20:28:00] [PAYLOAD_ENVIADO] {"orderId":"vpavpnwm02","amount":3990,"status":"waiting_payment","utm_source":"","token":"41f6c466-fcdf-4b03-bf1f-99e935c6db4d"}
[2026-06-03 20:28:00] [RESPOSTA] {"http_code":202,"response":"{\"received\":true,\"traceId\":\"019e8fd0-b6b8-7bc6-95e3-43960c59f4b4\"}","curl_err":null,"orderId":"vpavpnwm02"}
[2026-06-03 20:28:08] [PAYLOAD_ENVIADO] {"orderId":"vpa4nv6jz2","amount":6789,"status":"waiting_payment","utm_source":"","token":"41f6c466-fcdf-4b03-bf1f-99e935c6db4d"}
[2026-06-03 20:28:08] [RESPOSTA] {"http_code":202,"response":"{\"received\":true,\"traceId\":\"019e8fd0-d48c-7b84-8d1a-1046dcc351a7\"}","curl_err":null,"orderId":"vpa4nv6jz2"}
[2026-06-03 20:28:08] [PAYLOAD_ENVIADO] {"orderId":"vpa5n462zp","amount":3990,"status":"waiting_payment","utm_source":"","token":"41f6c466-fcdf-4b03-bf1f-99e935c6db4d"}
[2026-06-03 20:28:08] [RESPOSTA] {"http_code":202,"response":"{\"received\":true,\"traceId\":\"019e8fd0-d524-7899-a099-c0a7d0f38886\"}","curl_err":null,"orderId":"vpa5n462zp"}
[2026-06-03 20:28:09] [PAYLOAD_ENVIADO] {"orderId":"vpaeo6pm1r","amount":6789,"status":"waiting_payment","utm_source":"","token":"41f6c466-fcdf-4b03-bf1f-99e935c6db4d"}
[2026-06-03 20:28:09] [RESPOSTA] {"http_code":202,"response":"{\"received\":true,\"traceId\":\"019e8fd0-d855-7529-b174-6be7fe29abd7\"}","curl_err":null,"orderId":"vpaeo6pm1r"}
[2026-06-03 20:28:14] [PAYLOAD_ENVIADO] {"orderId":"vpa3p08g61","amount":6789,"status":"waiting_payment","utm_source":"","token":"41f6c466-fcdf-4b03-bf1f-99e935c6db4d"}
[2026-06-03 20:28:14] [RESPOSTA] {"http_code":202,"response":"{\"received\":true,\"traceId\":\"019e8fd0-ee1b-7845-ab8e-6de491712f2a\"}","curl_err":null,"orderId":"vpa3p08g61"}
[2026-06-03 23:28:15] [PAYLOAD_ENVIADO] {"orderId":"vpa6ve6n83","amount":6789,"status":"paid","utm_source":"","token":"41f6c466-fcdf-4b03-bf1f-99e935c6db4d"}
[2026-06-03 23:28:16] [RESPOSTA] {"http_code":202,"response":"{\"received\":true,\"traceId\":\"019e8fd0-f27d-7e05-86eb-eee79bf56892\"}","curl_err":null,"orderId":"vpa6ve6n83"}
[2026-06-03 20:28:18] [PAYLOAD_ENVIADO] {"orderId":"vpadrenypz","amount":6789,"status":"waiting_payment","utm_source":"","token":"41f6c466-fcdf-4b03-bf1f-99e935c6db4d"}
[2026-06-03 20:28:18] [RESPOSTA] {"http_code":202,"response":"{\"received\":true,\"traceId\":\"019e8fd0-fb9a-7988-a0a3-bfcb4c8f58c3\"}","curl_err":null,"orderId":"vpadrenypz"}
[2026-06-03 20:28:18] [PAYLOAD_ENVIADO] {"orderId":"vpakepl146","amount":6789,"status":"waiting_payment","utm_source":"","token":"41f6c466-fcdf-4b03-bf1f-99e935c6db4d"}
[2026-06-03 20:28:18] [RESPOSTA] {"http_code":202,"response":"{\"received\":true,\"traceId\":\"019e8fd0-fcce-770c-8c47-e93563f044dd\"}","curl_err":null,"orderId":"vpakepl146"}
[2026-06-03 20:28:20] [PAYLOAD_ENVIADO] {"orderId":"vpa736dp85","amount":6789,"status":"waiting_payment","utm_source":"","token":"41f6c466-fcdf-4b03-bf1f-99e935c6db4d"}
[2026-06-03 20:28:20] [RESPOSTA] {"http_code":202,"response":"{\"received\":true,\"traceId\":\"019e8fd1-0481-7a50-b6ff-19b272ebb43d\"}","curl_err":null,"orderId":"vpa736dp85"}
[2026-06-03 20:28:33] [PAYLOAD_ENVIADO] {"orderId":"vpa2318mzm","amount":6789,"status":"waiting_payment","utm_source":"","token":"41f6c466-fcdf-4b03-bf1f-99e935c6db4d"}
[2026-06-03 20:28:33] [RESPOSTA] {"http_code":202,"response":"{\"received\":true,\"traceId\":\"019e8fd1-3898-795f-9ed6-033fa7163746\"}","curl_err":null,"orderId":"vpa2318mzm"}
[2026-06-03 23:28:39] [PAYLOAD_ENVIADO] {"orderId":"vpadrenyj6","amount":6789,"status":"paid","utm_source":"","token":"41f6c466-fcdf-4b03-bf1f-99e935c6db4d"}
[2026-06-03 23:28:39] [RESPOSTA] {"http_code":202,"response":"{\"received\":true,\"traceId\":\"019e8fd1-4d3f-7ec6-a909-22daec7872e3\"}","curl_err":null,"orderId":"vpadrenyj6"}
[2026-06-03 20:28:43] [PAYLOAD_ENVIADO] {"orderId":"vpa0nj873r","amount":6789,"status":"waiting_payment","utm_source":"","token":"41f6c466-fcdf-4b03-bf1f-99e935c6db4d"}
[2026-06-03 20:28:43] [RESPOSTA] {"http_code":202,"response":"{\"received\":true,\"traceId\":\"019e8fd1-5d41-7cfb-819a-680a228a568c\"}","curl_err":null,"orderId":"vpa0nj873r"}
[2026-06-03 20:28:46] [PAYLOAD_ENVIADO] {"orderId":"vpalwo5kdw","amount":6789,"status":"waiting_payment","utm_source":"","token":"41f6c466-fcdf-4b03-bf1f-99e935c6db4d"}
[2026-06-03 20:28:46] [RESPOSTA] {"http_code":202,"response":"{\"received\":true,\"traceId\":\"019e8fd1-6b3c-7b3f-8f57-42a01f3ccb4d\"}","curl_err":null,"orderId":"vpalwo5kdw"}
[2026-06-03 20:28:51] [PAYLOAD_ENVIADO] {"orderId":"vpaeo6pm4r","amount":6789,"status":"waiting_payment","utm_source":"","token":"41f6c466-fcdf-4b03-bf1f-99e935c6db4d"}
[2026-06-03 20:28:51] [RESPOSTA] {"http_code":202,"response":"{\"received\":true,\"traceId\":\"019e8fd1-7f10-7683-80e4-1c31ba184a2b\"}","curl_err":null,"orderId":"vpaeo6pm4r"}
[2026-06-03 20:28:53] [PAYLOAD_ENVIADO] {"orderId":"vpazp47ngy","amount":6789,"status":"waiting_payment","utm_source":"","token":"41f6c466-fcdf-4b03-bf1f-99e935c6db4d"}
[2026-06-03 20:28:53] [RESPOSTA] {"http_code":202,"response":"{\"received\":true,\"traceId\":\"019e8fd1-8410-7eba-842a-d6f372858f6e\"}","curl_err":null,"orderId":"vpazp47ngy"}
[2026-06-03 20:28:53] [PAYLOAD_ENVIADO] {"orderId":"vpa3p08gw1","amount":6789,"status":"waiting_payment","utm_source":"","token":"41f6c466-fcdf-4b03-bf1f-99e935c6db4d"}
[2026-06-03 20:28:53] [RESPOSTA] {"http_code":202,"response":"{\"received\":true,\"traceId\":\"019e8fd1-85a1-74b2-a246-d061cef47f6c\"}","curl_err":null,"orderId":"vpa3p08gw1"}
[2026-06-03 23:28:54] [PAYLOAD_ENVIADO] {"orderId":"vpavpnwm02","amount":3990,"status":"paid","utm_source":"","token":"41f6c466-fcdf-4b03-bf1f-99e935c6db4d"}
[2026-06-03 23:28:54] [RESPOSTA] {"http_code":202,"response":"{\"received\":true,\"traceId\":\"019e8fd1-8806-7e84-866b-3bdfb6b6c909\"}","curl_err":null,"orderId":"vpavpnwm02"}
[2026-06-03 20:28:56] [PAYLOAD_ENVIADO] {"orderId":"vpakepl1d6","amount":6789,"status":"waiting_payment","utm_source":"","token":"41f6c466-fcdf-4b03-bf1f-99e935c6db4d"}
[2026-06-03 20:28:56] [RESPOSTA] {"http_code":202,"response":"{\"received\":true,\"traceId\":\"019e8fd1-91d2-7d57-9e83-c77119fbf6e3\"}","curl_err":null,"orderId":"vpakepl1d6"}
[2026-06-03 23:28:57] [PAYLOAD_ENVIADO] {"orderId":"vpa4nv6jz2","amount":6789,"status":"paid","utm_source":"","token":"41f6c466-fcdf-4b03-bf1f-99e935c6db4d"}
[2026-06-03 23:28:57] [RESPOSTA] {"http_code":202,"response":"{\"received\":true,\"traceId\":\"019e8fd1-953b-7bb8-b596-81e280257365\"}","curl_err":null,"orderId":"vpa4nv6jz2"}
[2026-06-03 20:29:02] [PAYLOAD_ENVIADO] {"orderId":"vpay0vd2mr","amount":3990,"status":"waiting_payment","utm_source":"","token":"41f6c466-fcdf-4b03-bf1f-99e935c6db4d"}
[2026-06-03 20:29:02] [RESPOSTA] {"http_code":202,"response":"{\"received\":true,\"traceId\":\"019e8fd1-a992-7529-bfef-7da5dd0f71bf\"}","curl_err":null,"orderId":"vpay0vd2mr"}
[2026-06-03 20:29:06] [PAYLOAD_ENVIADO] {"orderId":"vpam3r50d5","amount":6789,"status":"waiting_payment","utm_source":"","token":"41f6c466-fcdf-4b03-bf1f-99e935c6db4d"}
[2026-06-03 20:29:06] [RESPOSTA] {"http_code":202,"response":"{\"received\":true,\"traceId\":\"019e8fd1-b907-716b-9fa3-e05f19ef1b68\"}","curl_err":null,"orderId":"vpam3r50d5"}
[2026-06-03 20:29:09] [PAYLOAD_ENVIADO] {"orderId":"vpa736dp77","amount":6789,"status":"waiting_payment","utm_source":"","token":"41f6c466-fcdf-4b03-bf1f-99e935c6db4d"}
[2026-06-03 20:29:09] [RESPOSTA] {"http_code":202,"response":"{\"received\":true,\"traceId\":\"019e8fd1-c513-77f4-b4f5-861a11b8d6cd\"}","curl_err":null,"orderId":"vpa736dp77"}
[2026-06-03 20:29:10] [PAYLOAD_ENVIADO] {"orderId":"vpam3r50dg","amount":6789,"status":"waiting_payment","utm_source":"","token":"41f6c466-fcdf-4b03-bf1f-99e935c6db4d"}
[2026-06-03 20:29:10] [RESPOSTA] {"http_code":202,"response":"{\"received\":true,\"traceId\":\"019e8fd1-c6fa-7e53-8f5f-ea1e620d4f20\"}","curl_err":null,"orderId":"vpam3r50dg"}
[2026-06-03 20:29:10] [PAYLOAD_ENVIADO] {"orderId":"vpay0vd2m2","amount":3990,"status":"waiting_payment","utm_source":"","token":"41f6c466-fcdf-4b03-bf1f-99e935c6db4d"}
[2026-06-03 20:29:10] [RESPOSTA] {"http_code":202,"response":"{\"received\":true,\"traceId\":\"019e8fd1-c8a6-727f-8421-769dd45c84a5\"}","curl_err":null,"orderId":"vpay0vd2m2"}
[2026-06-03 20:29:15] [PAYLOAD_ENVIADO] {"orderId":"vpaje2vpd1","amount":6789,"status":"waiting_payment","utm_source":"","token":"41f6c466-fcdf-4b03-bf1f-99e935c6db4d"}
[2026-06-03 20:29:15] [RESPOSTA] {"http_code":202,"response":"{\"received\":true,\"traceId\":\"019e8fd1-db91-7fe0-bc38-1b66ff0c738e\"}","curl_err":null,"orderId":"vpaje2vpd1"}
[2026-06-03 20:29:16] [PAYLOAD_ENVIADO] {"orderId":"vpa2318mwr","amount":3990,"status":"waiting_payment","utm_source":"","token":"41f6c466-fcdf-4b03-bf1f-99e935c6db4d"}
[2026-06-03 20:29:16] [RESPOSTA] {"http_code":202,"response":"{\"received\":true,\"traceId\":\"019e8fd1-ddba-7efb-a6bb-639e422bd946\"}","curl_err":null,"orderId":"vpa2318mwr"}
[2026-06-03 23:29:26] [PAYLOAD_ENVIADO] {"orderId":"vpakepl146","amount":6789,"status":"paid","utm_source":"","token":"41f6c466-fcdf-4b03-bf1f-99e935c6db4d"}
[2026-06-03 23:29:26] [RESPOSTA] {"http_code":202,"response":"{\"received\":true,\"traceId\":\"019e8fd2-0406-7d7c-9c2b-1067d1c0c79d\"}","curl_err":null,"orderId":"vpakepl146"}
[2026-06-03 20:29:27] [PAYLOAD_ENVIADO] {"orderId":"vpalwo5kkl","amount":6789,"status":"waiting_payment","utm_source":"","token":"41f6c466-fcdf-4b03-bf1f-99e935c6db4d"}
[2026-06-03 20:29:27] [RESPOSTA] {"http_code":202,"response":"{\"received\":true,\"traceId\":\"019e8fd2-0a33-7f24-af0a-55f9a466ce79\"}","curl_err":null,"orderId":"vpalwo5kkl"}
[2026-06-03 20:29:32] [PAYLOAD_ENVIADO] {"orderId":"vpa5n4622d","amount":3990,"status":"waiting_payment","utm_source":"","token":"41f6c466-fcdf-4b03-bf1f-99e935c6db4d"}
[2026-06-03 20:29:32] [RESPOSTA] {"http_code":202,"response":"{\"received\":true,\"traceId\":\"019e8fd2-1e0d-75fa-a386-afc7e26cbec8\"}","curl_err":null,"orderId":"vpa5n4622d"}
[2026-06-03 20:29:39] [PAYLOAD_ENVIADO] {"orderId":"vpa6ve6nn2","amount":3990,"status":"waiting_payment","utm_source":"","token":"41f6c466-fcdf-4b03-bf1f-99e935c6db4d"}
[2026-06-03 20:29:39] [RESPOSTA] {"http_code":202,"response":"{\"received\":true,\"traceId\":\"019e8fd2-38c2-7283-bd92-093d31017423\"}","curl_err":null,"orderId":"vpa6ve6nn2"}
[2026-06-03 20:29:45] [PAYLOAD_ENVIADO] {"orderId":"vpakepl114","amount":6789,"status":"waiting_payment","utm_source":"","token":"41f6c466-fcdf-4b03-bf1f-99e935c6db4d"}
[2026-06-03 20:29:45] [RESPOSTA] {"http_code":202,"response":"{\"received\":true,\"traceId\":\"019e8fd2-4f78-7959-84b4-4ab801c02124\"}","curl_err":null,"orderId":"vpakepl114"}
[2026-06-03 23:29:48] [PAYLOAD_ENVIADO] {"orderId":"vpa5n462zp","amount":3990,"status":"paid","utm_source":"","token":"41f6c466-fcdf-4b03-bf1f-99e935c6db4d"}
[2026-06-03 23:29:48] [RESPOSTA] {"http_code":202,"response":"{\"received\":true,\"traceId\":\"019e8fd2-5b6b-75b3-9bee-0090d2bfa557\"}","curl_err":null,"orderId":"vpa5n462zp"}
[2026-06-03 20:29:51] [PAYLOAD_ENVIADO] {"orderId":"vpag4dojj5","amount":6789,"status":"waiting_payment","utm_source":"","token":"41f6c466-fcdf-4b03-bf1f-99e935c6db4d"}
[2026-06-03 20:29:51] [RESPOSTA] {"http_code":202,"response":"{\"received\":true,\"traceId\":\"019e8fd2-68db-74b2-8bee-12131b15ccdf\"}","curl_err":null,"orderId":"vpag4dojj5"}
[2026-06-03 20:29:53] [PAYLOAD_ENVIADO] {"orderId":"vpaje2vpp1","amount":6789,"status":"waiting_payment","utm_source":"","token":"41f6c466-fcdf-4b03-bf1f-99e935c6db4d"}
[2026-06-03 20:29:53] [RESPOSTA] {"http_code":202,"response":"{\"received\":true,\"traceId\":\"019e8fd2-6e2a-7540-bc8c-c276a50a8693\"}","curl_err":null,"orderId":"vpaje2vpp1"}
[2026-06-03 20:29:53] [PAYLOAD_ENVIADO] {"orderId":"vpa2318mmr","amount":3990,"status":"waiting_payment","utm_source":"","token":"41f6c466-fcdf-4b03-bf1f-99e935c6db4d"}
[2026-06-03 20:29:53] [RESPOSTA] {"http_code":202,"response":"{\"received\":true,\"traceId\":\"019e8fd2-6f1f-7b16-b047-b77f88415ce2\"}","curl_err":null,"orderId":"vpa2318mmr"}
[2026-06-03 20:29:57] [PAYLOAD_ENVIADO] {"orderId":"vpaprz5llz","amount":3990,"status":"waiting_payment","utm_source":"","token":"41f6c466-fcdf-4b03-bf1f-99e935c6db4d"}
[2026-06-03 20:29:57] [RESPOSTA] {"http_code":202,"response":"{\"received\":true,\"traceId\":\"019e8fd2-7fbe-75f0-9d68-8b51f9a053a3\"}","curl_err":null,"orderId":"vpaprz5llz"}
[2026-06-03 20:29:59] [PAYLOAD_ENVIADO] {"orderId":"vpaon5kv2n","amount":6789,"status":"waiting_payment","utm_source":"","token":"41f6c466-fcdf-4b03-bf1f-99e935c6db4d"}
[2026-06-03 20:29:59] [RESPOSTA] {"http_code":202,"response":"{\"received\":true,\"traceId\":\"019e8fd2-8587-7251-a671-2fd034fb041b\"}","curl_err":null,"orderId":"vpaon5kv2n"}
[2026-06-03 20:29:59] [PAYLOAD_ENVIADO] {"orderId":"vpa0nj874y","amount":3990,"status":"waiting_payment","utm_source":"","token":"41f6c466-fcdf-4b03-bf1f-99e935c6db4d"}
[2026-06-03 20:29:59] [RESPOSTA] {"http_code":202,"response":"{\"received\":true,\"traceId\":\"019e8fd2-87ac-7414-984f-794489a96362\"}","curl_err":null,"orderId":"vpa0nj874y"}
[2026-06-03 20:30:01] [PAYLOAD_ENVIADO] {"orderId":"vpavpnwmvl","amount":3990,"status":"waiting_payment","utm_source":"","token":"41f6c466-fcdf-4b03-bf1f-99e935c6db4d"}
[2026-06-03 20:30:01] [RESPOSTA] {"http_code":202,"response":"{\"received\":true,\"traceId\":\"019e8fd2-8e39-7c17-b0d9-720e54a36677\"}","curl_err":null,"orderId":"vpavpnwmvl"}
[2026-06-03 20:30:04] [PAYLOAD_ENVIADO] {"orderId":"vpalwo5kml","amount":6789,"status":"waiting_payment","utm_source":"","token":"41f6c466-fcdf-4b03-bf1f-99e935c6db4d"}
[2026-06-03 20:30:04] [RESPOSTA] {"http_code":202,"response":"{\"received\":true,\"traceId\":\"019e8fd2-9938-7a3e-b780-884d8f4cf647\"}","curl_err":null,"orderId":"vpalwo5kml"}
[2026-06-03 20:30:04] [PAYLOAD_ENVIADO] {"orderId":"vpa5n462yd","amount":6789,"status":"waiting_payment","utm_source":"","token":"41f6c466-fcdf-4b03-bf1f-99e935c6db4d"}
[2026-06-03 20:30:04] [RESPOSTA] {"http_code":202,"response":"{\"received\":true,\"traceId\":\"019e8fd2-9b1c-77f8-b425-2900695a822a\"}","curl_err":null,"orderId":"vpa5n462yd"}
[2026-06-03 20:30:05] [PAYLOAD_ENVIADO] {"orderId":"vpaeo6pm37","amount":3990,"status":"waiting_payment","utm_source":"","token":"41f6c466-fcdf-4b03-bf1f-99e935c6db4d"}
[2026-06-03 20:30:05] [RESPOSTA] {"http_code":202,"response":"{\"received\":true,\"traceId\":\"019e8fd2-9d2f-7b58-8d24-03b49e71699b\"}","curl_err":null,"orderId":"vpaeo6pm37"}
[2026-06-03 20:30:16] [PAYLOAD_ENVIADO] {"orderId":"vpa8l8k1j5","amount":6789,"status":"waiting_payment","utm_source":"","token":"41f6c466-fcdf-4b03-bf1f-99e935c6db4d"}
[2026-06-03 20:30:16] [RESPOSTA] {"http_code":202,"response":"{\"received\":true,\"traceId\":\"019e8fd2-c9cd-702d-a4d4-01095bf60fbb\"}","curl_err":null,"orderId":"vpa8l8k1j5"}
[2026-06-03 20:30:20] [PAYLOAD_ENVIADO] {"orderId":"vpakepl1y4","amount":6789,"status":"waiting_payment","utm_source":"","token":"41f6c466-fcdf-4b03-bf1f-99e935c6db4d"}
[2026-06-03 20:30:21] [RESPOSTA] {"http_code":202,"response":"{\"received\":true,\"traceId\":\"019e8fd2-dacc-7814-9a9a-b217df2dbe6b\"}","curl_err":null,"orderId":"vpakepl1y4"}
[2026-06-03 20:30:23] [PAYLOAD_ENVIADO] {"orderId":"vpay0vd252","amount":6789,"status":"waiting_payment","utm_source":"","token":"41f6c466-fcdf-4b03-bf1f-99e935c6db4d"}
[2026-06-03 20:30:23] [RESPOSTA] {"http_code":202,"response":"{\"received\":true,\"traceId\":\"019e8fd2-e606-777c-96a2-06a54ea6f420\"}","curl_err":null,"orderId":"vpay0vd252"}
[2026-06-03 20:30:27] [PAYLOAD_ENVIADO] {"orderId":"vpam3r50gg","amount":6789,"status":"waiting_payment","utm_source":"","token":"41f6c466-fcdf-4b03-bf1f-99e935c6db4d"}
[2026-06-03 20:30:27] [RESPOSTA] {"http_code":202,"response":"{\"received\":true,\"traceId\":\"019e8fd2-f53b-7d3c-917d-0c30c006cf94\"}","curl_err":null,"orderId":"vpam3r50gg"}
[2026-06-03 20:30:29] [PAYLOAD_ENVIADO] {"orderId":"vpag4doj35","amount":6789,"status":"waiting_payment","utm_source":"","token":"41f6c466-fcdf-4b03-bf1f-99e935c6db4d"}
[2026-06-03 20:30:29] [RESPOSTA] {"http_code":202,"response":"{\"received\":true,\"traceId\":\"019e8fd2-fab8-766e-995e-36efb2a083fd\"}","curl_err":null,"orderId":"vpag4doj35"}
[2026-06-03 23:30:29] [PAYLOAD_ENVIADO] {"orderId":"vpa0nj874y","amount":3990,"status":"paid","utm_source":"","token":"41f6c466-fcdf-4b03-bf1f-99e935c6db4d"}
[2026-06-03 23:30:29] [RESPOSTA] {"http_code":202,"response":"{\"received\":true,\"traceId\":\"019e8fd2-fb68-77f8-8f03-62634e5cffe7\"}","curl_err":null,"orderId":"vpa0nj874y"}
[2026-06-03 20:30:32] [PAYLOAD_ENVIADO] {"orderId":"vpa2318mer","amount":6789,"status":"waiting_payment","utm_source":"","token":"41f6c466-fcdf-4b03-bf1f-99e935c6db4d"}
[2026-06-03 20:30:32] [RESPOSTA] {"http_code":202,"response":"{\"received\":true,\"traceId\":\"019e8fd3-0624-797a-a45b-54789383bfe3\"}","curl_err":null,"orderId":"vpa2318mer"}
[2026-06-03 20:30:32] [PAYLOAD_ENVIADO] {"orderId":"vpankl5rjp","amount":6789,"status":"waiting_payment","utm_source":"","token":"41f6c466-fcdf-4b03-bf1f-99e935c6db4d"}
[2026-06-03 20:30:32] [RESPOSTA] {"http_code":202,"response":"{\"received\":true,\"traceId\":\"019e8fd3-07f8-7b16-86ff-fa7ef270d342\"}","curl_err":null,"orderId":"vpankl5rjp"}
[2026-06-03 20:30:34] [PAYLOAD_ENVIADO] {"orderId":"vpa1mn8y6k","amount":6789,"status":"waiting_payment","utm_source":"","token":"41f6c466-fcdf-4b03-bf1f-99e935c6db4d"}
[2026-06-03 20:30:35] [RESPOSTA] {"http_code":202,"response":"{\"received\":true,\"traceId\":\"019e8fd3-1173-7a0d-a398-403133589d18\"}","curl_err":null,"orderId":"vpa1mn8y6k"}
[2026-06-03 20:30:37] [PAYLOAD_ENVIADO] {"orderId":"vpa0nj87zy","amount":6789,"status":"waiting_payment","utm_source":"","token":"41f6c466-fcdf-4b03-bf1f-99e935c6db4d"}
[2026-06-03 20:30:37] [RESPOSTA] {"http_code":202,"response":"{\"received\":true,\"traceId\":\"019e8fd3-1bac-74fa-913b-70e1e18eee04\"}","curl_err":null,"orderId":"vpa0nj87zy"}
[2026-06-03 20:30:40] [PAYLOAD_ENVIADO] {"orderId":"vpalwo5kyl","amount":6789,"status":"waiting_payment","utm_source":"","token":"41f6c466-fcdf-4b03-bf1f-99e935c6db4d"}
[2026-06-03 20:30:40] [RESPOSTA] {"http_code":202,"response":"{\"received\":true,\"traceId\":\"019e8fd3-2597-77a4-9bca-2bfc6be291dc\"}","curl_err":null,"orderId":"vpalwo5kyl"}
[2026-06-03 20:30:43] [PAYLOAD_ENVIADO] {"orderId":"vpa5n462gd","amount":6789,"status":"waiting_payment","utm_source":"","token":"41f6c466-fcdf-4b03-bf1f-99e935c6db4d"}
[2026-06-03 20:30:43] [RESPOSTA] {"http_code":202,"response":"{\"received\":true,\"traceId\":\"019e8fd3-31f0-7c10-b8a8-a7499d7014d9\"}","curl_err":null,"orderId":"vpa5n462gd"}
