[2026-06-03 16:42:05] 📥 Dados recebidos do PayHubr
Dados: {
    "raw": "{\"orderId\":\"vpawp1oe4p\",\"platform\":\"PayHubr\",\"paymentMethod\":\"pix\",\"status\":\"paid\",\"createdAt\":\"2026-06-03T13:41:36-03:00\",\"approvedDate\":\"2026-06-03 16:42:05\",\"paidAt\":\"2026-06-03 16:42:05\",\"refundedAt\":null,\"customer\":{\"name\":\"Julia Reis Alves\",\"email\":\"juliareisalves828@hotmail.com\",\"phone\":null,\"document\":{\"number\":\"52469927480\",\"type\":\"CPF\"},\"country\":\"BR\",\"ip\":\"34.73.54.178\"},\"items\":[{\"id\":\"PROD_6a20595de75fc\",\"title\":\"Produto 65.84\",\"quantity\":1,\"unitPrice\":6584}],\"amount\":6584,\"fee\":{\"fixedAmount\":0,\"netAmount\":6584},\"trackingParameters\":[],\"isTest\":false}"
}
----------------------------------------
[2026-06-03 16:42:05] 🔄 Processando dados recebidos
Dados: {
    "orderId": "vpawp1oe4p",
    "platform": "PayHubr",
    "paymentMethod": "pix",
    "status": "paid",
    "createdAt": "2026-06-03T13:41:36-03:00",
    "approvedDate": "2026-06-03 16:42:05",
    "paidAt": "2026-06-03 16:42:05",
    "refundedAt": null,
    "customer": {
        "name": "Julia Reis Alves",
        "email": "juliareisalves828@hotmail.com",
        "phone": null,
        "document": {
            "number": "52469927480",
            "type": "CPF"
        },
        "country": "BR",
        "ip": "34.73.54.178"
    },
    "items": [
        {
            "id": "PROD_6a20595de75fc",
            "title": "Produto 65.84",
            "quantity": 1,
            "unitPrice": 6584
        }
    ],
    "amount": 6584,
    "fee": {
        "fixedAmount": 0,
        "netAmount": 6584
    },
    "trackingParameters": [],
    "isTest": false
}
----------------------------------------
[2026-06-03 16:42:05] 📤 Dados formatados para Utmify
Dados: {
    "orderId": "vpawp1oe4p",
    "platform": "PayHubr",
    "paymentMethod": "pix",
    "status": "paid",
    "createdAt": "2026-06-03 16:41:36",
    "approvedDate": "2026-06-03 16:42:05",
    "refundedAt": null,
    "customer": {
        "name": "Julia Reis Alves",
        "email": "juliareisalves828@hotmail.com",
        "phone": null,
        "document": "52469927480",
        "country": "BR",
        "ip": "2a02:4780:13:1234::105"
    },
    "products": [
        {
            "id": "PROD_6a20595de75fc",
            "name": "Produto 65.84",
            "planId": null,
            "planName": null,
            "quantity": 1,
            "priceInCents": 6584
        }
    ],
    "trackingParameters": {
        "src": null,
        "sck": null,
        "utm_source": null,
        "utm_campaign": null,
        "utm_medium": null,
        "utm_content": null,
        "utm_term": null,
        "xcod": null,
        "fbclid": null,
        "gclid": null,
        "ttclid": null
    },
    "commission": {
        "totalPriceInCents": 6584,
        "gatewayFeeInCents": 0,
        "userCommissionInCents": 6584
    },
    "isTest": false
}
----------------------------------------
[2026-06-03 16:42:05] 📡 Enviando requisição para Utmify
Dados: {
    "url": "https:\/\/api.utmify.com.br\/api-credentials\/orders",
    "headers": [
        "Content-Type: application\/json",
        "x-api-token: [REDACTED]"
    ]
}
----------------------------------------
[2026-06-03 16:42:06] ✅ Resposta da API Utmify
Dados: {
    "http_code": 200,
    "response": {
        "OK": true,
        "data": [],
        "result": "SUCCESS"
    }
}
----------------------------------------
[2026-06-03 16:42:49] 📥 Dados recebidos do PayHubr
Dados: {
    "raw": "{\"orderId\":\"vpam3rvnl2\",\"platform\":\"PayHubr\",\"paymentMethod\":\"pix\",\"status\":\"paid\",\"createdAt\":\"2026-06-03T13:38:12-03:00\",\"approvedDate\":\"2026-06-03 16:42:49\",\"paidAt\":\"2026-06-03 16:42:49\",\"refundedAt\":null,\"customer\":{\"name\":\"Lucas Oliveira Rodrigues\",\"email\":\"lucasoliveirarodrigues9935@bol.com.br\",\"phone\":null,\"document\":{\"number\":\"88403302673\",\"type\":\"CPF\"},\"country\":\"BR\",\"ip\":\"34.73.54.178\"},\"items\":[{\"id\":\"PROD_6a2059891b7ed\",\"title\":\"Produto 65.84\",\"quantity\":1,\"unitPrice\":6584}],\"amount\":6584,\"fee\":{\"fixedAmount\":0,\"netAmount\":6584},\"trackingParameters\":[],\"isTest\":false}"
}
----------------------------------------
[2026-06-03 16:42:49] 🔄 Processando dados recebidos
Dados: {
    "orderId": "vpam3rvnl2",
    "platform": "PayHubr",
    "paymentMethod": "pix",
    "status": "paid",
    "createdAt": "2026-06-03T13:38:12-03:00",
    "approvedDate": "2026-06-03 16:42:49",
    "paidAt": "2026-06-03 16:42:49",
    "refundedAt": null,
    "customer": {
        "name": "Lucas Oliveira Rodrigues",
        "email": "lucasoliveirarodrigues9935@bol.com.br",
        "phone": null,
        "document": {
            "number": "88403302673",
            "type": "CPF"
        },
        "country": "BR",
        "ip": "34.73.54.178"
    },
    "items": [
        {
            "id": "PROD_6a2059891b7ed",
            "title": "Produto 65.84",
            "quantity": 1,
            "unitPrice": 6584
        }
    ],
    "amount": 6584,
    "fee": {
        "fixedAmount": 0,
        "netAmount": 6584
    },
    "trackingParameters": [],
    "isTest": false
}
----------------------------------------
[2026-06-03 16:42:49] 📤 Dados formatados para Utmify
Dados: {
    "orderId": "vpam3rvnl2",
    "platform": "PayHubr",
    "paymentMethod": "pix",
    "status": "paid",
    "createdAt": "2026-06-03 16:38:12",
    "approvedDate": "2026-06-03 16:42:49",
    "refundedAt": null,
    "customer": {
        "name": "Lucas Oliveira Rodrigues",
        "email": "lucasoliveirarodrigues9935@bol.com.br",
        "phone": null,
        "document": "88403302673",
        "country": "BR",
        "ip": "2a02:4780:13:1234::105"
    },
    "products": [
        {
            "id": "PROD_6a2059891b7ed",
            "name": "Produto 65.84",
            "planId": null,
            "planName": null,
            "quantity": 1,
            "priceInCents": 6584
        }
    ],
    "trackingParameters": {
        "src": null,
        "sck": null,
        "utm_source": null,
        "utm_campaign": null,
        "utm_medium": null,
        "utm_content": null,
        "utm_term": null,
        "xcod": null,
        "fbclid": null,
        "gclid": null,
        "ttclid": null
    },
    "commission": {
        "totalPriceInCents": 6584,
        "gatewayFeeInCents": 0,
        "userCommissionInCents": 6584
    },
    "isTest": false
}
----------------------------------------
[2026-06-03 16:42:49] 📡 Enviando requisição para Utmify
Dados: {
    "url": "https:\/\/api.utmify.com.br\/api-credentials\/orders",
    "headers": [
        "Content-Type: application\/json",
        "x-api-token: [REDACTED]"
    ]
}
----------------------------------------
[2026-06-03 16:42:49] ✅ Resposta da API Utmify
Dados: {
    "http_code": 200,
    "response": {
        "OK": true,
        "data": [],
        "result": "SUCCESS"
    }
}
----------------------------------------
[2026-06-03 16:43:17] 📥 Dados recebidos do PayHubr
Dados: {
    "raw": "{\"orderId\":\"vpar3wjr4n\",\"platform\":\"PayHubr\",\"paymentMethod\":\"pix\",\"status\":\"paid\",\"createdAt\":\"2026-06-03T13:42:23-03:00\",\"approvedDate\":\"2026-06-03 16:43:17\",\"paidAt\":\"2026-06-03 16:43:17\",\"refundedAt\":null,\"customer\":{\"name\":\"Nathan Ramos Gomes\",\"email\":\"nathanramosgomes1124@ig.com.br\",\"phone\":null,\"document\":{\"number\":\"00453792200\",\"type\":\"CPF\"},\"country\":\"BR\",\"ip\":\"34.73.54.178\"},\"items\":[{\"id\":\"PROD_6a2059a50e1b7\",\"title\":\"Produto 65.84\",\"quantity\":1,\"unitPrice\":6584}],\"amount\":6584,\"fee\":{\"fixedAmount\":0,\"netAmount\":6584},\"trackingParameters\":[],\"isTest\":false}"
}
----------------------------------------
[2026-06-03 16:43:17] 🔄 Processando dados recebidos
Dados: {
    "orderId": "vpar3wjr4n",
    "platform": "PayHubr",
    "paymentMethod": "pix",
    "status": "paid",
    "createdAt": "2026-06-03T13:42:23-03:00",
    "approvedDate": "2026-06-03 16:43:17",
    "paidAt": "2026-06-03 16:43:17",
    "refundedAt": null,
    "customer": {
        "name": "Nathan Ramos Gomes",
        "email": "nathanramosgomes1124@ig.com.br",
        "phone": null,
        "document": {
            "number": "00453792200",
            "type": "CPF"
        },
        "country": "BR",
        "ip": "34.73.54.178"
    },
    "items": [
        {
            "id": "PROD_6a2059a50e1b7",
            "title": "Produto 65.84",
            "quantity": 1,
            "unitPrice": 6584
        }
    ],
    "amount": 6584,
    "fee": {
        "fixedAmount": 0,
        "netAmount": 6584
    },
    "trackingParameters": [],
    "isTest": false
}
----------------------------------------
[2026-06-03 16:43:17] 📤 Dados formatados para Utmify
Dados: {
    "orderId": "vpar3wjr4n",
    "platform": "PayHubr",
    "paymentMethod": "pix",
    "status": "paid",
    "createdAt": "2026-06-03 16:42:23",
    "approvedDate": "2026-06-03 16:43:17",
    "refundedAt": null,
    "customer": {
        "name": "Nathan Ramos Gomes",
        "email": "nathanramosgomes1124@ig.com.br",
        "phone": null,
        "document": "00453792200",
        "country": "BR",
        "ip": "2a02:4780:13:1234::105"
    },
    "products": [
        {
            "id": "PROD_6a2059a50e1b7",
            "name": "Produto 65.84",
            "planId": null,
            "planName": null,
            "quantity": 1,
            "priceInCents": 6584
        }
    ],
    "trackingParameters": {
        "src": null,
        "sck": null,
        "utm_source": null,
        "utm_campaign": null,
        "utm_medium": null,
        "utm_content": null,
        "utm_term": null,
        "xcod": null,
        "fbclid": null,
        "gclid": null,
        "ttclid": null
    },
    "commission": {
        "totalPriceInCents": 6584,
        "gatewayFeeInCents": 0,
        "userCommissionInCents": 6584
    },
    "isTest": false
}
----------------------------------------
[2026-06-03 16:43:17] 📡 Enviando requisição para Utmify
Dados: {
    "url": "https:\/\/api.utmify.com.br\/api-credentials\/orders",
    "headers": [
        "Content-Type: application\/json",
        "x-api-token: [REDACTED]"
    ]
}
----------------------------------------
[2026-06-03 16:43:17] ✅ Resposta da API Utmify
Dados: {
    "http_code": 200,
    "response": {
        "OK": true,
        "data": [],
        "result": "SUCCESS"
    }
}
----------------------------------------
[2026-06-03 16:43:29] 📥 Dados recebidos do PayHubr
Dados: {
    "raw": "{\"orderId\":\"vpa7360k01\",\"platform\":\"PayHubr\",\"paymentMethod\":\"pix\",\"status\":\"paid\",\"createdAt\":\"2026-06-03T13:42:48-03:00\",\"approvedDate\":\"2026-06-03 16:43:29\",\"paidAt\":\"2026-06-03 16:43:29\",\"refundedAt\":null,\"customer\":{\"name\":\"Victor Ramos Barros\",\"email\":\"victorramosbarros7743@hotmail.com\",\"phone\":null,\"document\":{\"number\":\"99357016546\",\"type\":\"CPF\"},\"country\":\"BR\",\"ip\":\"34.73.54.178\"},\"items\":[{\"id\":\"PROD_6a2059b186ff7\",\"title\":\"Produto 65.84\",\"quantity\":1,\"unitPrice\":6584}],\"amount\":6584,\"fee\":{\"fixedAmount\":0,\"netAmount\":6584},\"trackingParameters\":[],\"isTest\":false}"
}
----------------------------------------
[2026-06-03 16:43:29] 🔄 Processando dados recebidos
Dados: {
    "orderId": "vpa7360k01",
    "platform": "PayHubr",
    "paymentMethod": "pix",
    "status": "paid",
    "createdAt": "2026-06-03T13:42:48-03:00",
    "approvedDate": "2026-06-03 16:43:29",
    "paidAt": "2026-06-03 16:43:29",
    "refundedAt": null,
    "customer": {
        "name": "Victor Ramos Barros",
        "email": "victorramosbarros7743@hotmail.com",
        "phone": null,
        "document": {
            "number": "99357016546",
            "type": "CPF"
        },
        "country": "BR",
        "ip": "34.73.54.178"
    },
    "items": [
        {
            "id": "PROD_6a2059b186ff7",
            "title": "Produto 65.84",
            "quantity": 1,
            "unitPrice": 6584
        }
    ],
    "amount": 6584,
    "fee": {
        "fixedAmount": 0,
        "netAmount": 6584
    },
    "trackingParameters": [],
    "isTest": false
}
----------------------------------------
[2026-06-03 16:43:29] 📤 Dados formatados para Utmify
Dados: {
    "orderId": "vpa7360k01",
    "platform": "PayHubr",
    "paymentMethod": "pix",
    "status": "paid",
    "createdAt": "2026-06-03 16:42:48",
    "approvedDate": "2026-06-03 16:43:29",
    "refundedAt": null,
    "customer": {
        "name": "Victor Ramos Barros",
        "email": "victorramosbarros7743@hotmail.com",
        "phone": null,
        "document": "99357016546",
        "country": "BR",
        "ip": "2a02:4780:13:1234::105"
    },
    "products": [
        {
            "id": "PROD_6a2059b186ff7",
            "name": "Produto 65.84",
            "planId": null,
            "planName": null,
            "quantity": 1,
            "priceInCents": 6584
        }
    ],
    "trackingParameters": {
        "src": null,
        "sck": null,
        "utm_source": null,
        "utm_campaign": null,
        "utm_medium": null,
        "utm_content": null,
        "utm_term": null,
        "xcod": null,
        "fbclid": null,
        "gclid": null,
        "ttclid": null
    },
    "commission": {
        "totalPriceInCents": 6584,
        "gatewayFeeInCents": 0,
        "userCommissionInCents": 6584
    },
    "isTest": false
}
----------------------------------------
[2026-06-03 16:43:29] 📡 Enviando requisição para Utmify
Dados: {
    "url": "https:\/\/api.utmify.com.br\/api-credentials\/orders",
    "headers": [
        "Content-Type: application\/json",
        "x-api-token: [REDACTED]"
    ]
}
----------------------------------------
[2026-06-03 16:43:29] ✅ Resposta da API Utmify
Dados: {
    "http_code": 200,
    "response": {
        "OK": true,
        "data": [],
        "result": "SUCCESS"
    }
}
----------------------------------------
[2026-06-03 16:47:03] 📥 Dados recebidos do PayHubr
Dados: {
    "raw": "{\"orderId\":\"vpa3p0n4dy\",\"platform\":\"PayHubr\",\"paymentMethod\":\"pix\",\"status\":\"paid\",\"createdAt\":\"2026-06-03T13:38:44-03:00\",\"approvedDate\":\"2026-06-03 16:47:03\",\"paidAt\":\"2026-06-03 16:47:03\",\"refundedAt\":null,\"customer\":{\"name\":\"Caio Oliveira Alves\",\"email\":\"caiooliveiraalves1321@hotmail.com\",\"phone\":null,\"document\":{\"number\":\"50755936663\",\"type\":\"CPF\"},\"country\":\"BR\",\"ip\":\"34.73.54.178\"},\"items\":[{\"id\":\"PROD_6a205a878287f\",\"title\":\"Produto 65.84\",\"quantity\":1,\"unitPrice\":6584}],\"amount\":6584,\"fee\":{\"fixedAmount\":0,\"netAmount\":6584},\"trackingParameters\":[],\"isTest\":false}"
}
----------------------------------------
[2026-06-03 16:47:03] 🔄 Processando dados recebidos
Dados: {
    "orderId": "vpa3p0n4dy",
    "platform": "PayHubr",
    "paymentMethod": "pix",
    "status": "paid",
    "createdAt": "2026-06-03T13:38:44-03:00",
    "approvedDate": "2026-06-03 16:47:03",
    "paidAt": "2026-06-03 16:47:03",
    "refundedAt": null,
    "customer": {
        "name": "Caio Oliveira Alves",
        "email": "caiooliveiraalves1321@hotmail.com",
        "phone": null,
        "document": {
            "number": "50755936663",
            "type": "CPF"
        },
        "country": "BR",
        "ip": "34.73.54.178"
    },
    "items": [
        {
            "id": "PROD_6a205a878287f",
            "title": "Produto 65.84",
            "quantity": 1,
            "unitPrice": 6584
        }
    ],
    "amount": 6584,
    "fee": {
        "fixedAmount": 0,
        "netAmount": 6584
    },
    "trackingParameters": [],
    "isTest": false
}
----------------------------------------
[2026-06-03 16:47:03] 📤 Dados formatados para Utmify
Dados: {
    "orderId": "vpa3p0n4dy",
    "platform": "PayHubr",
    "paymentMethod": "pix",
    "status": "paid",
    "createdAt": "2026-06-03 16:38:44",
    "approvedDate": "2026-06-03 16:47:03",
    "refundedAt": null,
    "customer": {
        "name": "Caio Oliveira Alves",
        "email": "caiooliveiraalves1321@hotmail.com",
        "phone": null,
        "document": "50755936663",
        "country": "BR",
        "ip": "2a02:4780:13:1234::105"
    },
    "products": [
        {
            "id": "PROD_6a205a878287f",
            "name": "Produto 65.84",
            "planId": null,
            "planName": null,
            "quantity": 1,
            "priceInCents": 6584
        }
    ],
    "trackingParameters": {
        "src": null,
        "sck": null,
        "utm_source": null,
        "utm_campaign": null,
        "utm_medium": null,
        "utm_content": null,
        "utm_term": null,
        "xcod": null,
        "fbclid": null,
        "gclid": null,
        "ttclid": null
    },
    "commission": {
        "totalPriceInCents": 6584,
        "gatewayFeeInCents": 0,
        "userCommissionInCents": 6584
    },
    "isTest": false
}
----------------------------------------
[2026-06-03 16:47:03] 📡 Enviando requisição para Utmify
Dados: {
    "url": "https:\/\/api.utmify.com.br\/api-credentials\/orders",
    "headers": [
        "Content-Type: application\/json",
        "x-api-token: [REDACTED]"
    ]
}
----------------------------------------
[2026-06-03 16:47:03] ✅ Resposta da API Utmify
Dados: {
    "http_code": 200,
    "response": {
        "OK": true,
        "data": [],
        "result": "SUCCESS"
    }
}
----------------------------------------
[2026-06-03 16:51:38] 📥 Dados recebidos do PayHubr
Dados: {
    "raw": "{\"orderId\":\"vpa5n41e24\",\"platform\":\"PayHubr\",\"paymentMethod\":\"pix\",\"status\":\"paid\",\"createdAt\":\"2026-06-03T13:49:36-03:00\",\"approvedDate\":\"2026-06-03 16:51:38\",\"paidAt\":\"2026-06-03 16:51:38\",\"refundedAt\":null,\"customer\":{\"name\":\"Cintia Antunes Coelho\",\"email\":\"cintiaantunescoelho5217@outlook.com\",\"phone\":null,\"document\":{\"number\":\"18724097764\",\"type\":\"CPF\"},\"country\":\"BR\",\"ip\":\"34.73.54.178\"},\"items\":[{\"id\":\"PROD_6a205b9acef86\",\"title\":\"Produto 65.84\",\"quantity\":1,\"unitPrice\":6584}],\"amount\":6584,\"fee\":{\"fixedAmount\":0,\"netAmount\":6584},\"trackingParameters\":[],\"isTest\":false}"
}
----------------------------------------
[2026-06-03 16:51:38] 🔄 Processando dados recebidos
Dados: {
    "orderId": "vpa5n41e24",
    "platform": "PayHubr",
    "paymentMethod": "pix",
    "status": "paid",
    "createdAt": "2026-06-03T13:49:36-03:00",
    "approvedDate": "2026-06-03 16:51:38",
    "paidAt": "2026-06-03 16:51:38",
    "refundedAt": null,
    "customer": {
        "name": "Cintia Antunes Coelho",
        "email": "cintiaantunescoelho5217@outlook.com",
        "phone": null,
        "document": {
            "number": "18724097764",
            "type": "CPF"
        },
        "country": "BR",
        "ip": "34.73.54.178"
    },
    "items": [
        {
            "id": "PROD_6a205b9acef86",
            "title": "Produto 65.84",
            "quantity": 1,
            "unitPrice": 6584
        }
    ],
    "amount": 6584,
    "fee": {
        "fixedAmount": 0,
        "netAmount": 6584
    },
    "trackingParameters": [],
    "isTest": false
}
----------------------------------------
[2026-06-03 16:51:38] 📤 Dados formatados para Utmify
Dados: {
    "orderId": "vpa5n41e24",
    "platform": "PayHubr",
    "paymentMethod": "pix",
    "status": "paid",
    "createdAt": "2026-06-03 16:49:36",
    "approvedDate": "2026-06-03 16:51:38",
    "refundedAt": null,
    "customer": {
        "name": "Cintia Antunes Coelho",
        "email": "cintiaantunescoelho5217@outlook.com",
        "phone": null,
        "document": "18724097764",
        "country": "BR",
        "ip": "2a02:4780:13:1234::105"
    },
    "products": [
        {
            "id": "PROD_6a205b9acef86",
            "name": "Produto 65.84",
            "planId": null,
            "planName": null,
            "quantity": 1,
            "priceInCents": 6584
        }
    ],
    "trackingParameters": {
        "src": null,
        "sck": null,
        "utm_source": null,
        "utm_campaign": null,
        "utm_medium": null,
        "utm_content": null,
        "utm_term": null,
        "xcod": null,
        "fbclid": null,
        "gclid": null,
        "ttclid": null
    },
    "commission": {
        "totalPriceInCents": 6584,
        "gatewayFeeInCents": 0,
        "userCommissionInCents": 6584
    },
    "isTest": false
}
----------------------------------------
[2026-06-03 16:51:38] 📡 Enviando requisição para Utmify
Dados: {
    "url": "https:\/\/api.utmify.com.br\/api-credentials\/orders",
    "headers": [
        "Content-Type: application\/json",
        "x-api-token: [REDACTED]"
    ]
}
----------------------------------------
[2026-06-03 16:51:38] ✅ Resposta da API Utmify
Dados: {
    "http_code": 200,
    "response": {
        "OK": true,
        "data": [],
        "result": "SUCCESS"
    }
}
----------------------------------------
[2026-06-03 16:52:50] 📥 Dados recebidos do PayHubr
Dados: {
    "raw": "{\"orderId\":\"vpa6veozkl\",\"platform\":\"PayHubr\",\"paymentMethod\":\"pix\",\"status\":\"paid\",\"createdAt\":\"2026-06-03T13:51:51-03:00\",\"approvedDate\":\"2026-06-03 16:52:50\",\"paidAt\":\"2026-06-03 16:52:50\",\"refundedAt\":null,\"customer\":{\"name\":\"Renata Lima Pereira\",\"email\":\"renatalimapereira9449@outlook.com\",\"phone\":null,\"document\":{\"number\":\"06055468000\",\"type\":\"CPF\"},\"country\":\"BR\",\"ip\":\"34.73.54.178\"},\"items\":[{\"id\":\"PROD_6a205be2dec95\",\"title\":\"Produto 65.84\",\"quantity\":1,\"unitPrice\":6584}],\"amount\":6584,\"fee\":{\"fixedAmount\":0,\"netAmount\":6584},\"trackingParameters\":[],\"isTest\":false}"
}
----------------------------------------
[2026-06-03 16:52:50] 🔄 Processando dados recebidos
Dados: {
    "orderId": "vpa6veozkl",
    "platform": "PayHubr",
    "paymentMethod": "pix",
    "status": "paid",
    "createdAt": "2026-06-03T13:51:51-03:00",
    "approvedDate": "2026-06-03 16:52:50",
    "paidAt": "2026-06-03 16:52:50",
    "refundedAt": null,
    "customer": {
        "name": "Renata Lima Pereira",
        "email": "renatalimapereira9449@outlook.com",
        "phone": null,
        "document": {
            "number": "06055468000",
            "type": "CPF"
        },
        "country": "BR",
        "ip": "34.73.54.178"
    },
    "items": [
        {
            "id": "PROD_6a205be2dec95",
            "title": "Produto 65.84",
            "quantity": 1,
            "unitPrice": 6584
        }
    ],
    "amount": 6584,
    "fee": {
        "fixedAmount": 0,
        "netAmount": 6584
    },
    "trackingParameters": [],
    "isTest": false
}
----------------------------------------
[2026-06-03 16:52:50] 📤 Dados formatados para Utmify
Dados: {
    "orderId": "vpa6veozkl",
    "platform": "PayHubr",
    "paymentMethod": "pix",
    "status": "paid",
    "createdAt": "2026-06-03 16:51:51",
    "approvedDate": "2026-06-03 16:52:50",
    "refundedAt": null,
    "customer": {
        "name": "Renata Lima Pereira",
        "email": "renatalimapereira9449@outlook.com",
        "phone": null,
        "document": "06055468000",
        "country": "BR",
        "ip": "2a02:4780:13:1234::105"
    },
    "products": [
        {
            "id": "PROD_6a205be2dec95",
            "name": "Produto 65.84",
            "planId": null,
            "planName": null,
            "quantity": 1,
            "priceInCents": 6584
        }
    ],
    "trackingParameters": {
        "src": null,
        "sck": null,
        "utm_source": null,
        "utm_campaign": null,
        "utm_medium": null,
        "utm_content": null,
        "utm_term": null,
        "xcod": null,
        "fbclid": null,
        "gclid": null,
        "ttclid": null
    },
    "commission": {
        "totalPriceInCents": 6584,
        "gatewayFeeInCents": 0,
        "userCommissionInCents": 6584
    },
    "isTest": false
}
----------------------------------------
[2026-06-03 16:52:50] 📡 Enviando requisição para Utmify
Dados: {
    "url": "https:\/\/api.utmify.com.br\/api-credentials\/orders",
    "headers": [
        "Content-Type: application\/json",
        "x-api-token: [REDACTED]"
    ]
}
----------------------------------------
[2026-06-03 16:52:50] ✅ Resposta da API Utmify
Dados: {
    "http_code": 200,
    "response": {
        "OK": true,
        "data": [],
        "result": "SUCCESS"
    }
}
----------------------------------------
[2026-06-03 16:55:24] 📥 Dados recebidos do PayHubr
Dados: {
    "raw": "{\"orderId\":\"vpam3rvnk5\",\"platform\":\"PayHubr\",\"paymentMethod\":\"pix\",\"status\":\"paid\",\"createdAt\":\"2026-06-03T13:52:05-03:00\",\"approvedDate\":\"2026-06-03 16:55:24\",\"paidAt\":\"2026-06-03 16:55:24\",\"refundedAt\":null,\"customer\":{\"name\":\"Rodrigo Monteiro Ribeiro\",\"email\":\"rodrigomonteiroribeiro6121@yahoo.com.br\",\"phone\":null,\"document\":{\"number\":\"98287020450\",\"type\":\"CPF\"},\"country\":\"BR\",\"ip\":\"34.73.54.178\"},\"items\":[{\"id\":\"PROD_6a205c7c12ea9\",\"title\":\"Produto 65.84\",\"quantity\":1,\"unitPrice\":6584}],\"amount\":6584,\"fee\":{\"fixedAmount\":0,\"netAmount\":6584},\"trackingParameters\":[],\"isTest\":false}"
}
----------------------------------------
[2026-06-03 16:55:24] 🔄 Processando dados recebidos
Dados: {
    "orderId": "vpam3rvnk5",
    "platform": "PayHubr",
    "paymentMethod": "pix",
    "status": "paid",
    "createdAt": "2026-06-03T13:52:05-03:00",
    "approvedDate": "2026-06-03 16:55:24",
    "paidAt": "2026-06-03 16:55:24",
    "refundedAt": null,
    "customer": {
        "name": "Rodrigo Monteiro Ribeiro",
        "email": "rodrigomonteiroribeiro6121@yahoo.com.br",
        "phone": null,
        "document": {
            "number": "98287020450",
            "type": "CPF"
        },
        "country": "BR",
        "ip": "34.73.54.178"
    },
    "items": [
        {
            "id": "PROD_6a205c7c12ea9",
            "title": "Produto 65.84",
            "quantity": 1,
            "unitPrice": 6584
        }
    ],
    "amount": 6584,
    "fee": {
        "fixedAmount": 0,
        "netAmount": 6584
    },
    "trackingParameters": [],
    "isTest": false
}
----------------------------------------
[2026-06-03 16:55:24] 📤 Dados formatados para Utmify
Dados: {
    "orderId": "vpam3rvnk5",
    "platform": "PayHubr",
    "paymentMethod": "pix",
    "status": "paid",
    "createdAt": "2026-06-03 16:52:05",
    "approvedDate": "2026-06-03 16:55:24",
    "refundedAt": null,
    "customer": {
        "name": "Rodrigo Monteiro Ribeiro",
        "email": "rodrigomonteiroribeiro6121@yahoo.com.br",
        "phone": null,
        "document": "98287020450",
        "country": "BR",
        "ip": "2a02:4780:13:1234::105"
    },
    "products": [
        {
            "id": "PROD_6a205c7c12ea9",
            "name": "Produto 65.84",
            "planId": null,
            "planName": null,
            "quantity": 1,
            "priceInCents": 6584
        }
    ],
    "trackingParameters": {
        "src": null,
        "sck": null,
        "utm_source": null,
        "utm_campaign": null,
        "utm_medium": null,
        "utm_content": null,
        "utm_term": null,
        "xcod": null,
        "fbclid": null,
        "gclid": null,
        "ttclid": null
    },
    "commission": {
        "totalPriceInCents": 6584,
        "gatewayFeeInCents": 0,
        "userCommissionInCents": 6584
    },
    "isTest": false
}
----------------------------------------
[2026-06-03 16:55:24] 📡 Enviando requisição para Utmify
Dados: {
    "url": "https:\/\/api.utmify.com.br\/api-credentials\/orders",
    "headers": [
        "Content-Type: application\/json",
        "x-api-token: [REDACTED]"
    ]
}
----------------------------------------
[2026-06-03 16:55:24] ✅ Resposta da API Utmify
Dados: {
    "http_code": 200,
    "response": {
        "OK": true,
        "data": [],
        "result": "SUCCESS"
    }
}
----------------------------------------
[2026-06-03 16:57:25] 📥 Dados recebidos do PayHubr
Dados: {
    "raw": "{\"orderId\":\"vpa5n41eep\",\"platform\":\"PayHubr\",\"paymentMethod\":\"pix\",\"status\":\"paid\",\"createdAt\":\"2026-06-03T13:54:19-03:00\",\"approvedDate\":\"2026-06-03 16:57:23\",\"paidAt\":\"2026-06-03 16:57:23\",\"refundedAt\":null,\"customer\":{\"name\":\"Rafael Alves Barros\",\"email\":\"rafaelalvesbarros1885@hotmail.com\",\"phone\":null,\"document\":{\"number\":\"33298870013\",\"type\":\"CPF\"},\"country\":\"BR\",\"ip\":\"34.73.54.178\"},\"items\":[{\"id\":\"PROD_6a205cf3c40b5\",\"title\":\"Produto 65.84\",\"quantity\":1,\"unitPrice\":6584}],\"amount\":6584,\"fee\":{\"fixedAmount\":0,\"netAmount\":6584},\"trackingParameters\":[],\"isTest\":false}"
}
----------------------------------------
[2026-06-03 16:57:25] 🔄 Processando dados recebidos
Dados: {
    "orderId": "vpa5n41eep",
    "platform": "PayHubr",
    "paymentMethod": "pix",
    "status": "paid",
    "createdAt": "2026-06-03T13:54:19-03:00",
    "approvedDate": "2026-06-03 16:57:23",
    "paidAt": "2026-06-03 16:57:23",
    "refundedAt": null,
    "customer": {
        "name": "Rafael Alves Barros",
        "email": "rafaelalvesbarros1885@hotmail.com",
        "phone": null,
        "document": {
            "number": "33298870013",
            "type": "CPF"
        },
        "country": "BR",
        "ip": "34.73.54.178"
    },
    "items": [
        {
            "id": "PROD_6a205cf3c40b5",
            "title": "Produto 65.84",
            "quantity": 1,
            "unitPrice": 6584
        }
    ],
    "amount": 6584,
    "fee": {
        "fixedAmount": 0,
        "netAmount": 6584
    },
    "trackingParameters": [],
    "isTest": false
}
----------------------------------------
[2026-06-03 16:57:25] 📤 Dados formatados para Utmify
Dados: {
    "orderId": "vpa5n41eep",
    "platform": "PayHubr",
    "paymentMethod": "pix",
    "status": "paid",
    "createdAt": "2026-06-03 16:54:19",
    "approvedDate": "2026-06-03 16:57:23",
    "refundedAt": null,
    "customer": {
        "name": "Rafael Alves Barros",
        "email": "rafaelalvesbarros1885@hotmail.com",
        "phone": null,
        "document": "33298870013",
        "country": "BR",
        "ip": "2a02:4780:13:1234::105"
    },
    "products": [
        {
            "id": "PROD_6a205cf3c40b5",
            "name": "Produto 65.84",
            "planId": null,
            "planName": null,
            "quantity": 1,
            "priceInCents": 6584
        }
    ],
    "trackingParameters": {
        "src": null,
        "sck": null,
        "utm_source": null,
        "utm_campaign": null,
        "utm_medium": null,
        "utm_content": null,
        "utm_term": null,
        "xcod": null,
        "fbclid": null,
        "gclid": null,
        "ttclid": null
    },
    "commission": {
        "totalPriceInCents": 6584,
        "gatewayFeeInCents": 0,
        "userCommissionInCents": 6584
    },
    "isTest": false
}
----------------------------------------
[2026-06-03 16:57:25] 📡 Enviando requisição para Utmify
Dados: {
    "url": "https:\/\/api.utmify.com.br\/api-credentials\/orders",
    "headers": [
        "Content-Type: application\/json",
        "x-api-token: [REDACTED]"
    ]
}
----------------------------------------
[2026-06-03 16:57:25] ✅ Resposta da API Utmify
Dados: {
    "http_code": 200,
    "response": {
        "OK": true,
        "data": [],
        "result": "SUCCESS"
    }
}
----------------------------------------
[2026-06-03 17:01:00] 📥 Dados recebidos do PayHubr
Dados: {
    "raw": "{\"orderId\":\"vpa6veoe32\",\"platform\":\"PayHubr\",\"paymentMethod\":\"pix\",\"status\":\"paid\",\"createdAt\":\"2026-06-03T13:59:39-03:00\",\"approvedDate\":\"2026-06-03 17:01:00\",\"paidAt\":\"2026-06-03 17:01:00\",\"refundedAt\":null,\"customer\":{\"name\":\"Pedro Pinto Moura\",\"email\":\"pedropintomoura9552@terra.com.br\",\"phone\":null,\"document\":{\"number\":\"84425737636\",\"type\":\"CPF\"},\"country\":\"BR\",\"ip\":\"34.73.54.178\"},\"items\":[{\"id\":\"PROD_6a205dcc9cb7b\",\"title\":\"Produto 65.84\",\"quantity\":1,\"unitPrice\":6584}],\"amount\":6584,\"fee\":{\"fixedAmount\":0,\"netAmount\":6584},\"trackingParameters\":[],\"isTest\":false}"
}
----------------------------------------
[2026-06-03 17:01:00] 🔄 Processando dados recebidos
Dados: {
    "orderId": "vpa6veoe32",
    "platform": "PayHubr",
    "paymentMethod": "pix",
    "status": "paid",
    "createdAt": "2026-06-03T13:59:39-03:00",
    "approvedDate": "2026-06-03 17:01:00",
    "paidAt": "2026-06-03 17:01:00",
    "refundedAt": null,
    "customer": {
        "name": "Pedro Pinto Moura",
        "email": "pedropintomoura9552@terra.com.br",
        "phone": null,
        "document": {
            "number": "84425737636",
            "type": "CPF"
        },
        "country": "BR",
        "ip": "34.73.54.178"
    },
    "items": [
        {
            "id": "PROD_6a205dcc9cb7b",
            "title": "Produto 65.84",
            "quantity": 1,
            "unitPrice": 6584
        }
    ],
    "amount": 6584,
    "fee": {
        "fixedAmount": 0,
        "netAmount": 6584
    },
    "trackingParameters": [],
    "isTest": false
}
----------------------------------------
[2026-06-03 17:01:00] 📤 Dados formatados para Utmify
Dados: {
    "orderId": "vpa6veoe32",
    "platform": "PayHubr",
    "paymentMethod": "pix",
    "status": "paid",
    "createdAt": "2026-06-03 16:59:39",
    "approvedDate": "2026-06-03 17:01:00",
    "refundedAt": null,
    "customer": {
        "name": "Pedro Pinto Moura",
        "email": "pedropintomoura9552@terra.com.br",
        "phone": null,
        "document": "84425737636",
        "country": "BR",
        "ip": "2a02:4780:13:1234::105"
    },
    "products": [
        {
            "id": "PROD_6a205dcc9cb7b",
            "name": "Produto 65.84",
            "planId": null,
            "planName": null,
            "quantity": 1,
            "priceInCents": 6584
        }
    ],
    "trackingParameters": {
        "src": null,
        "sck": null,
        "utm_source": null,
        "utm_campaign": null,
        "utm_medium": null,
        "utm_content": null,
        "utm_term": null,
        "xcod": null,
        "fbclid": null,
        "gclid": null,
        "ttclid": null
    },
    "commission": {
        "totalPriceInCents": 6584,
        "gatewayFeeInCents": 0,
        "userCommissionInCents": 6584
    },
    "isTest": false
}
----------------------------------------
[2026-06-03 17:01:00] 📡 Enviando requisição para Utmify
Dados: {
    "url": "https:\/\/api.utmify.com.br\/api-credentials\/orders",
    "headers": [
        "Content-Type: application\/json",
        "x-api-token: [REDACTED]"
    ]
}
----------------------------------------
[2026-06-03 17:01:00] ✅ Resposta da API Utmify
Dados: {
    "http_code": 200,
    "response": {
        "OK": true,
        "data": [],
        "result": "SUCCESS"
    }
}
----------------------------------------
[2026-06-03 17:01:31] 📥 Dados recebidos do PayHubr
Dados: {
    "raw": "{\"orderId\":\"vpa1mnjnpe\",\"platform\":\"PayHubr\",\"paymentMethod\":\"pix\",\"status\":\"paid\",\"createdAt\":\"2026-06-03T14:00:26-03:00\",\"approvedDate\":\"2026-06-03 17:01:31\",\"paidAt\":\"2026-06-03 17:01:31\",\"refundedAt\":null,\"customer\":{\"name\":\"Thiago Dias Campos\",\"email\":\"thiagodiascampos7178@hotmail.com\",\"phone\":null,\"document\":{\"number\":\"69051352913\",\"type\":\"CPF\"},\"country\":\"BR\",\"ip\":\"34.73.54.178\"},\"items\":[{\"id\":\"PROD_6a205deb83442\",\"title\":\"Produto 65.84\",\"quantity\":1,\"unitPrice\":6584}],\"amount\":6584,\"fee\":{\"fixedAmount\":0,\"netAmount\":6584},\"trackingParameters\":[],\"isTest\":false}"
}
----------------------------------------
[2026-06-03 17:01:31] 🔄 Processando dados recebidos
Dados: {
    "orderId": "vpa1mnjnpe",
    "platform": "PayHubr",
    "paymentMethod": "pix",
    "status": "paid",
    "createdAt": "2026-06-03T14:00:26-03:00",
    "approvedDate": "2026-06-03 17:01:31",
    "paidAt": "2026-06-03 17:01:31",
    "refundedAt": null,
    "customer": {
        "name": "Thiago Dias Campos",
        "email": "thiagodiascampos7178@hotmail.com",
        "phone": null,
        "document": {
            "number": "69051352913",
            "type": "CPF"
        },
        "country": "BR",
        "ip": "34.73.54.178"
    },
    "items": [
        {
            "id": "PROD_6a205deb83442",
            "title": "Produto 65.84",
            "quantity": 1,
            "unitPrice": 6584
        }
    ],
    "amount": 6584,
    "fee": {
        "fixedAmount": 0,
        "netAmount": 6584
    },
    "trackingParameters": [],
    "isTest": false
}
----------------------------------------
[2026-06-03 17:01:31] 📤 Dados formatados para Utmify
Dados: {
    "orderId": "vpa1mnjnpe",
    "platform": "PayHubr",
    "paymentMethod": "pix",
    "status": "paid",
    "createdAt": "2026-06-03 17:00:26",
    "approvedDate": "2026-06-03 17:01:31",
    "refundedAt": null,
    "customer": {
        "name": "Thiago Dias Campos",
        "email": "thiagodiascampos7178@hotmail.com",
        "phone": null,
        "document": "69051352913",
        "country": "BR",
        "ip": "2a02:4780:13:1234::105"
    },
    "products": [
        {
            "id": "PROD_6a205deb83442",
            "name": "Produto 65.84",
            "planId": null,
            "planName": null,
            "quantity": 1,
            "priceInCents": 6584
        }
    ],
    "trackingParameters": {
        "src": null,
        "sck": null,
        "utm_source": null,
        "utm_campaign": null,
        "utm_medium": null,
        "utm_content": null,
        "utm_term": null,
        "xcod": null,
        "fbclid": null,
        "gclid": null,
        "ttclid": null
    },
    "commission": {
        "totalPriceInCents": 6584,
        "gatewayFeeInCents": 0,
        "userCommissionInCents": 6584
    },
    "isTest": false
}
----------------------------------------
[2026-06-03 17:01:31] 📡 Enviando requisição para Utmify
Dados: {
    "url": "https:\/\/api.utmify.com.br\/api-credentials\/orders",
    "headers": [
        "Content-Type: application\/json",
        "x-api-token: [REDACTED]"
    ]
}
----------------------------------------
[2026-06-03 17:01:31] ✅ Resposta da API Utmify
Dados: {
    "http_code": 200,
    "response": {
        "OK": true,
        "data": [],
        "result": "SUCCESS"
    }
}
----------------------------------------
[2026-06-03 17:13:07] 📥 Dados recebidos do PayHubr
Dados: {
    "raw": "{\"orderId\":\"vpaprzmzm6\",\"platform\":\"PayHubr\",\"paymentMethod\":\"pix\",\"status\":\"paid\",\"createdAt\":\"2026-06-03T14:12:34-03:00\",\"approvedDate\":\"2026-06-03 17:13:07\",\"paidAt\":\"2026-06-03 17:13:07\",\"refundedAt\":null,\"customer\":{\"name\":\"Rodrigo Antunes Souza\",\"email\":\"rodrigoantunessouza1214@outlook.com\",\"phone\":null,\"document\":{\"number\":\"36280949923\",\"type\":\"CPF\"},\"country\":\"BR\",\"ip\":\"34.73.54.178\"},\"items\":[{\"id\":\"PROD_6a2060a32224d\",\"title\":\"Produto 65.84\",\"quantity\":1,\"unitPrice\":6584}],\"amount\":6584,\"fee\":{\"fixedAmount\":0,\"netAmount\":6584},\"trackingParameters\":[],\"isTest\":false}"
}
----------------------------------------
[2026-06-03 17:13:07] 🔄 Processando dados recebidos
Dados: {
    "orderId": "vpaprzmzm6",
    "platform": "PayHubr",
    "paymentMethod": "pix",
    "status": "paid",
    "createdAt": "2026-06-03T14:12:34-03:00",
    "approvedDate": "2026-06-03 17:13:07",
    "paidAt": "2026-06-03 17:13:07",
    "refundedAt": null,
    "customer": {
        "name": "Rodrigo Antunes Souza",
        "email": "rodrigoantunessouza1214@outlook.com",
        "phone": null,
        "document": {
            "number": "36280949923",
            "type": "CPF"
        },
        "country": "BR",
        "ip": "34.73.54.178"
    },
    "items": [
        {
            "id": "PROD_6a2060a32224d",
            "title": "Produto 65.84",
            "quantity": 1,
            "unitPrice": 6584
        }
    ],
    "amount": 6584,
    "fee": {
        "fixedAmount": 0,
        "netAmount": 6584
    },
    "trackingParameters": [],
    "isTest": false
}
----------------------------------------
[2026-06-03 17:13:07] 📤 Dados formatados para Utmify
Dados: {
    "orderId": "vpaprzmzm6",
    "platform": "PayHubr",
    "paymentMethod": "pix",
    "status": "paid",
    "createdAt": "2026-06-03 17:12:34",
    "approvedDate": "2026-06-03 17:13:07",
    "refundedAt": null,
    "customer": {
        "name": "Rodrigo Antunes Souza",
        "email": "rodrigoantunessouza1214@outlook.com",
        "phone": null,
        "document": "36280949923",
        "country": "BR",
        "ip": "2a02:4780:13:1234::105"
    },
    "products": [
        {
            "id": "PROD_6a2060a32224d",
            "name": "Produto 65.84",
            "planId": null,
            "planName": null,
            "quantity": 1,
            "priceInCents": 6584
        }
    ],
    "trackingParameters": {
        "src": null,
        "sck": null,
        "utm_source": null,
        "utm_campaign": null,
        "utm_medium": null,
        "utm_content": null,
        "utm_term": null,
        "xcod": null,
        "fbclid": null,
        "gclid": null,
        "ttclid": null
    },
    "commission": {
        "totalPriceInCents": 6584,
        "gatewayFeeInCents": 0,
        "userCommissionInCents": 6584
    },
    "isTest": false
}
----------------------------------------
[2026-06-03 17:13:07] 📡 Enviando requisição para Utmify
Dados: {
    "url": "https:\/\/api.utmify.com.br\/api-credentials\/orders",
    "headers": [
        "Content-Type: application\/json",
        "x-api-token: [REDACTED]"
    ]
}
----------------------------------------
[2026-06-03 17:13:07] ✅ Resposta da API Utmify
Dados: {
    "http_code": 200,
    "response": {
        "OK": true,
        "data": [],
        "result": "SUCCESS"
    }
}
----------------------------------------
[2026-06-03 17:16:53] 📥 Dados recebidos do PayHubr
Dados: {
    "raw": "{\"orderId\":\"vpaon5y5dv\",\"platform\":\"PayHubr\",\"paymentMethod\":\"pix\",\"status\":\"paid\",\"createdAt\":\"2026-06-03T14:15:50-03:00\",\"approvedDate\":\"2026-06-03 17:16:53\",\"paidAt\":\"2026-06-03 17:16:53\",\"refundedAt\":null,\"customer\":{\"name\":\"Luciano Pereira Dias\",\"email\":\"lucianopereiradias5700@outlook.com\",\"phone\":null,\"document\":{\"number\":\"20667561218\",\"type\":\"CPF\"},\"country\":\"BR\",\"ip\":\"34.73.54.178\"},\"items\":[{\"id\":\"PROD_6a20618501b90\",\"title\":\"Produto 65.84\",\"quantity\":1,\"unitPrice\":6584}],\"amount\":6584,\"fee\":{\"fixedAmount\":0,\"netAmount\":6584},\"trackingParameters\":[],\"isTest\":false}"
}
----------------------------------------
[2026-06-03 17:16:53] 🔄 Processando dados recebidos
Dados: {
    "orderId": "vpaon5y5dv",
    "platform": "PayHubr",
    "paymentMethod": "pix",
    "status": "paid",
    "createdAt": "2026-06-03T14:15:50-03:00",
    "approvedDate": "2026-06-03 17:16:53",
    "paidAt": "2026-06-03 17:16:53",
    "refundedAt": null,
    "customer": {
        "name": "Luciano Pereira Dias",
        "email": "lucianopereiradias5700@outlook.com",
        "phone": null,
        "document": {
            "number": "20667561218",
            "type": "CPF"
        },
        "country": "BR",
        "ip": "34.73.54.178"
    },
    "items": [
        {
            "id": "PROD_6a20618501b90",
            "title": "Produto 65.84",
            "quantity": 1,
            "unitPrice": 6584
        }
    ],
    "amount": 6584,
    "fee": {
        "fixedAmount": 0,
        "netAmount": 6584
    },
    "trackingParameters": [],
    "isTest": false
}
----------------------------------------
[2026-06-03 17:16:53] 📤 Dados formatados para Utmify
Dados: {
    "orderId": "vpaon5y5dv",
    "platform": "PayHubr",
    "paymentMethod": "pix",
    "status": "paid",
    "createdAt": "2026-06-03 17:15:50",
    "approvedDate": "2026-06-03 17:16:53",
    "refundedAt": null,
    "customer": {
        "name": "Luciano Pereira Dias",
        "email": "lucianopereiradias5700@outlook.com",
        "phone": null,
        "document": "20667561218",
        "country": "BR",
        "ip": "2a02:4780:13:1234::105"
    },
    "products": [
        {
            "id": "PROD_6a20618501b90",
            "name": "Produto 65.84",
            "planId": null,
            "planName": null,
            "quantity": 1,
            "priceInCents": 6584
        }
    ],
    "trackingParameters": {
        "src": null,
        "sck": null,
        "utm_source": null,
        "utm_campaign": null,
        "utm_medium": null,
        "utm_content": null,
        "utm_term": null,
        "xcod": null,
        "fbclid": null,
        "gclid": null,
        "ttclid": null
    },
    "commission": {
        "totalPriceInCents": 6584,
        "gatewayFeeInCents": 0,
        "userCommissionInCents": 6584
    },
    "isTest": false
}
----------------------------------------
[2026-06-03 17:16:53] 📡 Enviando requisição para Utmify
Dados: {
    "url": "https:\/\/api.utmify.com.br\/api-credentials\/orders",
    "headers": [
        "Content-Type: application\/json",
        "x-api-token: [REDACTED]"
    ]
}
----------------------------------------
[2026-06-03 17:16:53] ✅ Resposta da API Utmify
Dados: {
    "http_code": 200,
    "response": {
        "OK": true,
        "data": [],
        "result": "SUCCESS"
    }
}
----------------------------------------
[2026-06-03 17:17:22] 📥 Dados recebidos do PayHubr
Dados: {
    "raw": "{\"orderId\":\"vpavpn1nd7\",\"platform\":\"PayHubr\",\"paymentMethod\":\"pix\",\"status\":\"paid\",\"createdAt\":\"2026-06-03T14:15:58-03:00\",\"approvedDate\":\"2026-06-03 17:17:22\",\"paidAt\":\"2026-06-03 17:17:22\",\"refundedAt\":null,\"customer\":{\"name\":\"Mariana Barbosa Tavares\",\"email\":\"marianabarbosatavares8303@live.com\",\"phone\":null,\"document\":{\"number\":\"66515796900\",\"type\":\"CPF\"},\"country\":\"BR\",\"ip\":\"34.73.54.178\"},\"items\":[{\"id\":\"PROD_6a2061a210556\",\"title\":\"Produto 65.84\",\"quantity\":1,\"unitPrice\":6584}],\"amount\":6584,\"fee\":{\"fixedAmount\":0,\"netAmount\":6584},\"trackingParameters\":[],\"isTest\":false}"
}
----------------------------------------
[2026-06-03 17:17:22] 🔄 Processando dados recebidos
Dados: {
    "orderId": "vpavpn1nd7",
    "platform": "PayHubr",
    "paymentMethod": "pix",
    "status": "paid",
    "createdAt": "2026-06-03T14:15:58-03:00",
    "approvedDate": "2026-06-03 17:17:22",
    "paidAt": "2026-06-03 17:17:22",
    "refundedAt": null,
    "customer": {
        "name": "Mariana Barbosa Tavares",
        "email": "marianabarbosatavares8303@live.com",
        "phone": null,
        "document": {
            "number": "66515796900",
            "type": "CPF"
        },
        "country": "BR",
        "ip": "34.73.54.178"
    },
    "items": [
        {
            "id": "PROD_6a2061a210556",
            "title": "Produto 65.84",
            "quantity": 1,
            "unitPrice": 6584
        }
    ],
    "amount": 6584,
    "fee": {
        "fixedAmount": 0,
        "netAmount": 6584
    },
    "trackingParameters": [],
    "isTest": false
}
----------------------------------------
[2026-06-03 17:17:22] 📤 Dados formatados para Utmify
Dados: {
    "orderId": "vpavpn1nd7",
    "platform": "PayHubr",
    "paymentMethod": "pix",
    "status": "paid",
    "createdAt": "2026-06-03 17:15:58",
    "approvedDate": "2026-06-03 17:17:22",
    "refundedAt": null,
    "customer": {
        "name": "Mariana Barbosa Tavares",
        "email": "marianabarbosatavares8303@live.com",
        "phone": null,
        "document": "66515796900",
        "country": "BR",
        "ip": "2a02:4780:13:1234::105"
    },
    "products": [
        {
            "id": "PROD_6a2061a210556",
            "name": "Produto 65.84",
            "planId": null,
            "planName": null,
            "quantity": 1,
            "priceInCents": 6584
        }
    ],
    "trackingParameters": {
        "src": null,
        "sck": null,
        "utm_source": null,
        "utm_campaign": null,
        "utm_medium": null,
        "utm_content": null,
        "utm_term": null,
        "xcod": null,
        "fbclid": null,
        "gclid": null,
        "ttclid": null
    },
    "commission": {
        "totalPriceInCents": 6584,
        "gatewayFeeInCents": 0,
        "userCommissionInCents": 6584
    },
    "isTest": false
}
----------------------------------------
[2026-06-03 17:17:22] 📡 Enviando requisição para Utmify
Dados: {
    "url": "https:\/\/api.utmify.com.br\/api-credentials\/orders",
    "headers": [
        "Content-Type: application\/json",
        "x-api-token: [REDACTED]"
    ]
}
----------------------------------------
[2026-06-03 17:17:22] ✅ Resposta da API Utmify
Dados: {
    "http_code": 200,
    "response": {
        "OK": true,
        "data": [],
        "result": "SUCCESS"
    }
}
----------------------------------------
[2026-06-03 17:18:14] 📥 Dados recebidos do PayHubr
Dados: {
    "raw": "{\"orderId\":\"vpaon5y5vv\",\"platform\":\"PayHubr\",\"paymentMethod\":\"pix\",\"status\":\"paid\",\"createdAt\":\"2026-06-03T14:16:53-03:00\",\"approvedDate\":\"2026-06-03 17:18:14\",\"paidAt\":\"2026-06-03 17:18:14\",\"refundedAt\":null,\"customer\":{\"name\":\"Laura Ramos Alves\",\"email\":\"lauraramosalves475@uol.com.br\",\"phone\":null,\"document\":{\"number\":\"28445156063\",\"type\":\"CPF\"},\"country\":\"BR\",\"ip\":\"34.73.54.178\"},\"items\":[{\"id\":\"PROD_6a2061d63d520\",\"title\":\"Produto 65.84\",\"quantity\":1,\"unitPrice\":6584}],\"amount\":6584,\"fee\":{\"fixedAmount\":0,\"netAmount\":6584},\"trackingParameters\":[],\"isTest\":false}"
}
----------------------------------------
[2026-06-03 17:18:14] 🔄 Processando dados recebidos
Dados: {
    "orderId": "vpaon5y5vv",
    "platform": "PayHubr",
    "paymentMethod": "pix",
    "status": "paid",
    "createdAt": "2026-06-03T14:16:53-03:00",
    "approvedDate": "2026-06-03 17:18:14",
    "paidAt": "2026-06-03 17:18:14",
    "refundedAt": null,
    "customer": {
        "name": "Laura Ramos Alves",
        "email": "lauraramosalves475@uol.com.br",
        "phone": null,
        "document": {
            "number": "28445156063",
            "type": "CPF"
        },
        "country": "BR",
        "ip": "34.73.54.178"
    },
    "items": [
        {
            "id": "PROD_6a2061d63d520",
            "title": "Produto 65.84",
            "quantity": 1,
            "unitPrice": 6584
        }
    ],
    "amount": 6584,
    "fee": {
        "fixedAmount": 0,
        "netAmount": 6584
    },
    "trackingParameters": [],
    "isTest": false
}
----------------------------------------
[2026-06-03 17:18:14] 📤 Dados formatados para Utmify
Dados: {
    "orderId": "vpaon5y5vv",
    "platform": "PayHubr",
    "paymentMethod": "pix",
    "status": "paid",
    "createdAt": "2026-06-03 17:16:53",
    "approvedDate": "2026-06-03 17:18:14",
    "refundedAt": null,
    "customer": {
        "name": "Laura Ramos Alves",
        "email": "lauraramosalves475@uol.com.br",
        "phone": null,
        "document": "28445156063",
        "country": "BR",
        "ip": "2a02:4780:13:1234::105"
    },
    "products": [
        {
            "id": "PROD_6a2061d63d520",
            "name": "Produto 65.84",
            "planId": null,
            "planName": null,
            "quantity": 1,
            "priceInCents": 6584
        }
    ],
    "trackingParameters": {
        "src": null,
        "sck": null,
        "utm_source": null,
        "utm_campaign": null,
        "utm_medium": null,
        "utm_content": null,
        "utm_term": null,
        "xcod": null,
        "fbclid": null,
        "gclid": null,
        "ttclid": null
    },
    "commission": {
        "totalPriceInCents": 6584,
        "gatewayFeeInCents": 0,
        "userCommissionInCents": 6584
    },
    "isTest": false
}
----------------------------------------
[2026-06-03 17:18:14] 📡 Enviando requisição para Utmify
Dados: {
    "url": "https:\/\/api.utmify.com.br\/api-credentials\/orders",
    "headers": [
        "Content-Type: application\/json",
        "x-api-token: [REDACTED]"
    ]
}
----------------------------------------
[2026-06-03 17:18:14] ✅ Resposta da API Utmify
Dados: {
    "http_code": 200,
    "response": {
        "OK": true,
        "data": [],
        "result": "SUCCESS"
    }
}
----------------------------------------
[2026-06-03 17:18:36] 📥 Dados recebidos do PayHubr
Dados: {
    "raw": "{\"orderId\":\"vpavpn1nm7\",\"platform\":\"PayHubr\",\"paymentMethod\":\"pix\",\"status\":\"paid\",\"createdAt\":\"2026-06-03T14:16:57-03:00\",\"approvedDate\":\"2026-06-03 17:18:36\",\"paidAt\":\"2026-06-03 17:18:36\",\"refundedAt\":null,\"customer\":{\"name\":\"Miguel Andrade Fernandes\",\"email\":\"miguelandradefernandes3848@r7.com\",\"phone\":null,\"document\":{\"number\":\"12486641750\",\"type\":\"CPF\"},\"country\":\"BR\",\"ip\":\"34.73.54.178\"},\"items\":[{\"id\":\"PROD_6a2061ecb3833\",\"title\":\"Produto 65.84\",\"quantity\":1,\"unitPrice\":6584}],\"amount\":6584,\"fee\":{\"fixedAmount\":0,\"netAmount\":6584},\"trackingParameters\":[],\"isTest\":false}"
}
----------------------------------------
[2026-06-03 17:18:36] 🔄 Processando dados recebidos
Dados: {
    "orderId": "vpavpn1nm7",
    "platform": "PayHubr",
    "paymentMethod": "pix",
    "status": "paid",
    "createdAt": "2026-06-03T14:16:57-03:00",
    "approvedDate": "2026-06-03 17:18:36",
    "paidAt": "2026-06-03 17:18:36",
    "refundedAt": null,
    "customer": {
        "name": "Miguel Andrade Fernandes",
        "email": "miguelandradefernandes3848@r7.com",
        "phone": null,
        "document": {
            "number": "12486641750",
            "type": "CPF"
        },
        "country": "BR",
        "ip": "34.73.54.178"
    },
    "items": [
        {
            "id": "PROD_6a2061ecb3833",
            "title": "Produto 65.84",
            "quantity": 1,
            "unitPrice": 6584
        }
    ],
    "amount": 6584,
    "fee": {
        "fixedAmount": 0,
        "netAmount": 6584
    },
    "trackingParameters": [],
    "isTest": false
}
----------------------------------------
[2026-06-03 17:18:36] 📤 Dados formatados para Utmify
Dados: {
    "orderId": "vpavpn1nm7",
    "platform": "PayHubr",
    "paymentMethod": "pix",
    "status": "paid",
    "createdAt": "2026-06-03 17:16:57",
    "approvedDate": "2026-06-03 17:18:36",
    "refundedAt": null,
    "customer": {
        "name": "Miguel Andrade Fernandes",
        "email": "miguelandradefernandes3848@r7.com",
        "phone": null,
        "document": "12486641750",
        "country": "BR",
        "ip": "2a02:4780:13:1234::105"
    },
    "products": [
        {
            "id": "PROD_6a2061ecb3833",
            "name": "Produto 65.84",
            "planId": null,
            "planName": null,
            "quantity": 1,
            "priceInCents": 6584
        }
    ],
    "trackingParameters": {
        "src": null,
        "sck": null,
        "utm_source": null,
        "utm_campaign": null,
        "utm_medium": null,
        "utm_content": null,
        "utm_term": null,
        "xcod": null,
        "fbclid": null,
        "gclid": null,
        "ttclid": null
    },
    "commission": {
        "totalPriceInCents": 6584,
        "gatewayFeeInCents": 0,
        "userCommissionInCents": 6584
    },
    "isTest": false
}
----------------------------------------
[2026-06-03 17:18:36] 📡 Enviando requisição para Utmify
Dados: {
    "url": "https:\/\/api.utmify.com.br\/api-credentials\/orders",
    "headers": [
        "Content-Type: application\/json",
        "x-api-token: [REDACTED]"
    ]
}
----------------------------------------
[2026-06-03 17:18:36] ✅ Resposta da API Utmify
Dados: {
    "http_code": 200,
    "response": {
        "OK": true,
        "data": [],
        "result": "SUCCESS"
    }
}
----------------------------------------
[2026-06-03 17:18:50] 📥 Dados recebidos do PayHubr
Dados: {
    "raw": "{\"orderId\":\"vpazp4v4gp\",\"platform\":\"PayHubr\",\"paymentMethod\":\"pix\",\"status\":\"paid\",\"createdAt\":\"2026-06-03T14:15:22-03:00\",\"approvedDate\":\"2026-06-03 17:18:50\",\"paidAt\":\"2026-06-03 17:18:50\",\"refundedAt\":null,\"customer\":{\"name\":\"Tiago Pinto Duarte\",\"email\":\"tiagopintoduarte3168@terra.com.br\",\"phone\":null,\"document\":{\"number\":\"48918463995\",\"type\":\"CPF\"},\"country\":\"BR\",\"ip\":\"34.73.54.178\"},\"items\":[{\"id\":\"PROD_6a2061fac48d4\",\"title\":\"Produto 65.84\",\"quantity\":1,\"unitPrice\":6584}],\"amount\":6584,\"fee\":{\"fixedAmount\":0,\"netAmount\":6584},\"trackingParameters\":[],\"isTest\":false}"
}
----------------------------------------
[2026-06-03 17:18:50] 🔄 Processando dados recebidos
Dados: {
    "orderId": "vpazp4v4gp",
    "platform": "PayHubr",
    "paymentMethod": "pix",
    "status": "paid",
    "createdAt": "2026-06-03T14:15:22-03:00",
    "approvedDate": "2026-06-03 17:18:50",
    "paidAt": "2026-06-03 17:18:50",
    "refundedAt": null,
    "customer": {
        "name": "Tiago Pinto Duarte",
        "email": "tiagopintoduarte3168@terra.com.br",
        "phone": null,
        "document": {
            "number": "48918463995",
            "type": "CPF"
        },
        "country": "BR",
        "ip": "34.73.54.178"
    },
    "items": [
        {
            "id": "PROD_6a2061fac48d4",
            "title": "Produto 65.84",
            "quantity": 1,
            "unitPrice": 6584
        }
    ],
    "amount": 6584,
    "fee": {
        "fixedAmount": 0,
        "netAmount": 6584
    },
    "trackingParameters": [],
    "isTest": false
}
----------------------------------------
[2026-06-03 17:18:50] 📤 Dados formatados para Utmify
Dados: {
    "orderId": "vpazp4v4gp",
    "platform": "PayHubr",
    "paymentMethod": "pix",
    "status": "paid",
    "createdAt": "2026-06-03 17:15:22",
    "approvedDate": "2026-06-03 17:18:50",
    "refundedAt": null,
    "customer": {
        "name": "Tiago Pinto Duarte",
        "email": "tiagopintoduarte3168@terra.com.br",
        "phone": null,
        "document": "48918463995",
        "country": "BR",
        "ip": "2a02:4780:13:1234::105"
    },
    "products": [
        {
            "id": "PROD_6a2061fac48d4",
            "name": "Produto 65.84",
            "planId": null,
            "planName": null,
            "quantity": 1,
            "priceInCents": 6584
        }
    ],
    "trackingParameters": {
        "src": null,
        "sck": null,
        "utm_source": null,
        "utm_campaign": null,
        "utm_medium": null,
        "utm_content": null,
        "utm_term": null,
        "xcod": null,
        "fbclid": null,
        "gclid": null,
        "ttclid": null
    },
    "commission": {
        "totalPriceInCents": 6584,
        "gatewayFeeInCents": 0,
        "userCommissionInCents": 6584
    },
    "isTest": false
}
----------------------------------------
[2026-06-03 17:18:50] 📡 Enviando requisição para Utmify
Dados: {
    "url": "https:\/\/api.utmify.com.br\/api-credentials\/orders",
    "headers": [
        "Content-Type: application\/json",
        "x-api-token: [REDACTED]"
    ]
}
----------------------------------------
[2026-06-03 17:18:50] ✅ Resposta da API Utmify
Dados: {
    "http_code": 200,
    "response": {
        "OK": true,
        "data": [],
        "result": "SUCCESS"
    }
}
----------------------------------------
[2026-06-03 17:19:11] 📥 Dados recebidos do PayHubr
Dados: {
    "raw": "{\"orderId\":\"vpa6veoej3\",\"platform\":\"PayHubr\",\"paymentMethod\":\"pix\",\"status\":\"paid\",\"createdAt\":\"2026-06-03T14:18:06-03:00\",\"approvedDate\":\"2026-06-03 17:19:11\",\"paidAt\":\"2026-06-03 17:19:11\",\"refundedAt\":null,\"customer\":{\"name\":\"Clarice Santos Fernandes\",\"email\":\"claricesantosfernandes3256@msn.com\",\"phone\":null,\"document\":{\"number\":\"26728563709\",\"type\":\"CPF\"},\"country\":\"BR\",\"ip\":\"34.73.54.178\"},\"items\":[{\"id\":\"PROD_6a20620f73f47\",\"title\":\"Produto 65.84\",\"quantity\":1,\"unitPrice\":6584}],\"amount\":6584,\"fee\":{\"fixedAmount\":0,\"netAmount\":6584},\"trackingParameters\":[],\"isTest\":false}"
}
----------------------------------------
[2026-06-03 17:19:11] 🔄 Processando dados recebidos
Dados: {
    "orderId": "vpa6veoej3",
    "platform": "PayHubr",
    "paymentMethod": "pix",
    "status": "paid",
    "createdAt": "2026-06-03T14:18:06-03:00",
    "approvedDate": "2026-06-03 17:19:11",
    "paidAt": "2026-06-03 17:19:11",
    "refundedAt": null,
    "customer": {
        "name": "Clarice Santos Fernandes",
        "email": "claricesantosfernandes3256@msn.com",
        "phone": null,
        "document": {
            "number": "26728563709",
            "type": "CPF"
        },
        "country": "BR",
        "ip": "34.73.54.178"
    },
    "items": [
        {
            "id": "PROD_6a20620f73f47",
            "title": "Produto 65.84",
            "quantity": 1,
            "unitPrice": 6584
        }
    ],
    "amount": 6584,
    "fee": {
        "fixedAmount": 0,
        "netAmount": 6584
    },
    "trackingParameters": [],
    "isTest": false
}
----------------------------------------
[2026-06-03 17:19:11] 📤 Dados formatados para Utmify
Dados: {
    "orderId": "vpa6veoej3",
    "platform": "PayHubr",
    "paymentMethod": "pix",
    "status": "paid",
    "createdAt": "2026-06-03 17:18:06",
    "approvedDate": "2026-06-03 17:19:11",
    "refundedAt": null,
    "customer": {
        "name": "Clarice Santos Fernandes",
        "email": "claricesantosfernandes3256@msn.com",
        "phone": null,
        "document": "26728563709",
        "country": "BR",
        "ip": "2a02:4780:13:1234::105"
    },
    "products": [
        {
            "id": "PROD_6a20620f73f47",
            "name": "Produto 65.84",
            "planId": null,
            "planName": null,
            "quantity": 1,
            "priceInCents": 6584
        }
    ],
    "trackingParameters": {
        "src": null,
        "sck": null,
        "utm_source": null,
        "utm_campaign": null,
        "utm_medium": null,
        "utm_content": null,
        "utm_term": null,
        "xcod": null,
        "fbclid": null,
        "gclid": null,
        "ttclid": null
    },
    "commission": {
        "totalPriceInCents": 6584,
        "gatewayFeeInCents": 0,
        "userCommissionInCents": 6584
    },
    "isTest": false
}
----------------------------------------
[2026-06-03 17:19:11] 📡 Enviando requisição para Utmify
Dados: {
    "url": "https:\/\/api.utmify.com.br\/api-credentials\/orders",
    "headers": [
        "Content-Type: application\/json",
        "x-api-token: [REDACTED]"
    ]
}
----------------------------------------
[2026-06-03 17:19:11] ✅ Resposta da API Utmify
Dados: {
    "http_code": 200,
    "response": {
        "OK": true,
        "data": [],
        "result": "SUCCESS"
    }
}
----------------------------------------
[2026-06-03 17:19:22] 📥 Dados recebidos do PayHubr
Dados: {
    "raw": "{\"orderId\":\"vpa5n4145p\",\"platform\":\"PayHubr\",\"paymentMethod\":\"pix\",\"status\":\"paid\",\"createdAt\":\"2026-06-03T14:18:49-03:00\",\"approvedDate\":\"2026-06-03 17:19:22\",\"paidAt\":\"2026-06-03 17:19:22\",\"refundedAt\":null,\"customer\":{\"name\":\"Laura Fernandes Reis\",\"email\":\"laurafernandesreis1771@bol.com.br\",\"phone\":null,\"document\":{\"number\":\"16608100191\",\"type\":\"CPF\"},\"country\":\"BR\",\"ip\":\"34.73.54.178\"},\"items\":[{\"id\":\"PROD_6a20621abcd9f\",\"title\":\"Produto 65.84\",\"quantity\":1,\"unitPrice\":6584}],\"amount\":6584,\"fee\":{\"fixedAmount\":0,\"netAmount\":6584},\"trackingParameters\":[],\"isTest\":false}"
}
----------------------------------------
[2026-06-03 17:19:22] 🔄 Processando dados recebidos
Dados: {
    "orderId": "vpa5n4145p",
    "platform": "PayHubr",
    "paymentMethod": "pix",
    "status": "paid",
    "createdAt": "2026-06-03T14:18:49-03:00",
    "approvedDate": "2026-06-03 17:19:22",
    "paidAt": "2026-06-03 17:19:22",
    "refundedAt": null,
    "customer": {
        "name": "Laura Fernandes Reis",
        "email": "laurafernandesreis1771@bol.com.br",
        "phone": null,
        "document": {
            "number": "16608100191",
            "type": "CPF"
        },
        "country": "BR",
        "ip": "34.73.54.178"
    },
    "items": [
        {
            "id": "PROD_6a20621abcd9f",
            "title": "Produto 65.84",
            "quantity": 1,
            "unitPrice": 6584
        }
    ],
    "amount": 6584,
    "fee": {
        "fixedAmount": 0,
        "netAmount": 6584
    },
    "trackingParameters": [],
    "isTest": false
}
----------------------------------------
[2026-06-03 17:19:22] 📤 Dados formatados para Utmify
Dados: {
    "orderId": "vpa5n4145p",
    "platform": "PayHubr",
    "paymentMethod": "pix",
    "status": "paid",
    "createdAt": "2026-06-03 17:18:49",
    "approvedDate": "2026-06-03 17:19:22",
    "refundedAt": null,
    "customer": {
        "name": "Laura Fernandes Reis",
        "email": "laurafernandesreis1771@bol.com.br",
        "phone": null,
        "document": "16608100191",
        "country": "BR",
        "ip": "2a02:4780:13:1234::105"
    },
    "products": [
        {
            "id": "PROD_6a20621abcd9f",
            "name": "Produto 65.84",
            "planId": null,
            "planName": null,
            "quantity": 1,
            "priceInCents": 6584
        }
    ],
    "trackingParameters": {
        "src": null,
        "sck": null,
        "utm_source": null,
        "utm_campaign": null,
        "utm_medium": null,
        "utm_content": null,
        "utm_term": null,
        "xcod": null,
        "fbclid": null,
        "gclid": null,
        "ttclid": null
    },
    "commission": {
        "totalPriceInCents": 6584,
        "gatewayFeeInCents": 0,
        "userCommissionInCents": 6584
    },
    "isTest": false
}
----------------------------------------
[2026-06-03 17:19:22] 📡 Enviando requisição para Utmify
Dados: {
    "url": "https:\/\/api.utmify.com.br\/api-credentials\/orders",
    "headers": [
        "Content-Type: application\/json",
        "x-api-token: [REDACTED]"
    ]
}
----------------------------------------
[2026-06-03 17:19:22] ✅ Resposta da API Utmify
Dados: {
    "http_code": 200,
    "response": {
        "OK": true,
        "data": [],
        "result": "SUCCESS"
    }
}
----------------------------------------
[2026-06-03 17:20:23] 📥 Dados recebidos do PayHubr
Dados: {
    "raw": "{\"orderId\":\"vpa3p0n0l1\",\"platform\":\"PayHubr\",\"paymentMethod\":\"pix\",\"status\":\"paid\",\"createdAt\":\"2026-06-03T14:19:00-03:00\",\"approvedDate\":\"2026-06-03 17:20:23\",\"paidAt\":\"2026-06-03 17:20:23\",\"refundedAt\":null,\"customer\":{\"name\":\"Evelyn Cavalcante Barbosa\",\"email\":\"evelyncavalcantebarbosa1713@live.com\",\"phone\":null,\"document\":{\"number\":\"89720134127\",\"type\":\"CPF\"},\"country\":\"BR\",\"ip\":\"34.73.54.178\"},\"items\":[{\"id\":\"PROD_6a206257d35d8\",\"title\":\"Produto 65.84\",\"quantity\":1,\"unitPrice\":6584}],\"amount\":6584,\"fee\":{\"fixedAmount\":0,\"netAmount\":6584},\"trackingParameters\":[],\"isTest\":false}"
}
----------------------------------------
[2026-06-03 17:20:23] 🔄 Processando dados recebidos
Dados: {
    "orderId": "vpa3p0n0l1",
    "platform": "PayHubr",
    "paymentMethod": "pix",
    "status": "paid",
    "createdAt": "2026-06-03T14:19:00-03:00",
    "approvedDate": "2026-06-03 17:20:23",
    "paidAt": "2026-06-03 17:20:23",
    "refundedAt": null,
    "customer": {
        "name": "Evelyn Cavalcante Barbosa",
        "email": "evelyncavalcantebarbosa1713@live.com",
        "phone": null,
        "document": {
            "number": "89720134127",
            "type": "CPF"
        },
        "country": "BR",
        "ip": "34.73.54.178"
    },
    "items": [
        {
            "id": "PROD_6a206257d35d8",
            "title": "Produto 65.84",
            "quantity": 1,
            "unitPrice": 6584
        }
    ],
    "amount": 6584,
    "fee": {
        "fixedAmount": 0,
        "netAmount": 6584
    },
    "trackingParameters": [],
    "isTest": false
}
----------------------------------------
[2026-06-03 17:20:23] 📤 Dados formatados para Utmify
Dados: {
    "orderId": "vpa3p0n0l1",
    "platform": "PayHubr",
    "paymentMethod": "pix",
    "status": "paid",
    "createdAt": "2026-06-03 17:19:00",
    "approvedDate": "2026-06-03 17:20:23",
    "refundedAt": null,
    "customer": {
        "name": "Evelyn Cavalcante Barbosa",
        "email": "evelyncavalcantebarbosa1713@live.com",
        "phone": null,
        "document": "89720134127",
        "country": "BR",
        "ip": "2a02:4780:13:1234::105"
    },
    "products": [
        {
            "id": "PROD_6a206257d35d8",
            "name": "Produto 65.84",
            "planId": null,
            "planName": null,
            "quantity": 1,
            "priceInCents": 6584
        }
    ],
    "trackingParameters": {
        "src": null,
        "sck": null,
        "utm_source": null,
        "utm_campaign": null,
        "utm_medium": null,
        "utm_content": null,
        "utm_term": null,
        "xcod": null,
        "fbclid": null,
        "gclid": null,
        "ttclid": null
    },
    "commission": {
        "totalPriceInCents": 6584,
        "gatewayFeeInCents": 0,
        "userCommissionInCents": 6584
    },
    "isTest": false
}
----------------------------------------
[2026-06-03 17:20:23] 📡 Enviando requisição para Utmify
Dados: {
    "url": "https:\/\/api.utmify.com.br\/api-credentials\/orders",
    "headers": [
        "Content-Type: application\/json",
        "x-api-token: [REDACTED]"
    ]
}
----------------------------------------
[2026-06-03 17:20:23] ✅ Resposta da API Utmify
Dados: {
    "http_code": 200,
    "response": {
        "OK": true,
        "data": [],
        "result": "SUCCESS"
    }
}
----------------------------------------
[2026-06-03 17:20:39] 📥 Dados recebidos do PayHubr
Dados: {
    "raw": "{\"orderId\":\"vpag4dndy0\",\"platform\":\"PayHubr\",\"paymentMethod\":\"pix\",\"status\":\"paid\",\"createdAt\":\"2026-06-03T14:19:49-03:00\",\"approvedDate\":\"2026-06-03 17:20:39\",\"paidAt\":\"2026-06-03 17:20:39\",\"refundedAt\":null,\"customer\":{\"name\":\"Fernando Coelho Miranda\",\"email\":\"fernandocoelhomiranda1903@globo.com\",\"phone\":null,\"document\":{\"number\":\"44026822311\",\"type\":\"CPF\"},\"country\":\"BR\",\"ip\":\"34.73.54.178\"},\"items\":[{\"id\":\"PROD_6a206267d5a5e\",\"title\":\"Produto 65.84\",\"quantity\":1,\"unitPrice\":6584}],\"amount\":6584,\"fee\":{\"fixedAmount\":0,\"netAmount\":6584},\"trackingParameters\":[],\"isTest\":false}"
}
----------------------------------------
[2026-06-03 17:20:39] 🔄 Processando dados recebidos
Dados: {
    "orderId": "vpag4dndy0",
    "platform": "PayHubr",
    "paymentMethod": "pix",
    "status": "paid",
    "createdAt": "2026-06-03T14:19:49-03:00",
    "approvedDate": "2026-06-03 17:20:39",
    "paidAt": "2026-06-03 17:20:39",
    "refundedAt": null,
    "customer": {
        "name": "Fernando Coelho Miranda",
        "email": "fernandocoelhomiranda1903@globo.com",
        "phone": null,
        "document": {
            "number": "44026822311",
            "type": "CPF"
        },
        "country": "BR",
        "ip": "34.73.54.178"
    },
    "items": [
        {
            "id": "PROD_6a206267d5a5e",
            "title": "Produto 65.84",
            "quantity": 1,
            "unitPrice": 6584
        }
    ],
    "amount": 6584,
    "fee": {
        "fixedAmount": 0,
        "netAmount": 6584
    },
    "trackingParameters": [],
    "isTest": false
}
----------------------------------------
[2026-06-03 17:20:39] 📤 Dados formatados para Utmify
Dados: {
    "orderId": "vpag4dndy0",
    "platform": "PayHubr",
    "paymentMethod": "pix",
    "status": "paid",
    "createdAt": "2026-06-03 17:19:49",
    "approvedDate": "2026-06-03 17:20:39",
    "refundedAt": null,
    "customer": {
        "name": "Fernando Coelho Miranda",
        "email": "fernandocoelhomiranda1903@globo.com",
        "phone": null,
        "document": "44026822311",
        "country": "BR",
        "ip": "2a02:4780:13:1234::105"
    },
    "products": [
        {
            "id": "PROD_6a206267d5a5e",
            "name": "Produto 65.84",
            "planId": null,
            "planName": null,
            "quantity": 1,
            "priceInCents": 6584
        }
    ],
    "trackingParameters": {
        "src": null,
        "sck": null,
        "utm_source": null,
        "utm_campaign": null,
        "utm_medium": null,
        "utm_content": null,
        "utm_term": null,
        "xcod": null,
        "fbclid": null,
        "gclid": null,
        "ttclid": null
    },
    "commission": {
        "totalPriceInCents": 6584,
        "gatewayFeeInCents": 0,
        "userCommissionInCents": 6584
    },
    "isTest": false
}
----------------------------------------
[2026-06-03 17:20:39] 📡 Enviando requisição para Utmify
Dados: {
    "url": "https:\/\/api.utmify.com.br\/api-credentials\/orders",
    "headers": [
        "Content-Type: application\/json",
        "x-api-token: [REDACTED]"
    ]
}
----------------------------------------
[2026-06-03 17:20:39] ✅ Resposta da API Utmify
Dados: {
    "http_code": 200,
    "response": {
        "OK": true,
        "data": [],
        "result": "SUCCESS"
    }
}
----------------------------------------
[2026-06-03 17:20:59] 📥 Dados recebidos do PayHubr
Dados: {
    "raw": "{\"orderId\":\"vpam3rvrk5\",\"platform\":\"PayHubr\",\"paymentMethod\":\"pix\",\"status\":\"paid\",\"createdAt\":\"2026-06-03T14:19:23-03:00\",\"approvedDate\":\"2026-06-03 17:20:59\",\"paidAt\":\"2026-06-03 17:20:59\",\"refundedAt\":null,\"customer\":{\"name\":\"Roberto Farias Mendes\",\"email\":\"robertofariasmendes9450@outlook.com\",\"phone\":null,\"document\":{\"number\":\"37308071022\",\"type\":\"CPF\"},\"country\":\"BR\",\"ip\":\"34.73.54.178\"},\"items\":[{\"id\":\"PROD_6a20627b62022\",\"title\":\"Produto 65.84\",\"quantity\":1,\"unitPrice\":6584}],\"amount\":6584,\"fee\":{\"fixedAmount\":0,\"netAmount\":6584},\"trackingParameters\":[],\"isTest\":false}"
}
----------------------------------------
[2026-06-03 17:20:59] 🔄 Processando dados recebidos
Dados: {
    "orderId": "vpam3rvrk5",
    "platform": "PayHubr",
    "paymentMethod": "pix",
    "status": "paid",
    "createdAt": "2026-06-03T14:19:23-03:00",
    "approvedDate": "2026-06-03 17:20:59",
    "paidAt": "2026-06-03 17:20:59",
    "refundedAt": null,
    "customer": {
        "name": "Roberto Farias Mendes",
        "email": "robertofariasmendes9450@outlook.com",
        "phone": null,
        "document": {
            "number": "37308071022",
            "type": "CPF"
        },
        "country": "BR",
        "ip": "34.73.54.178"
    },
    "items": [
        {
            "id": "PROD_6a20627b62022",
            "title": "Produto 65.84",
            "quantity": 1,
            "unitPrice": 6584
        }
    ],
    "amount": 6584,
    "fee": {
        "fixedAmount": 0,
        "netAmount": 6584
    },
    "trackingParameters": [],
    "isTest": false
}
----------------------------------------
[2026-06-03 17:20:59] 📤 Dados formatados para Utmify
Dados: {
    "orderId": "vpam3rvrk5",
    "platform": "PayHubr",
    "paymentMethod": "pix",
    "status": "paid",
    "createdAt": "2026-06-03 17:19:23",
    "approvedDate": "2026-06-03 17:20:59",
    "refundedAt": null,
    "customer": {
        "name": "Roberto Farias Mendes",
        "email": "robertofariasmendes9450@outlook.com",
        "phone": null,
        "document": "37308071022",
        "country": "BR",
        "ip": "2a02:4780:13:1234::105"
    },
    "products": [
        {
            "id": "PROD_6a20627b62022",
            "name": "Produto 65.84",
            "planId": null,
            "planName": null,
            "quantity": 1,
            "priceInCents": 6584
        }
    ],
    "trackingParameters": {
        "src": null,
        "sck": null,
        "utm_source": null,
        "utm_campaign": null,
        "utm_medium": null,
        "utm_content": null,
        "utm_term": null,
        "xcod": null,
        "fbclid": null,
        "gclid": null,
        "ttclid": null
    },
    "commission": {
        "totalPriceInCents": 6584,
        "gatewayFeeInCents": 0,
        "userCommissionInCents": 6584
    },
    "isTest": false
}
----------------------------------------
[2026-06-03 17:20:59] 📡 Enviando requisição para Utmify
Dados: {
    "url": "https:\/\/api.utmify.com.br\/api-credentials\/orders",
    "headers": [
        "Content-Type: application\/json",
        "x-api-token: [REDACTED]"
    ]
}
----------------------------------------
[2026-06-03 17:20:59] ✅ Resposta da API Utmify
Dados: {
    "http_code": 200,
    "response": {
        "OK": true,
        "data": [],
        "result": "SUCCESS"
    }
}
----------------------------------------
[2026-06-03 17:21:31] 📥 Dados recebidos do PayHubr
Dados: {
    "raw": "{\"orderId\":\"vpaje2o2gd\",\"platform\":\"PayHubr\",\"paymentMethod\":\"pix\",\"status\":\"paid\",\"createdAt\":\"2026-06-03T14:20:18-03:00\",\"approvedDate\":\"2026-06-03 17:21:31\",\"paidAt\":\"2026-06-03 17:21:31\",\"refundedAt\":null,\"customer\":{\"name\":\"Maria Nascimento Duarte\",\"email\":\"marianascimentoduarte8474@ig.com.br\",\"phone\":null,\"document\":{\"number\":\"13786675309\",\"type\":\"CPF\"},\"country\":\"BR\",\"ip\":\"34.73.54.178\"},\"items\":[{\"id\":\"PROD_6a20629b554b4\",\"title\":\"Produto 65.84\",\"quantity\":1,\"unitPrice\":6584}],\"amount\":6584,\"fee\":{\"fixedAmount\":0,\"netAmount\":6584},\"trackingParameters\":[],\"isTest\":false}"
}
----------------------------------------
[2026-06-03 17:21:31] 🔄 Processando dados recebidos
Dados: {
    "orderId": "vpaje2o2gd",
    "platform": "PayHubr",
    "paymentMethod": "pix",
    "status": "paid",
    "createdAt": "2026-06-03T14:20:18-03:00",
    "approvedDate": "2026-06-03 17:21:31",
    "paidAt": "2026-06-03 17:21:31",
    "refundedAt": null,
    "customer": {
        "name": "Maria Nascimento Duarte",
        "email": "marianascimentoduarte8474@ig.com.br",
        "phone": null,
        "document": {
            "number": "13786675309",
            "type": "CPF"
        },
        "country": "BR",
        "ip": "34.73.54.178"
    },
    "items": [
        {
            "id": "PROD_6a20629b554b4",
            "title": "Produto 65.84",
            "quantity": 1,
            "unitPrice": 6584
        }
    ],
    "amount": 6584,
    "fee": {
        "fixedAmount": 0,
        "netAmount": 6584
    },
    "trackingParameters": [],
    "isTest": false
}
----------------------------------------
[2026-06-03 17:21:31] 📤 Dados formatados para Utmify
Dados: {
    "orderId": "vpaje2o2gd",
    "platform": "PayHubr",
    "paymentMethod": "pix",
    "status": "paid",
    "createdAt": "2026-06-03 17:20:18",
    "approvedDate": "2026-06-03 17:21:31",
    "refundedAt": null,
    "customer": {
        "name": "Maria Nascimento Duarte",
        "email": "marianascimentoduarte8474@ig.com.br",
        "phone": null,
        "document": "13786675309",
        "country": "BR",
        "ip": "2a02:4780:13:1234::105"
    },
    "products": [
        {
            "id": "PROD_6a20629b554b4",
            "name": "Produto 65.84",
            "planId": null,
            "planName": null,
            "quantity": 1,
            "priceInCents": 6584
        }
    ],
    "trackingParameters": {
        "src": null,
        "sck": null,
        "utm_source": null,
        "utm_campaign": null,
        "utm_medium": null,
        "utm_content": null,
        "utm_term": null,
        "xcod": null,
        "fbclid": null,
        "gclid": null,
        "ttclid": null
    },
    "commission": {
        "totalPriceInCents": 6584,
        "gatewayFeeInCents": 0,
        "userCommissionInCents": 6584
    },
    "isTest": false
}
----------------------------------------
[2026-06-03 17:21:31] 📡 Enviando requisição para Utmify
Dados: {
    "url": "https:\/\/api.utmify.com.br\/api-credentials\/orders",
    "headers": [
        "Content-Type: application\/json",
        "x-api-token: [REDACTED]"
    ]
}
----------------------------------------
[2026-06-03 17:21:31] ✅ Resposta da API Utmify
Dados: {
    "http_code": 200,
    "response": {
        "OK": true,
        "data": [],
        "result": "SUCCESS"
    }
}
----------------------------------------
[2026-06-03 17:21:44] 📥 Dados recebidos do PayHubr
Dados: {
    "raw": "{\"orderId\":\"vpa7360667\",\"platform\":\"PayHubr\",\"paymentMethod\":\"pix\",\"status\":\"paid\",\"createdAt\":\"2026-06-03T14:20:54-03:00\",\"approvedDate\":\"2026-06-03 17:21:44\",\"paidAt\":\"2026-06-03 17:21:44\",\"refundedAt\":null,\"customer\":{\"name\":\"Clara Fernandes Nascimento\",\"email\":\"clarafernandesnascimento9897@r7.com\",\"phone\":null,\"document\":{\"number\":\"87204957733\",\"type\":\"CPF\"},\"country\":\"BR\",\"ip\":\"34.73.54.178\"},\"items\":[{\"id\":\"PROD_6a2062a855120\",\"title\":\"Produto 65.84\",\"quantity\":1,\"unitPrice\":6584}],\"amount\":6584,\"fee\":{\"fixedAmount\":0,\"netAmount\":6584},\"trackingParameters\":[],\"isTest\":false}"
}
----------------------------------------
[2026-06-03 17:21:44] 🔄 Processando dados recebidos
Dados: {
    "orderId": "vpa7360667",
    "platform": "PayHubr",
    "paymentMethod": "pix",
    "status": "paid",
    "createdAt": "2026-06-03T14:20:54-03:00",
    "approvedDate": "2026-06-03 17:21:44",
    "paidAt": "2026-06-03 17:21:44",
    "refundedAt": null,
    "customer": {
        "name": "Clara Fernandes Nascimento",
        "email": "clarafernandesnascimento9897@r7.com",
        "phone": null,
        "document": {
            "number": "87204957733",
            "type": "CPF"
        },
        "country": "BR",
        "ip": "34.73.54.178"
    },
    "items": [
        {
            "id": "PROD_6a2062a855120",
            "title": "Produto 65.84",
            "quantity": 1,
            "unitPrice": 6584
        }
    ],
    "amount": 6584,
    "fee": {
        "fixedAmount": 0,
        "netAmount": 6584
    },
    "trackingParameters": [],
    "isTest": false
}
----------------------------------------
[2026-06-03 17:21:44] 📤 Dados formatados para Utmify
Dados: {
    "orderId": "vpa7360667",
    "platform": "PayHubr",
    "paymentMethod": "pix",
    "status": "paid",
    "createdAt": "2026-06-03 17:20:54",
    "approvedDate": "2026-06-03 17:21:44",
    "refundedAt": null,
    "customer": {
        "name": "Clara Fernandes Nascimento",
        "email": "clarafernandesnascimento9897@r7.com",
        "phone": null,
        "document": "87204957733",
        "country": "BR",
        "ip": "2a02:4780:13:1234::105"
    },
    "products": [
        {
            "id": "PROD_6a2062a855120",
            "name": "Produto 65.84",
            "planId": null,
            "planName": null,
            "quantity": 1,
            "priceInCents": 6584
        }
    ],
    "trackingParameters": {
        "src": null,
        "sck": null,
        "utm_source": null,
        "utm_campaign": null,
        "utm_medium": null,
        "utm_content": null,
        "utm_term": null,
        "xcod": null,
        "fbclid": null,
        "gclid": null,
        "ttclid": null
    },
    "commission": {
        "totalPriceInCents": 6584,
        "gatewayFeeInCents": 0,
        "userCommissionInCents": 6584
    },
    "isTest": false
}
----------------------------------------
[2026-06-03 17:21:44] 📡 Enviando requisição para Utmify
Dados: {
    "url": "https:\/\/api.utmify.com.br\/api-credentials\/orders",
    "headers": [
        "Content-Type: application\/json",
        "x-api-token: [REDACTED]"
    ]
}
----------------------------------------
[2026-06-03 17:21:44] ✅ Resposta da API Utmify
Dados: {
    "http_code": 200,
    "response": {
        "OK": true,
        "data": [],
        "result": "SUCCESS"
    }
}
----------------------------------------
[2026-06-03 17:21:56] 📥 Dados recebidos do PayHubr
Dados: {
    "raw": "{\"orderId\":\"vpar3wjwrw\",\"platform\":\"PayHubr\",\"paymentMethod\":\"pix\",\"status\":\"paid\",\"createdAt\":\"2026-06-03T14:20:32-03:00\",\"approvedDate\":\"2026-06-03 17:21:56\",\"paidAt\":\"2026-06-03 17:21:56\",\"refundedAt\":null,\"customer\":{\"name\":\"Sophia Lima Carvalho\",\"email\":\"sophialimacarvalho9720@yahoo.com.br\",\"phone\":null,\"document\":{\"number\":\"09510306550\",\"type\":\"CPF\"},\"country\":\"BR\",\"ip\":\"34.73.54.178\"},\"items\":[{\"id\":\"PROD_6a2062b4887ca\",\"title\":\"Produto 65.84\",\"quantity\":1,\"unitPrice\":6584}],\"amount\":6584,\"fee\":{\"fixedAmount\":0,\"netAmount\":6584},\"trackingParameters\":[],\"isTest\":false}"
}
----------------------------------------
[2026-06-03 17:21:56] 🔄 Processando dados recebidos
Dados: {
    "orderId": "vpar3wjwrw",
    "platform": "PayHubr",
    "paymentMethod": "pix",
    "status": "paid",
    "createdAt": "2026-06-03T14:20:32-03:00",
    "approvedDate": "2026-06-03 17:21:56",
    "paidAt": "2026-06-03 17:21:56",
    "refundedAt": null,
    "customer": {
        "name": "Sophia Lima Carvalho",
        "email": "sophialimacarvalho9720@yahoo.com.br",
        "phone": null,
        "document": {
            "number": "09510306550",
            "type": "CPF"
        },
        "country": "BR",
        "ip": "34.73.54.178"
    },
    "items": [
        {
            "id": "PROD_6a2062b4887ca",
            "title": "Produto 65.84",
            "quantity": 1,
            "unitPrice": 6584
        }
    ],
    "amount": 6584,
    "fee": {
        "fixedAmount": 0,
        "netAmount": 6584
    },
    "trackingParameters": [],
    "isTest": false
}
----------------------------------------
[2026-06-03 17:21:56] 📤 Dados formatados para Utmify
Dados: {
    "orderId": "vpar3wjwrw",
    "platform": "PayHubr",
    "paymentMethod": "pix",
    "status": "paid",
    "createdAt": "2026-06-03 17:20:32",
    "approvedDate": "2026-06-03 17:21:56",
    "refundedAt": null,
    "customer": {
        "name": "Sophia Lima Carvalho",
        "email": "sophialimacarvalho9720@yahoo.com.br",
        "phone": null,
        "document": "09510306550",
        "country": "BR",
        "ip": "2a02:4780:13:1234::105"
    },
    "products": [
        {
            "id": "PROD_6a2062b4887ca",
            "name": "Produto 65.84",
            "planId": null,
            "planName": null,
            "quantity": 1,
            "priceInCents": 6584
        }
    ],
    "trackingParameters": {
        "src": null,
        "sck": null,
        "utm_source": null,
        "utm_campaign": null,
        "utm_medium": null,
        "utm_content": null,
        "utm_term": null,
        "xcod": null,
        "fbclid": null,
        "gclid": null,
        "ttclid": null
    },
    "commission": {
        "totalPriceInCents": 6584,
        "gatewayFeeInCents": 0,
        "userCommissionInCents": 6584
    },
    "isTest": false
}
----------------------------------------
[2026-06-03 17:21:56] 📡 Enviando requisição para Utmify
Dados: {
    "url": "https:\/\/api.utmify.com.br\/api-credentials\/orders",
    "headers": [
        "Content-Type: application\/json",
        "x-api-token: [REDACTED]"
    ]
}
----------------------------------------
[2026-06-03 17:21:56] ✅ Resposta da API Utmify
Dados: {
    "http_code": 200,
    "response": {
        "OK": true,
        "data": [],
        "result": "SUCCESS"
    }
}
----------------------------------------
[2026-06-03 17:22:32] 📥 Dados recebidos do PayHubr
Dados: {
    "raw": "{\"orderId\":\"vpadregemz\",\"platform\":\"PayHubr\",\"paymentMethod\":\"pix\",\"status\":\"paid\",\"createdAt\":\"2026-06-03T14:19:07-03:00\",\"approvedDate\":\"2026-06-03 17:22:32\",\"paidAt\":\"2026-06-03 17:22:32\",\"refundedAt\":null,\"customer\":{\"name\":\"Renata Souza Correia\",\"email\":\"renatasouzacorreia9613@live.com\",\"phone\":null,\"document\":{\"number\":\"20842101357\",\"type\":\"CPF\"},\"country\":\"BR\",\"ip\":\"34.73.54.178\"},\"items\":[{\"id\":\"PROD_6a2062d83db99\",\"title\":\"Produto 65.84\",\"quantity\":1,\"unitPrice\":6584}],\"amount\":6584,\"fee\":{\"fixedAmount\":0,\"netAmount\":6584},\"trackingParameters\":[],\"isTest\":false}"
}
----------------------------------------
[2026-06-03 17:22:32] 🔄 Processando dados recebidos
Dados: {
    "orderId": "vpadregemz",
    "platform": "PayHubr",
    "paymentMethod": "pix",
    "status": "paid",
    "createdAt": "2026-06-03T14:19:07-03:00",
    "approvedDate": "2026-06-03 17:22:32",
    "paidAt": "2026-06-03 17:22:32",
    "refundedAt": null,
    "customer": {
        "name": "Renata Souza Correia",
        "email": "renatasouzacorreia9613@live.com",
        "phone": null,
        "document": {
            "number": "20842101357",
            "type": "CPF"
        },
        "country": "BR",
        "ip": "34.73.54.178"
    },
    "items": [
        {
            "id": "PROD_6a2062d83db99",
            "title": "Produto 65.84",
            "quantity": 1,
            "unitPrice": 6584
        }
    ],
    "amount": 6584,
    "fee": {
        "fixedAmount": 0,
        "netAmount": 6584
    },
    "trackingParameters": [],
    "isTest": false
}
----------------------------------------
[2026-06-03 17:22:32] 📤 Dados formatados para Utmify
Dados: {
    "orderId": "vpadregemz",
    "platform": "PayHubr",
    "paymentMethod": "pix",
    "status": "paid",
    "createdAt": "2026-06-03 17:19:07",
    "approvedDate": "2026-06-03 17:22:32",
    "refundedAt": null,
    "customer": {
        "name": "Renata Souza Correia",
        "email": "renatasouzacorreia9613@live.com",
        "phone": null,
        "document": "20842101357",
        "country": "BR",
        "ip": "2a02:4780:13:1234::105"
    },
    "products": [
        {
            "id": "PROD_6a2062d83db99",
            "name": "Produto 65.84",
            "planId": null,
            "planName": null,
            "quantity": 1,
            "priceInCents": 6584
        }
    ],
    "trackingParameters": {
        "src": null,
        "sck": null,
        "utm_source": null,
        "utm_campaign": null,
        "utm_medium": null,
        "utm_content": null,
        "utm_term": null,
        "xcod": null,
        "fbclid": null,
        "gclid": null,
        "ttclid": null
    },
    "commission": {
        "totalPriceInCents": 6584,
        "gatewayFeeInCents": 0,
        "userCommissionInCents": 6584
    },
    "isTest": false
}
----------------------------------------
[2026-06-03 17:22:32] 📡 Enviando requisição para Utmify
Dados: {
    "url": "https:\/\/api.utmify.com.br\/api-credentials\/orders",
    "headers": [
        "Content-Type: application\/json",
        "x-api-token: [REDACTED]"
    ]
}
----------------------------------------
[2026-06-03 17:22:32] ✅ Resposta da API Utmify
Dados: {
    "http_code": 200,
    "response": {
        "OK": true,
        "data": [],
        "result": "SUCCESS"
    }
}
----------------------------------------
[2026-06-03 17:23:00] 📥 Dados recebidos do PayHubr
Dados: {
    "raw": "{\"orderId\":\"vpa5n463nd\",\"platform\":\"PayHubr\",\"paymentMethod\":\"pix\",\"status\":\"paid\",\"createdAt\":\"2026-06-03T14:21:55-03:00\",\"approvedDate\":\"2026-06-03 17:23:00\",\"paidAt\":\"2026-06-03 17:23:00\",\"refundedAt\":null,\"customer\":{\"name\":\"Anderson Teixeira Oliveira\",\"email\":\"andersonteixeiraoliveira1376@uol.com.br\",\"phone\":null,\"document\":{\"number\":\"35967513493\",\"type\":\"CPF\"},\"country\":\"BR\",\"ip\":\"34.73.54.178\"},\"items\":[{\"id\":\"PROD_6a2062f41a3bf\",\"title\":\"Produto 65.84\",\"quantity\":1,\"unitPrice\":6584}],\"amount\":6584,\"fee\":{\"fixedAmount\":0,\"netAmount\":6584},\"trackingParameters\":[],\"isTest\":false}"
}
----------------------------------------
[2026-06-03 17:23:00] 🔄 Processando dados recebidos
Dados: {
    "orderId": "vpa5n463nd",
    "platform": "PayHubr",
    "paymentMethod": "pix",
    "status": "paid",
    "createdAt": "2026-06-03T14:21:55-03:00",
    "approvedDate": "2026-06-03 17:23:00",
    "paidAt": "2026-06-03 17:23:00",
    "refundedAt": null,
    "customer": {
        "name": "Anderson Teixeira Oliveira",
        "email": "andersonteixeiraoliveira1376@uol.com.br",
        "phone": null,
        "document": {
            "number": "35967513493",
            "type": "CPF"
        },
        "country": "BR",
        "ip": "34.73.54.178"
    },
    "items": [
        {
            "id": "PROD_6a2062f41a3bf",
            "title": "Produto 65.84",
            "quantity": 1,
            "unitPrice": 6584
        }
    ],
    "amount": 6584,
    "fee": {
        "fixedAmount": 0,
        "netAmount": 6584
    },
    "trackingParameters": [],
    "isTest": false
}
----------------------------------------
[2026-06-03 17:23:00] 📤 Dados formatados para Utmify
Dados: {
    "orderId": "vpa5n463nd",
    "platform": "PayHubr",
    "paymentMethod": "pix",
    "status": "paid",
    "createdAt": "2026-06-03 17:21:55",
    "approvedDate": "2026-06-03 17:23:00",
    "refundedAt": null,
    "customer": {
        "name": "Anderson Teixeira Oliveira",
        "email": "andersonteixeiraoliveira1376@uol.com.br",
        "phone": null,
        "document": "35967513493",
        "country": "BR",
        "ip": "2a02:4780:13:1234::105"
    },
    "products": [
        {
            "id": "PROD_6a2062f41a3bf",
            "name": "Produto 65.84",
            "planId": null,
            "planName": null,
            "quantity": 1,
            "priceInCents": 6584
        }
    ],
    "trackingParameters": {
        "src": null,
        "sck": null,
        "utm_source": null,
        "utm_campaign": null,
        "utm_medium": null,
        "utm_content": null,
        "utm_term": null,
        "xcod": null,
        "fbclid": null,
        "gclid": null,
        "ttclid": null
    },
    "commission": {
        "totalPriceInCents": 6584,
        "gatewayFeeInCents": 0,
        "userCommissionInCents": 6584
    },
    "isTest": false
}
----------------------------------------
[2026-06-03 17:23:00] 📡 Enviando requisição para Utmify
Dados: {
    "url": "https:\/\/api.utmify.com.br\/api-credentials\/orders",
    "headers": [
        "Content-Type: application\/json",
        "x-api-token: [REDACTED]"
    ]
}
----------------------------------------
[2026-06-03 17:23:00] ✅ Resposta da API Utmify
Dados: {
    "http_code": 200,
    "response": {
        "OK": true,
        "data": [],
        "result": "SUCCESS"
    }
}
----------------------------------------
[2026-06-03 17:23:22] 📥 Dados recebidos do PayHubr
Dados: {
    "raw": "{\"orderId\":\"vpay0vdpp2\",\"platform\":\"PayHubr\",\"paymentMethod\":\"pix\",\"status\":\"paid\",\"createdAt\":\"2026-06-03T14:21:26-03:00\",\"approvedDate\":\"2026-06-03 17:23:22\",\"paidAt\":\"2026-06-03 17:23:22\",\"refundedAt\":null,\"customer\":{\"name\":\"Leonardo Gomes Silva\",\"email\":\"leonardogomessilva8277@gmail.com\",\"phone\":null,\"document\":{\"number\":\"31201303389\",\"type\":\"CPF\"},\"country\":\"BR\",\"ip\":\"34.73.54.178\"},\"items\":[{\"id\":\"PROD_6a20630a611e6\",\"title\":\"Produto 65.84\",\"quantity\":1,\"unitPrice\":6584}],\"amount\":6584,\"fee\":{\"fixedAmount\":0,\"netAmount\":6584},\"trackingParameters\":[],\"isTest\":false}"
}
----------------------------------------
[2026-06-03 17:23:22] 🔄 Processando dados recebidos
Dados: {
    "orderId": "vpay0vdpp2",
    "platform": "PayHubr",
    "paymentMethod": "pix",
    "status": "paid",
    "createdAt": "2026-06-03T14:21:26-03:00",
    "approvedDate": "2026-06-03 17:23:22",
    "paidAt": "2026-06-03 17:23:22",
    "refundedAt": null,
    "customer": {
        "name": "Leonardo Gomes Silva",
        "email": "leonardogomessilva8277@gmail.com",
        "phone": null,
        "document": {
            "number": "31201303389",
            "type": "CPF"
        },
        "country": "BR",
        "ip": "34.73.54.178"
    },
    "items": [
        {
            "id": "PROD_6a20630a611e6",
            "title": "Produto 65.84",
            "quantity": 1,
            "unitPrice": 6584
        }
    ],
    "amount": 6584,
    "fee": {
        "fixedAmount": 0,
        "netAmount": 6584
    },
    "trackingParameters": [],
    "isTest": false
}
----------------------------------------
[2026-06-03 17:23:22] 📤 Dados formatados para Utmify
Dados: {
    "orderId": "vpay0vdpp2",
    "platform": "PayHubr",
    "paymentMethod": "pix",
    "status": "paid",
    "createdAt": "2026-06-03 17:21:26",
    "approvedDate": "2026-06-03 17:23:22",
    "refundedAt": null,
    "customer": {
        "name": "Leonardo Gomes Silva",
        "email": "leonardogomessilva8277@gmail.com",
        "phone": null,
        "document": "31201303389",
        "country": "BR",
        "ip": "2a02:4780:13:1234::105"
    },
    "products": [
        {
            "id": "PROD_6a20630a611e6",
            "name": "Produto 65.84",
            "planId": null,
            "planName": null,
            "quantity": 1,
            "priceInCents": 6584
        }
    ],
    "trackingParameters": {
        "src": null,
        "sck": null,
        "utm_source": null,
        "utm_campaign": null,
        "utm_medium": null,
        "utm_content": null,
        "utm_term": null,
        "xcod": null,
        "fbclid": null,
        "gclid": null,
        "ttclid": null
    },
    "commission": {
        "totalPriceInCents": 6584,
        "gatewayFeeInCents": 0,
        "userCommissionInCents": 6584
    },
    "isTest": false
}
----------------------------------------
[2026-06-03 17:23:22] 📡 Enviando requisição para Utmify
Dados: {
    "url": "https:\/\/api.utmify.com.br\/api-credentials\/orders",
    "headers": [
        "Content-Type: application\/json",
        "x-api-token: [REDACTED]"
    ]
}
----------------------------------------
[2026-06-03 17:23:22] ✅ Resposta da API Utmify
Dados: {
    "http_code": 200,
    "response": {
        "OK": true,
        "data": [],
        "result": "SUCCESS"
    }
}
----------------------------------------
[2026-06-03 17:25:25] 📥 Dados recebidos do PayHubr
Dados: {
    "raw": "{\"orderId\":\"vpa3p0n041\",\"platform\":\"PayHubr\",\"paymentMethod\":\"pix\",\"status\":\"paid\",\"createdAt\":\"2026-06-03T14:20:10-03:00\",\"approvedDate\":\"2026-06-03 17:25:25\",\"paidAt\":\"2026-06-03 17:25:25\",\"refundedAt\":null,\"customer\":{\"name\":\"Maria Gomes Alves\",\"email\":\"mariagomesalves5420@r7.com\",\"phone\":null,\"document\":{\"number\":\"03700363958\",\"type\":\"CPF\"},\"country\":\"BR\",\"ip\":\"34.73.54.178\"},\"items\":[{\"id\":\"PROD_6a20638544375\",\"title\":\"Produto 65.84\",\"quantity\":1,\"unitPrice\":6584}],\"amount\":6584,\"fee\":{\"fixedAmount\":0,\"netAmount\":6584},\"trackingParameters\":[],\"isTest\":false}"
}
----------------------------------------
[2026-06-03 17:25:25] 🔄 Processando dados recebidos
Dados: {
    "orderId": "vpa3p0n041",
    "platform": "PayHubr",
    "paymentMethod": "pix",
    "status": "paid",
    "createdAt": "2026-06-03T14:20:10-03:00",
    "approvedDate": "2026-06-03 17:25:25",
    "paidAt": "2026-06-03 17:25:25",
    "refundedAt": null,
    "customer": {
        "name": "Maria Gomes Alves",
        "email": "mariagomesalves5420@r7.com",
        "phone": null,
        "document": {
            "number": "03700363958",
            "type": "CPF"
        },
        "country": "BR",
        "ip": "34.73.54.178"
    },
    "items": [
        {
            "id": "PROD_6a20638544375",
            "title": "Produto 65.84",
            "quantity": 1,
            "unitPrice": 6584
        }
    ],
    "amount": 6584,
    "fee": {
        "fixedAmount": 0,
        "netAmount": 6584
    },
    "trackingParameters": [],
    "isTest": false
}
----------------------------------------
[2026-06-03 17:25:25] 📤 Dados formatados para Utmify
Dados: {
    "orderId": "vpa3p0n041",
    "platform": "PayHubr",
    "paymentMethod": "pix",
    "status": "paid",
    "createdAt": "2026-06-03 17:20:10",
    "approvedDate": "2026-06-03 17:25:25",
    "refundedAt": null,
    "customer": {
        "name": "Maria Gomes Alves",
        "email": "mariagomesalves5420@r7.com",
        "phone": null,
        "document": "03700363958",
        "country": "BR",
        "ip": "2a02:4780:13:1234::105"
    },
    "products": [
        {
            "id": "PROD_6a20638544375",
            "name": "Produto 65.84",
            "planId": null,
            "planName": null,
            "quantity": 1,
            "priceInCents": 6584
        }
    ],
    "trackingParameters": {
        "src": null,
        "sck": null,
        "utm_source": null,
        "utm_campaign": null,
        "utm_medium": null,
        "utm_content": null,
        "utm_term": null,
        "xcod": null,
        "fbclid": null,
        "gclid": null,
        "ttclid": null
    },
    "commission": {
        "totalPriceInCents": 6584,
        "gatewayFeeInCents": 0,
        "userCommissionInCents": 6584
    },
    "isTest": false
}
----------------------------------------
[2026-06-03 17:25:25] 📡 Enviando requisição para Utmify
Dados: {
    "url": "https:\/\/api.utmify.com.br\/api-credentials\/orders",
    "headers": [
        "Content-Type: application\/json",
        "x-api-token: [REDACTED]"
    ]
}
----------------------------------------
[2026-06-03 17:25:25] ✅ Resposta da API Utmify
Dados: {
    "http_code": 200,
    "response": {
        "OK": true,
        "data": [],
        "result": "SUCCESS"
    }
}
----------------------------------------
[2026-06-03 17:26:31] 📥 Dados recebidos do PayHubr
Dados: {
    "raw": "{\"orderId\":\"vpa8l8kde5\",\"platform\":\"PayHubr\",\"paymentMethod\":\"pix\",\"status\":\"paid\",\"createdAt\":\"2026-06-03T14:23:30-03:00\",\"approvedDate\":\"2026-06-03 17:26:31\",\"paidAt\":\"2026-06-03 17:26:31\",\"refundedAt\":null,\"customer\":{\"name\":\"Fernando Miranda Souza\",\"email\":\"fernandomirandasouza464@bol.com.br\",\"phone\":null,\"document\":{\"number\":\"58119114914\",\"type\":\"CPF\"},\"country\":\"BR\",\"ip\":\"34.73.54.178\"},\"items\":[{\"id\":\"PROD_6a2063c7baa9a\",\"title\":\"Produto 65.84\",\"quantity\":1,\"unitPrice\":6584}],\"amount\":6584,\"fee\":{\"fixedAmount\":0,\"netAmount\":6584},\"trackingParameters\":[],\"isTest\":false}"
}
----------------------------------------
[2026-06-03 17:26:31] 🔄 Processando dados recebidos
Dados: {
    "orderId": "vpa8l8kde5",
    "platform": "PayHubr",
    "paymentMethod": "pix",
    "status": "paid",
    "createdAt": "2026-06-03T14:23:30-03:00",
    "approvedDate": "2026-06-03 17:26:31",
    "paidAt": "2026-06-03 17:26:31",
    "refundedAt": null,
    "customer": {
        "name": "Fernando Miranda Souza",
        "email": "fernandomirandasouza464@bol.com.br",
        "phone": null,
        "document": {
            "number": "58119114914",
            "type": "CPF"
        },
        "country": "BR",
        "ip": "34.73.54.178"
    },
    "items": [
        {
            "id": "PROD_6a2063c7baa9a",
            "title": "Produto 65.84",
            "quantity": 1,
            "unitPrice": 6584
        }
    ],
    "amount": 6584,
    "fee": {
        "fixedAmount": 0,
        "netAmount": 6584
    },
    "trackingParameters": [],
    "isTest": false
}
----------------------------------------
[2026-06-03 17:26:31] 📤 Dados formatados para Utmify
Dados: {
    "orderId": "vpa8l8kde5",
    "platform": "PayHubr",
    "paymentMethod": "pix",
    "status": "paid",
    "createdAt": "2026-06-03 17:23:30",
    "approvedDate": "2026-06-03 17:26:31",
    "refundedAt": null,
    "customer": {
        "name": "Fernando Miranda Souza",
        "email": "fernandomirandasouza464@bol.com.br",
        "phone": null,
        "document": "58119114914",
        "country": "BR",
        "ip": "2a02:4780:13:1234::105"
    },
    "products": [
        {
            "id": "PROD_6a2063c7baa9a",
            "name": "Produto 65.84",
            "planId": null,
            "planName": null,
            "quantity": 1,
            "priceInCents": 6584
        }
    ],
    "trackingParameters": {
        "src": null,
        "sck": null,
        "utm_source": null,
        "utm_campaign": null,
        "utm_medium": null,
        "utm_content": null,
        "utm_term": null,
        "xcod": null,
        "fbclid": null,
        "gclid": null,
        "ttclid": null
    },
    "commission": {
        "totalPriceInCents": 6584,
        "gatewayFeeInCents": 0,
        "userCommissionInCents": 6584
    },
    "isTest": false
}
----------------------------------------
[2026-06-03 17:26:31] 📡 Enviando requisição para Utmify
Dados: {
    "url": "https:\/\/api.utmify.com.br\/api-credentials\/orders",
    "headers": [
        "Content-Type: application\/json",
        "x-api-token: [REDACTED]"
    ]
}
----------------------------------------
[2026-06-03 17:26:31] ✅ Resposta da API Utmify
Dados: {
    "http_code": 200,
    "response": {
        "OK": true,
        "data": [],
        "result": "SUCCESS"
    }
}
----------------------------------------
[2026-06-03 17:27:16] 📥 Dados recebidos do PayHubr
Dados: {
    "raw": "{\"orderId\":\"vpag4dolwd\",\"platform\":\"PayHubr\",\"paymentMethod\":\"pix\",\"status\":\"paid\",\"createdAt\":\"2026-06-03T14:26:05-03:00\",\"approvedDate\":\"2026-06-03 17:27:16\",\"paidAt\":\"2026-06-03 17:27:16\",\"refundedAt\":null,\"customer\":{\"name\":\"Evelyn Castro Santos\",\"email\":\"evelyncastrosantos3618@yahoo.com.br\",\"phone\":null,\"document\":{\"number\":\"79566038038\",\"type\":\"CPF\"},\"country\":\"BR\",\"ip\":\"34.73.54.178\"},\"items\":[{\"id\":\"PROD_6a2063f43ae15\",\"title\":\"Produto 65.84\",\"quantity\":1,\"unitPrice\":6584}],\"amount\":6584,\"fee\":{\"fixedAmount\":0,\"netAmount\":6584},\"trackingParameters\":[],\"isTest\":false}"
}
----------------------------------------
[2026-06-03 17:27:16] 🔄 Processando dados recebidos
Dados: {
    "orderId": "vpag4dolwd",
    "platform": "PayHubr",
    "paymentMethod": "pix",
    "status": "paid",
    "createdAt": "2026-06-03T14:26:05-03:00",
    "approvedDate": "2026-06-03 17:27:16",
    "paidAt": "2026-06-03 17:27:16",
    "refundedAt": null,
    "customer": {
        "name": "Evelyn Castro Santos",
        "email": "evelyncastrosantos3618@yahoo.com.br",
        "phone": null,
        "document": {
            "number": "79566038038",
            "type": "CPF"
        },
        "country": "BR",
        "ip": "34.73.54.178"
    },
    "items": [
        {
            "id": "PROD_6a2063f43ae15",
            "title": "Produto 65.84",
            "quantity": 1,
            "unitPrice": 6584
        }
    ],
    "amount": 6584,
    "fee": {
        "fixedAmount": 0,
        "netAmount": 6584
    },
    "trackingParameters": [],
    "isTest": false
}
----------------------------------------
[2026-06-03 17:27:16] 📤 Dados formatados para Utmify
Dados: {
    "orderId": "vpag4dolwd",
    "platform": "PayHubr",
    "paymentMethod": "pix",
    "status": "paid",
    "createdAt": "2026-06-03 17:26:05",
    "approvedDate": "2026-06-03 17:27:16",
    "refundedAt": null,
    "customer": {
        "name": "Evelyn Castro Santos",
        "email": "evelyncastrosantos3618@yahoo.com.br",
        "phone": null,
        "document": "79566038038",
        "country": "BR",
        "ip": "2a02:4780:13:1234::105"
    },
    "products": [
        {
            "id": "PROD_6a2063f43ae15",
            "name": "Produto 65.84",
            "planId": null,
            "planName": null,
            "quantity": 1,
            "priceInCents": 6584
        }
    ],
    "trackingParameters": {
        "src": null,
        "sck": null,
        "utm_source": null,
        "utm_campaign": null,
        "utm_medium": null,
        "utm_content": null,
        "utm_term": null,
        "xcod": null,
        "fbclid": null,
        "gclid": null,
        "ttclid": null
    },
    "commission": {
        "totalPriceInCents": 6584,
        "gatewayFeeInCents": 0,
        "userCommissionInCents": 6584
    },
    "isTest": false
}
----------------------------------------
[2026-06-03 17:27:16] 📡 Enviando requisição para Utmify
Dados: {
    "url": "https:\/\/api.utmify.com.br\/api-credentials\/orders",
    "headers": [
        "Content-Type: application\/json",
        "x-api-token: [REDACTED]"
    ]
}
----------------------------------------
[2026-06-03 17:27:16] ✅ Resposta da API Utmify
Dados: {
    "http_code": 200,
    "response": {
        "OK": true,
        "data": [],
        "result": "SUCCESS"
    }
}
----------------------------------------
[2026-06-03 17:27:22] 📥 Dados recebidos do PayHubr
Dados: {
    "raw": "{\"orderId\":\"vpa3p08316\",\"platform\":\"PayHubr\",\"paymentMethod\":\"pix\",\"status\":\"paid\",\"createdAt\":\"2026-06-03T14:26:35-03:00\",\"approvedDate\":\"2026-06-03 17:27:22\",\"paidAt\":\"2026-06-03 17:27:22\",\"refundedAt\":null,\"customer\":{\"name\":\"Renata Nascimento Oliveira\",\"email\":\"renatanascimentooliveira8637@gmail.com\",\"phone\":null,\"document\":{\"number\":\"53290678989\",\"type\":\"CPF\"},\"country\":\"BR\",\"ip\":\"34.73.54.178\"},\"items\":[{\"id\":\"PROD_6a2063fa622ed\",\"title\":\"Produto 65.84\",\"quantity\":1,\"unitPrice\":6584}],\"amount\":6584,\"fee\":{\"fixedAmount\":0,\"netAmount\":6584},\"trackingParameters\":[],\"isTest\":false}"
}
----------------------------------------
[2026-06-03 17:27:22] 🔄 Processando dados recebidos
Dados: {
    "orderId": "vpa3p08316",
    "platform": "PayHubr",
    "paymentMethod": "pix",
    "status": "paid",
    "createdAt": "2026-06-03T14:26:35-03:00",
    "approvedDate": "2026-06-03 17:27:22",
    "paidAt": "2026-06-03 17:27:22",
    "refundedAt": null,
    "customer": {
        "name": "Renata Nascimento Oliveira",
        "email": "renatanascimentooliveira8637@gmail.com",
        "phone": null,
        "document": {
            "number": "53290678989",
            "type": "CPF"
        },
        "country": "BR",
        "ip": "34.73.54.178"
    },
    "items": [
        {
            "id": "PROD_6a2063fa622ed",
            "title": "Produto 65.84",
            "quantity": 1,
            "unitPrice": 6584
        }
    ],
    "amount": 6584,
    "fee": {
        "fixedAmount": 0,
        "netAmount": 6584
    },
    "trackingParameters": [],
    "isTest": false
}
----------------------------------------
[2026-06-03 17:27:22] 📤 Dados formatados para Utmify
Dados: {
    "orderId": "vpa3p08316",
    "platform": "PayHubr",
    "paymentMethod": "pix",
    "status": "paid",
    "createdAt": "2026-06-03 17:26:35",
    "approvedDate": "2026-06-03 17:27:22",
    "refundedAt": null,
    "customer": {
        "name": "Renata Nascimento Oliveira",
        "email": "renatanascimentooliveira8637@gmail.com",
        "phone": null,
        "document": "53290678989",
        "country": "BR",
        "ip": "2a02:4780:13:1234::105"
    },
    "products": [
        {
            "id": "PROD_6a2063fa622ed",
            "name": "Produto 65.84",
            "planId": null,
            "planName": null,
            "quantity": 1,
            "priceInCents": 6584
        }
    ],
    "trackingParameters": {
        "src": null,
        "sck": null,
        "utm_source": null,
        "utm_campaign": null,
        "utm_medium": null,
        "utm_content": null,
        "utm_term": null,
        "xcod": null,
        "fbclid": null,
        "gclid": null,
        "ttclid": null
    },
    "commission": {
        "totalPriceInCents": 6584,
        "gatewayFeeInCents": 0,
        "userCommissionInCents": 6584
    },
    "isTest": false
}
----------------------------------------
[2026-06-03 17:27:22] 📡 Enviando requisição para Utmify
Dados: {
    "url": "https:\/\/api.utmify.com.br\/api-credentials\/orders",
    "headers": [
        "Content-Type: application\/json",
        "x-api-token: [REDACTED]"
    ]
}
----------------------------------------
[2026-06-03 17:27:22] ✅ Resposta da API Utmify
Dados: {
    "http_code": 200,
    "response": {
        "OK": true,
        "data": [],
        "result": "SUCCESS"
    }
}
----------------------------------------
[2026-06-03 17:28:35] 📥 Dados recebidos do PayHubr
Dados: {
    "raw": "{\"orderId\":\"vpam3r5e2g\",\"platform\":\"PayHubr\",\"paymentMethod\":\"pix\",\"status\":\"paid\",\"createdAt\":\"2026-06-03T14:22:59-03:00\",\"approvedDate\":\"2026-06-03 17:28:35\",\"paidAt\":\"2026-06-03 17:28:35\",\"refundedAt\":null,\"customer\":{\"name\":\"Renan Figueiredo Batista\",\"email\":\"renanfigueiredobatista4094@bol.com.br\",\"phone\":null,\"document\":{\"number\":\"79213674538\",\"type\":\"CPF\"},\"country\":\"BR\",\"ip\":\"34.73.54.178\"},\"items\":[{\"id\":\"PROD_6a20644333427\",\"title\":\"Produto 65.84\",\"quantity\":1,\"unitPrice\":6584}],\"amount\":6584,\"fee\":{\"fixedAmount\":0,\"netAmount\":6584},\"trackingParameters\":[],\"isTest\":false}"
}
----------------------------------------
[2026-06-03 17:28:35] 🔄 Processando dados recebidos
Dados: {
    "orderId": "vpam3r5e2g",
    "platform": "PayHubr",
    "paymentMethod": "pix",
    "status": "paid",
    "createdAt": "2026-06-03T14:22:59-03:00",
    "approvedDate": "2026-06-03 17:28:35",
    "paidAt": "2026-06-03 17:28:35",
    "refundedAt": null,
    "customer": {
        "name": "Renan Figueiredo Batista",
        "email": "renanfigueiredobatista4094@bol.com.br",
        "phone": null,
        "document": {
            "number": "79213674538",
            "type": "CPF"
        },
        "country": "BR",
        "ip": "34.73.54.178"
    },
    "items": [
        {
            "id": "PROD_6a20644333427",
            "title": "Produto 65.84",
            "quantity": 1,
            "unitPrice": 6584
        }
    ],
    "amount": 6584,
    "fee": {
        "fixedAmount": 0,
        "netAmount": 6584
    },
    "trackingParameters": [],
    "isTest": false
}
----------------------------------------
[2026-06-03 17:28:35] 📤 Dados formatados para Utmify
Dados: {
    "orderId": "vpam3r5e2g",
    "platform": "PayHubr",
    "paymentMethod": "pix",
    "status": "paid",
    "createdAt": "2026-06-03 17:22:59",
    "approvedDate": "2026-06-03 17:28:35",
    "refundedAt": null,
    "customer": {
        "name": "Renan Figueiredo Batista",
        "email": "renanfigueiredobatista4094@bol.com.br",
        "phone": null,
        "document": "79213674538",
        "country": "BR",
        "ip": "2a02:4780:13:1234::105"
    },
    "products": [
        {
            "id": "PROD_6a20644333427",
            "name": "Produto 65.84",
            "planId": null,
            "planName": null,
            "quantity": 1,
            "priceInCents": 6584
        }
    ],
    "trackingParameters": {
        "src": null,
        "sck": null,
        "utm_source": null,
        "utm_campaign": null,
        "utm_medium": null,
        "utm_content": null,
        "utm_term": null,
        "xcod": null,
        "fbclid": null,
        "gclid": null,
        "ttclid": null
    },
    "commission": {
        "totalPriceInCents": 6584,
        "gatewayFeeInCents": 0,
        "userCommissionInCents": 6584
    },
    "isTest": false
}
----------------------------------------
[2026-06-03 17:28:35] 📡 Enviando requisição para Utmify
Dados: {
    "url": "https:\/\/api.utmify.com.br\/api-credentials\/orders",
    "headers": [
        "Content-Type: application\/json",
        "x-api-token: [REDACTED]"
    ]
}
----------------------------------------
[2026-06-03 17:28:35] ✅ Resposta da API Utmify
Dados: {
    "http_code": 200,
    "response": {
        "OK": true,
        "data": [],
        "result": "SUCCESS"
    }
}
----------------------------------------
[2026-06-03 17:29:41] 📥 Dados recebidos do PayHubr
Dados: {
    "raw": "{\"orderId\":\"vpa0nj8kle\",\"platform\":\"PayHubr\",\"paymentMethod\":\"pix\",\"status\":\"paid\",\"createdAt\":\"2026-06-03T14:28:05-03:00\",\"approvedDate\":\"2026-06-03 17:29:41\",\"paidAt\":\"2026-06-03 17:29:41\",\"refundedAt\":null,\"customer\":{\"name\":\"Mariana Dias Tavares\",\"email\":\"marianadiastavares7723@msn.com\",\"phone\":null,\"document\":{\"number\":\"32754566104\",\"type\":\"CPF\"},\"country\":\"BR\",\"ip\":\"34.73.54.178\"},\"items\":[{\"id\":\"PROD_6a206485b9ade\",\"title\":\"Produto 65.84\",\"quantity\":1,\"unitPrice\":6584}],\"amount\":6584,\"fee\":{\"fixedAmount\":0,\"netAmount\":6584},\"trackingParameters\":[],\"isTest\":false}"
}
----------------------------------------
[2026-06-03 17:29:41] 🔄 Processando dados recebidos
Dados: {
    "orderId": "vpa0nj8kle",
    "platform": "PayHubr",
    "paymentMethod": "pix",
    "status": "paid",
    "createdAt": "2026-06-03T14:28:05-03:00",
    "approvedDate": "2026-06-03 17:29:41",
    "paidAt": "2026-06-03 17:29:41",
    "refundedAt": null,
    "customer": {
        "name": "Mariana Dias Tavares",
        "email": "marianadiastavares7723@msn.com",
        "phone": null,
        "document": {
            "number": "32754566104",
            "type": "CPF"
        },
        "country": "BR",
        "ip": "34.73.54.178"
    },
    "items": [
        {
            "id": "PROD_6a206485b9ade",
            "title": "Produto 65.84",
            "quantity": 1,
            "unitPrice": 6584
        }
    ],
    "amount": 6584,
    "fee": {
        "fixedAmount": 0,
        "netAmount": 6584
    },
    "trackingParameters": [],
    "isTest": false
}
----------------------------------------
[2026-06-03 17:29:41] 📤 Dados formatados para Utmify
Dados: {
    "orderId": "vpa0nj8kle",
    "platform": "PayHubr",
    "paymentMethod": "pix",
    "status": "paid",
    "createdAt": "2026-06-03 17:28:05",
    "approvedDate": "2026-06-03 17:29:41",
    "refundedAt": null,
    "customer": {
        "name": "Mariana Dias Tavares",
        "email": "marianadiastavares7723@msn.com",
        "phone": null,
        "document": "32754566104",
        "country": "BR",
        "ip": "2a02:4780:13:1234::105"
    },
    "products": [
        {
            "id": "PROD_6a206485b9ade",
            "name": "Produto 65.84",
            "planId": null,
            "planName": null,
            "quantity": 1,
            "priceInCents": 6584
        }
    ],
    "trackingParameters": {
        "src": null,
        "sck": null,
        "utm_source": null,
        "utm_campaign": null,
        "utm_medium": null,
        "utm_content": null,
        "utm_term": null,
        "xcod": null,
        "fbclid": null,
        "gclid": null,
        "ttclid": null
    },
    "commission": {
        "totalPriceInCents": 6584,
        "gatewayFeeInCents": 0,
        "userCommissionInCents": 6584
    },
    "isTest": false
}
----------------------------------------
[2026-06-03 17:29:41] 📡 Enviando requisição para Utmify
Dados: {
    "url": "https:\/\/api.utmify.com.br\/api-credentials\/orders",
    "headers": [
        "Content-Type: application\/json",
        "x-api-token: [REDACTED]"
    ]
}
----------------------------------------
[2026-06-03 17:29:41] ✅ Resposta da API Utmify
Dados: {
    "http_code": 200,
    "response": {
        "OK": true,
        "data": [],
        "result": "SUCCESS"
    }
}
----------------------------------------
[2026-06-03 17:30:13] 📥 Dados recebidos do PayHubr
Dados: {
    "raw": "{\"orderId\":\"vpaprz5kve\",\"platform\":\"PayHubr\",\"paymentMethod\":\"pix\",\"status\":\"paid\",\"createdAt\":\"2026-06-03T14:27:50-03:00\",\"approvedDate\":\"2026-06-03 17:30:13\",\"paidAt\":\"2026-06-03 17:30:13\",\"refundedAt\":null,\"customer\":{\"name\":\"Leonardo Cardoso Nascimento\",\"email\":\"leonardocardosonascimento3042@outlook.com\",\"phone\":null,\"document\":{\"number\":\"86444272106\",\"type\":\"CPF\"},\"country\":\"BR\",\"ip\":\"34.73.54.178\"},\"items\":[{\"id\":\"PROD_6a2064a509f95\",\"title\":\"Produto 65.84\",\"quantity\":1,\"unitPrice\":6584}],\"amount\":6584,\"fee\":{\"fixedAmount\":0,\"netAmount\":6584},\"trackingParameters\":[],\"isTest\":false}"
}
----------------------------------------
[2026-06-03 17:30:13] 🔄 Processando dados recebidos
Dados: {
    "orderId": "vpaprz5kve",
    "platform": "PayHubr",
    "paymentMethod": "pix",
    "status": "paid",
    "createdAt": "2026-06-03T14:27:50-03:00",
    "approvedDate": "2026-06-03 17:30:13",
    "paidAt": "2026-06-03 17:30:13",
    "refundedAt": null,
    "customer": {
        "name": "Leonardo Cardoso Nascimento",
        "email": "leonardocardosonascimento3042@outlook.com",
        "phone": null,
        "document": {
            "number": "86444272106",
            "type": "CPF"
        },
        "country": "BR",
        "ip": "34.73.54.178"
    },
    "items": [
        {
            "id": "PROD_6a2064a509f95",
            "title": "Produto 65.84",
            "quantity": 1,
            "unitPrice": 6584
        }
    ],
    "amount": 6584,
    "fee": {
        "fixedAmount": 0,
        "netAmount": 6584
    },
    "trackingParameters": [],
    "isTest": false
}
----------------------------------------
[2026-06-03 17:30:13] 📤 Dados formatados para Utmify
Dados: {
    "orderId": "vpaprz5kve",
    "platform": "PayHubr",
    "paymentMethod": "pix",
    "status": "paid",
    "createdAt": "2026-06-03 17:27:50",
    "approvedDate": "2026-06-03 17:30:13",
    "refundedAt": null,
    "customer": {
        "name": "Leonardo Cardoso Nascimento",
        "email": "leonardocardosonascimento3042@outlook.com",
        "phone": null,
        "document": "86444272106",
        "country": "BR",
        "ip": "2a02:4780:13:1234::105"
    },
    "products": [
        {
            "id": "PROD_6a2064a509f95",
            "name": "Produto 65.84",
            "planId": null,
            "planName": null,
            "quantity": 1,
            "priceInCents": 6584
        }
    ],
    "trackingParameters": {
        "src": null,
        "sck": null,
        "utm_source": null,
        "utm_campaign": null,
        "utm_medium": null,
        "utm_content": null,
        "utm_term": null,
        "xcod": null,
        "fbclid": null,
        "gclid": null,
        "ttclid": null
    },
    "commission": {
        "totalPriceInCents": 6584,
        "gatewayFeeInCents": 0,
        "userCommissionInCents": 6584
    },
    "isTest": false
}
----------------------------------------
[2026-06-03 17:30:13] 📡 Enviando requisição para Utmify
Dados: {
    "url": "https:\/\/api.utmify.com.br\/api-credentials\/orders",
    "headers": [
        "Content-Type: application\/json",
        "x-api-token: [REDACTED]"
    ]
}
----------------------------------------
[2026-06-03 17:30:13] ✅ Resposta da API Utmify
Dados: {
    "http_code": 200,
    "response": {
        "OK": true,
        "data": [],
        "result": "SUCCESS"
    }
}
----------------------------------------
[2026-06-03 17:33:34] 📥 Dados recebidos do PayHubr
Dados: {
    "raw": "{\"orderId\":\"vpag4dol0r\",\"platform\":\"PayHubr\",\"paymentMethod\":\"pix\",\"status\":\"paid\",\"createdAt\":\"2026-06-03T14:33:12-03:00\",\"approvedDate\":\"2026-06-03 17:33:34\",\"paidAt\":\"2026-06-03 17:33:34\",\"refundedAt\":null,\"customer\":{\"name\":\"Thiago Pereira Freitas\",\"email\":\"thiagopereirafreitas4698@hotmail.com\",\"phone\":null,\"document\":{\"number\":\"49743795693\",\"type\":\"CPF\"},\"country\":\"BR\",\"ip\":\"34.73.54.178\"},\"items\":[{\"id\":\"PROD_6a20656e3713c\",\"title\":\"Produto 65.84\",\"quantity\":1,\"unitPrice\":6584}],\"amount\":6584,\"fee\":{\"fixedAmount\":0,\"netAmount\":6584},\"trackingParameters\":[],\"isTest\":false}"
}
----------------------------------------
[2026-06-03 17:33:34] 🔄 Processando dados recebidos
Dados: {
    "orderId": "vpag4dol0r",
    "platform": "PayHubr",
    "paymentMethod": "pix",
    "status": "paid",
    "createdAt": "2026-06-03T14:33:12-03:00",
    "approvedDate": "2026-06-03 17:33:34",
    "paidAt": "2026-06-03 17:33:34",
    "refundedAt": null,
    "customer": {
        "name": "Thiago Pereira Freitas",
        "email": "thiagopereirafreitas4698@hotmail.com",
        "phone": null,
        "document": {
            "number": "49743795693",
            "type": "CPF"
        },
        "country": "BR",
        "ip": "34.73.54.178"
    },
    "items": [
        {
            "id": "PROD_6a20656e3713c",
            "title": "Produto 65.84",
            "quantity": 1,
            "unitPrice": 6584
        }
    ],
    "amount": 6584,
    "fee": {
        "fixedAmount": 0,
        "netAmount": 6584
    },
    "trackingParameters": [],
    "isTest": false
}
----------------------------------------
[2026-06-03 17:33:34] 📤 Dados formatados para Utmify
Dados: {
    "orderId": "vpag4dol0r",
    "platform": "PayHubr",
    "paymentMethod": "pix",
    "status": "paid",
    "createdAt": "2026-06-03 17:33:12",
    "approvedDate": "2026-06-03 17:33:34",
    "refundedAt": null,
    "customer": {
        "name": "Thiago Pereira Freitas",
        "email": "thiagopereirafreitas4698@hotmail.com",
        "phone": null,
        "document": "49743795693",
        "country": "BR",
        "ip": "2a02:4780:13:1234::105"
    },
    "products": [
        {
            "id": "PROD_6a20656e3713c",
            "name": "Produto 65.84",
            "planId": null,
            "planName": null,
            "quantity": 1,
            "priceInCents": 6584
        }
    ],
    "trackingParameters": {
        "src": null,
        "sck": null,
        "utm_source": null,
        "utm_campaign": null,
        "utm_medium": null,
        "utm_content": null,
        "utm_term": null,
        "xcod": null,
        "fbclid": null,
        "gclid": null,
        "ttclid": null
    },
    "commission": {
        "totalPriceInCents": 6584,
        "gatewayFeeInCents": 0,
        "userCommissionInCents": 6584
    },
    "isTest": false
}
----------------------------------------
[2026-06-03 17:33:34] 📡 Enviando requisição para Utmify
Dados: {
    "url": "https:\/\/api.utmify.com.br\/api-credentials\/orders",
    "headers": [
        "Content-Type: application\/json",
        "x-api-token: [REDACTED]"
    ]
}
----------------------------------------
[2026-06-03 17:33:34] ✅ Resposta da API Utmify
Dados: {
    "http_code": 200,
    "response": {
        "OK": true,
        "data": [],
        "result": "SUCCESS"
    }
}
----------------------------------------
[2026-06-03 17:34:07] 📥 Dados recebidos do PayHubr
Dados: {
    "raw": "{\"orderId\":\"vpa736dld1\",\"platform\":\"PayHubr\",\"paymentMethod\":\"pix\",\"status\":\"paid\",\"createdAt\":\"2026-06-03T14:32:42-03:00\",\"approvedDate\":\"2026-06-03 17:34:07\",\"paidAt\":\"2026-06-03 17:34:07\",\"refundedAt\":null,\"customer\":{\"name\":\"Alexandre Araujo Lima\",\"email\":\"alexandrearaujolima5903@r7.com\",\"phone\":null,\"document\":{\"number\":\"43741779148\",\"type\":\"CPF\"},\"country\":\"BR\",\"ip\":\"34.73.54.178\"},\"items\":[{\"id\":\"PROD_6a20658f07bc9\",\"title\":\"Produto 65.84\",\"quantity\":1,\"unitPrice\":6584}],\"amount\":6584,\"fee\":{\"fixedAmount\":0,\"netAmount\":6584},\"trackingParameters\":[],\"isTest\":false}"
}
----------------------------------------
[2026-06-03 17:34:07] 🔄 Processando dados recebidos
Dados: {
    "orderId": "vpa736dld1",
    "platform": "PayHubr",
    "paymentMethod": "pix",
    "status": "paid",
    "createdAt": "2026-06-03T14:32:42-03:00",
    "approvedDate": "2026-06-03 17:34:07",
    "paidAt": "2026-06-03 17:34:07",
    "refundedAt": null,
    "customer": {
        "name": "Alexandre Araujo Lima",
        "email": "alexandrearaujolima5903@r7.com",
        "phone": null,
        "document": {
            "number": "43741779148",
            "type": "CPF"
        },
        "country": "BR",
        "ip": "34.73.54.178"
    },
    "items": [
        {
            "id": "PROD_6a20658f07bc9",
            "title": "Produto 65.84",
            "quantity": 1,
            "unitPrice": 6584
        }
    ],
    "amount": 6584,
    "fee": {
        "fixedAmount": 0,
        "netAmount": 6584
    },
    "trackingParameters": [],
    "isTest": false
}
----------------------------------------
[2026-06-03 17:34:07] 📤 Dados formatados para Utmify
Dados: {
    "orderId": "vpa736dld1",
    "platform": "PayHubr",
    "paymentMethod": "pix",
    "status": "paid",
    "createdAt": "2026-06-03 17:32:42",
    "approvedDate": "2026-06-03 17:34:07",
    "refundedAt": null,
    "customer": {
        "name": "Alexandre Araujo Lima",
        "email": "alexandrearaujolima5903@r7.com",
        "phone": null,
        "document": "43741779148",
        "country": "BR",
        "ip": "2a02:4780:13:1234::105"
    },
    "products": [
        {
            "id": "PROD_6a20658f07bc9",
            "name": "Produto 65.84",
            "planId": null,
            "planName": null,
            "quantity": 1,
            "priceInCents": 6584
        }
    ],
    "trackingParameters": {
        "src": null,
        "sck": null,
        "utm_source": null,
        "utm_campaign": null,
        "utm_medium": null,
        "utm_content": null,
        "utm_term": null,
        "xcod": null,
        "fbclid": null,
        "gclid": null,
        "ttclid": null
    },
    "commission": {
        "totalPriceInCents": 6584,
        "gatewayFeeInCents": 0,
        "userCommissionInCents": 6584
    },
    "isTest": false
}
----------------------------------------
[2026-06-03 17:34:07] 📡 Enviando requisição para Utmify
Dados: {
    "url": "https:\/\/api.utmify.com.br\/api-credentials\/orders",
    "headers": [
        "Content-Type: application\/json",
        "x-api-token: [REDACTED]"
    ]
}
----------------------------------------
[2026-06-03 17:34:07] ✅ Resposta da API Utmify
Dados: {
    "http_code": 200,
    "response": {
        "OK": true,
        "data": [],
        "result": "SUCCESS"
    }
}
----------------------------------------
[2026-06-03 17:34:22] 📥 Dados recebidos do PayHubr
Dados: {
    "raw": "{\"orderId\":\"vpa3p08360\",\"platform\":\"PayHubr\",\"paymentMethod\":\"pix\",\"status\":\"paid\",\"createdAt\":\"2026-06-03T14:33:31-03:00\",\"approvedDate\":\"2026-06-03 17:34:22\",\"paidAt\":\"2026-06-03 17:34:22\",\"refundedAt\":null,\"customer\":{\"name\":\"Bianca Teixeira Ramos\",\"email\":\"biancateixeiraramos4857@terra.com.br\",\"phone\":null,\"document\":{\"number\":\"84308297761\",\"type\":\"CPF\"},\"country\":\"BR\",\"ip\":\"34.73.54.178\"},\"items\":[{\"id\":\"PROD_6a20659e35c9a\",\"title\":\"Produto 65.84\",\"quantity\":1,\"unitPrice\":6584}],\"amount\":6584,\"fee\":{\"fixedAmount\":0,\"netAmount\":6584},\"trackingParameters\":[],\"isTest\":false}"
}
----------------------------------------
[2026-06-03 17:34:22] 🔄 Processando dados recebidos
Dados: {
    "orderId": "vpa3p08360",
    "platform": "PayHubr",
    "paymentMethod": "pix",
    "status": "paid",
    "createdAt": "2026-06-03T14:33:31-03:00",
    "approvedDate": "2026-06-03 17:34:22",
    "paidAt": "2026-06-03 17:34:22",
    "refundedAt": null,
    "customer": {
        "name": "Bianca Teixeira Ramos",
        "email": "biancateixeiraramos4857@terra.com.br",
        "phone": null,
        "document": {
            "number": "84308297761",
            "type": "CPF"
        },
        "country": "BR",
        "ip": "34.73.54.178"
    },
    "items": [
        {
            "id": "PROD_6a20659e35c9a",
            "title": "Produto 65.84",
            "quantity": 1,
            "unitPrice": 6584
        }
    ],
    "amount": 6584,
    "fee": {
        "fixedAmount": 0,
        "netAmount": 6584
    },
    "trackingParameters": [],
    "isTest": false
}
----------------------------------------
[2026-06-03 17:34:22] 📤 Dados formatados para Utmify
Dados: {
    "orderId": "vpa3p08360",
    "platform": "PayHubr",
    "paymentMethod": "pix",
    "status": "paid",
    "createdAt": "2026-06-03 17:33:31",
    "approvedDate": "2026-06-03 17:34:22",
    "refundedAt": null,
    "customer": {
        "name": "Bianca Teixeira Ramos",
        "email": "biancateixeiraramos4857@terra.com.br",
        "phone": null,
        "document": "84308297761",
        "country": "BR",
        "ip": "2a02:4780:13:1234::105"
    },
    "products": [
        {
            "id": "PROD_6a20659e35c9a",
            "name": "Produto 65.84",
            "planId": null,
            "planName": null,
            "quantity": 1,
            "priceInCents": 6584
        }
    ],
    "trackingParameters": {
        "src": null,
        "sck": null,
        "utm_source": null,
        "utm_campaign": null,
        "utm_medium": null,
        "utm_content": null,
        "utm_term": null,
        "xcod": null,
        "fbclid": null,
        "gclid": null,
        "ttclid": null
    },
    "commission": {
        "totalPriceInCents": 6584,
        "gatewayFeeInCents": 0,
        "userCommissionInCents": 6584
    },
    "isTest": false
}
----------------------------------------
[2026-06-03 17:34:22] 📡 Enviando requisição para Utmify
Dados: {
    "url": "https:\/\/api.utmify.com.br\/api-credentials\/orders",
    "headers": [
        "Content-Type: application\/json",
        "x-api-token: [REDACTED]"
    ]
}
----------------------------------------
[2026-06-03 17:34:22] ✅ Resposta da API Utmify
Dados: {
    "http_code": 200,
    "response": {
        "OK": true,
        "data": [],
        "result": "SUCCESS"
    }
}
----------------------------------------
[2026-06-03 17:34:41] 📥 Dados recebidos do PayHubr
Dados: {
    "raw": "{\"orderId\":\"vpalwo5j7k\",\"platform\":\"PayHubr\",\"paymentMethod\":\"pix\",\"status\":\"paid\",\"createdAt\":\"2026-06-03T14:33:24-03:00\",\"approvedDate\":\"2026-06-03 17:34:41\",\"paidAt\":\"2026-06-03 17:34:41\",\"refundedAt\":null,\"customer\":{\"name\":\"Aline Vieira Peixoto\",\"email\":\"alinevieirapeixoto3322@terra.com.br\",\"phone\":null,\"document\":{\"number\":\"51756785660\",\"type\":\"CPF\"},\"country\":\"BR\",\"ip\":\"34.73.54.178\"},\"items\":[{\"id\":\"PROD_6a2065b1370f5\",\"title\":\"Produto 65.84\",\"quantity\":1,\"unitPrice\":6584}],\"amount\":6584,\"fee\":{\"fixedAmount\":0,\"netAmount\":6584},\"trackingParameters\":[],\"isTest\":false}"
}
----------------------------------------
[2026-06-03 17:34:41] 🔄 Processando dados recebidos
Dados: {
    "orderId": "vpalwo5j7k",
    "platform": "PayHubr",
    "paymentMethod": "pix",
    "status": "paid",
    "createdAt": "2026-06-03T14:33:24-03:00",
    "approvedDate": "2026-06-03 17:34:41",
    "paidAt": "2026-06-03 17:34:41",
    "refundedAt": null,
    "customer": {
        "name": "Aline Vieira Peixoto",
        "email": "alinevieirapeixoto3322@terra.com.br",
        "phone": null,
        "document": {
            "number": "51756785660",
            "type": "CPF"
        },
        "country": "BR",
        "ip": "34.73.54.178"
    },
    "items": [
        {
            "id": "PROD_6a2065b1370f5",
            "title": "Produto 65.84",
            "quantity": 1,
            "unitPrice": 6584
        }
    ],
    "amount": 6584,
    "fee": {
        "fixedAmount": 0,
        "netAmount": 6584
    },
    "trackingParameters": [],
    "isTest": false
}
----------------------------------------
[2026-06-03 17:34:41] 📤 Dados formatados para Utmify
Dados: {
    "orderId": "vpalwo5j7k",
    "platform": "PayHubr",
    "paymentMethod": "pix",
    "status": "paid",
    "createdAt": "2026-06-03 17:33:24",
    "approvedDate": "2026-06-03 17:34:41",
    "refundedAt": null,
    "customer": {
        "name": "Aline Vieira Peixoto",
        "email": "alinevieirapeixoto3322@terra.com.br",
        "phone": null,
        "document": "51756785660",
        "country": "BR",
        "ip": "2a02:4780:13:1234::105"
    },
    "products": [
        {
            "id": "PROD_6a2065b1370f5",
            "name": "Produto 65.84",
            "planId": null,
            "planName": null,
            "quantity": 1,
            "priceInCents": 6584
        }
    ],
    "trackingParameters": {
        "src": null,
        "sck": null,
        "utm_source": null,
        "utm_campaign": null,
        "utm_medium": null,
        "utm_content": null,
        "utm_term": null,
        "xcod": null,
        "fbclid": null,
        "gclid": null,
        "ttclid": null
    },
    "commission": {
        "totalPriceInCents": 6584,
        "gatewayFeeInCents": 0,
        "userCommissionInCents": 6584
    },
    "isTest": false
}
----------------------------------------
[2026-06-03 17:34:41] 📡 Enviando requisição para Utmify
Dados: {
    "url": "https:\/\/api.utmify.com.br\/api-credentials\/orders",
    "headers": [
        "Content-Type: application\/json",
        "x-api-token: [REDACTED]"
    ]
}
----------------------------------------
[2026-06-03 17:34:41] ✅ Resposta da API Utmify
Dados: {
    "http_code": 200,
    "response": {
        "OK": true,
        "data": [],
        "result": "SUCCESS"
    }
}
----------------------------------------
[2026-06-03 17:34:47] 📥 Dados recebidos do PayHubr
Dados: {
    "raw": "{\"orderId\":\"vpavpnw2d7\",\"platform\":\"PayHubr\",\"paymentMethod\":\"pix\",\"status\":\"paid\",\"createdAt\":\"2026-06-03T14:34:04-03:00\",\"approvedDate\":\"2026-06-03 17:34:47\",\"paidAt\":\"2026-06-03 17:34:47\",\"refundedAt\":null,\"customer\":{\"name\":\"Laura Teixeira Silva\",\"email\":\"laurateixeirasilva309@live.com\",\"phone\":null,\"document\":{\"number\":\"21932122796\",\"type\":\"CPF\"},\"country\":\"BR\",\"ip\":\"34.73.54.178\"},\"items\":[{\"id\":\"PROD_6a2065b77f474\",\"title\":\"Produto 65.84\",\"quantity\":1,\"unitPrice\":6584}],\"amount\":6584,\"fee\":{\"fixedAmount\":0,\"netAmount\":6584},\"trackingParameters\":[],\"isTest\":false}"
}
----------------------------------------
[2026-06-03 17:34:47] 🔄 Processando dados recebidos
Dados: {
    "orderId": "vpavpnw2d7",
    "platform": "PayHubr",
    "paymentMethod": "pix",
    "status": "paid",
    "createdAt": "2026-06-03T14:34:04-03:00",
    "approvedDate": "2026-06-03 17:34:47",
    "paidAt": "2026-06-03 17:34:47",
    "refundedAt": null,
    "customer": {
        "name": "Laura Teixeira Silva",
        "email": "laurateixeirasilva309@live.com",
        "phone": null,
        "document": {
            "number": "21932122796",
            "type": "CPF"
        },
        "country": "BR",
        "ip": "34.73.54.178"
    },
    "items": [
        {
            "id": "PROD_6a2065b77f474",
            "title": "Produto 65.84",
            "quantity": 1,
            "unitPrice": 6584
        }
    ],
    "amount": 6584,
    "fee": {
        "fixedAmount": 0,
        "netAmount": 6584
    },
    "trackingParameters": [],
    "isTest": false
}
----------------------------------------
[2026-06-03 17:34:47] 📤 Dados formatados para Utmify
Dados: {
    "orderId": "vpavpnw2d7",
    "platform": "PayHubr",
    "paymentMethod": "pix",
    "status": "paid",
    "createdAt": "2026-06-03 17:34:04",
    "approvedDate": "2026-06-03 17:34:47",
    "refundedAt": null,
    "customer": {
        "name": "Laura Teixeira Silva",
        "email": "laurateixeirasilva309@live.com",
        "phone": null,
        "document": "21932122796",
        "country": "BR",
        "ip": "2a02:4780:13:1234::105"
    },
    "products": [
        {
            "id": "PROD_6a2065b77f474",
            "name": "Produto 65.84",
            "planId": null,
            "planName": null,
            "quantity": 1,
            "priceInCents": 6584
        }
    ],
    "trackingParameters": {
        "src": null,
        "sck": null,
        "utm_source": null,
        "utm_campaign": null,
        "utm_medium": null,
        "utm_content": null,
        "utm_term": null,
        "xcod": null,
        "fbclid": null,
        "gclid": null,
        "ttclid": null
    },
    "commission": {
        "totalPriceInCents": 6584,
        "gatewayFeeInCents": 0,
        "userCommissionInCents": 6584
    },
    "isTest": false
}
----------------------------------------
[2026-06-03 17:34:47] 📡 Enviando requisição para Utmify
Dados: {
    "url": "https:\/\/api.utmify.com.br\/api-credentials\/orders",
    "headers": [
        "Content-Type: application\/json",
        "x-api-token: [REDACTED]"
    ]
}
----------------------------------------
[2026-06-03 17:34:47] ✅ Resposta da API Utmify
Dados: {
    "http_code": 200,
    "response": {
        "OK": true,
        "data": [],
        "result": "SUCCESS"
    }
}
----------------------------------------
[2026-06-03 17:35:09] 📥 Dados recebidos do PayHubr
Dados: {
    "raw": "{\"orderId\":\"vpa4nv63w5\",\"platform\":\"PayHubr\",\"paymentMethod\":\"pix\",\"status\":\"paid\",\"createdAt\":\"2026-06-03T14:34:05-03:00\",\"approvedDate\":\"2026-06-03 17:35:09\",\"paidAt\":\"2026-06-03 17:35:09\",\"refundedAt\":null,\"customer\":{\"name\":\"Roberto Ramos Coelho\",\"email\":\"robertoramoscoelho6410@yahoo.com.br\",\"phone\":null,\"document\":{\"number\":\"37279986285\",\"type\":\"CPF\"},\"country\":\"BR\",\"ip\":\"34.73.54.178\"},\"items\":[{\"id\":\"PROD_6a2065cd06c3e\",\"title\":\"Produto 65.84\",\"quantity\":1,\"unitPrice\":6584}],\"amount\":6584,\"fee\":{\"fixedAmount\":0,\"netAmount\":6584},\"trackingParameters\":[],\"isTest\":false}"
}
----------------------------------------
[2026-06-03 17:35:09] 🔄 Processando dados recebidos
Dados: {
    "orderId": "vpa4nv63w5",
    "platform": "PayHubr",
    "paymentMethod": "pix",
    "status": "paid",
    "createdAt": "2026-06-03T14:34:05-03:00",
    "approvedDate": "2026-06-03 17:35:09",
    "paidAt": "2026-06-03 17:35:09",
    "refundedAt": null,
    "customer": {
        "name": "Roberto Ramos Coelho",
        "email": "robertoramoscoelho6410@yahoo.com.br",
        "phone": null,
        "document": {
            "number": "37279986285",
            "type": "CPF"
        },
        "country": "BR",
        "ip": "34.73.54.178"
    },
    "items": [
        {
            "id": "PROD_6a2065cd06c3e",
            "title": "Produto 65.84",
            "quantity": 1,
            "unitPrice": 6584
        }
    ],
    "amount": 6584,
    "fee": {
        "fixedAmount": 0,
        "netAmount": 6584
    },
    "trackingParameters": [],
    "isTest": false
}
----------------------------------------
[2026-06-03 17:35:09] 📤 Dados formatados para Utmify
Dados: {
    "orderId": "vpa4nv63w5",
    "platform": "PayHubr",
    "paymentMethod": "pix",
    "status": "paid",
    "createdAt": "2026-06-03 17:34:05",
    "approvedDate": "2026-06-03 17:35:09",
    "refundedAt": null,
    "customer": {
        "name": "Roberto Ramos Coelho",
        "email": "robertoramoscoelho6410@yahoo.com.br",
        "phone": null,
        "document": "37279986285",
        "country": "BR",
        "ip": "2a02:4780:13:1234::105"
    },
    "products": [
        {
            "id": "PROD_6a2065cd06c3e",
            "name": "Produto 65.84",
            "planId": null,
            "planName": null,
            "quantity": 1,
            "priceInCents": 6584
        }
    ],
    "trackingParameters": {
        "src": null,
        "sck": null,
        "utm_source": null,
        "utm_campaign": null,
        "utm_medium": null,
        "utm_content": null,
        "utm_term": null,
        "xcod": null,
        "fbclid": null,
        "gclid": null,
        "ttclid": null
    },
    "commission": {
        "totalPriceInCents": 6584,
        "gatewayFeeInCents": 0,
        "userCommissionInCents": 6584
    },
    "isTest": false
}
----------------------------------------
[2026-06-03 17:35:09] 📡 Enviando requisição para Utmify
Dados: {
    "url": "https:\/\/api.utmify.com.br\/api-credentials\/orders",
    "headers": [
        "Content-Type: application\/json",
        "x-api-token: [REDACTED]"
    ]
}
----------------------------------------
[2026-06-03 17:35:09] ✅ Resposta da API Utmify
Dados: {
    "http_code": 200,
    "response": {
        "OK": true,
        "data": [],
        "result": "SUCCESS"
    }
}
----------------------------------------
[2026-06-03 17:35:25] 📥 Dados recebidos do PayHubr
Dados: {
    "raw": "{\"orderId\":\"vpadren8w6\",\"platform\":\"PayHubr\",\"paymentMethod\":\"pix\",\"status\":\"paid\",\"createdAt\":\"2026-06-03T14:34:57-03:00\",\"approvedDate\":\"2026-06-03 17:35:25\",\"paidAt\":\"2026-06-03 17:35:25\",\"refundedAt\":null,\"customer\":{\"name\":\"Luiz Silva Andrade\",\"email\":\"luizsilvaandrade5377@gmail.com\",\"phone\":null,\"document\":{\"number\":\"41732803862\",\"type\":\"CPF\"},\"country\":\"BR\",\"ip\":\"34.73.54.178\"},\"items\":[{\"id\":\"PROD_6a2065ddc10c1\",\"title\":\"Produto 65.84\",\"quantity\":1,\"unitPrice\":6584}],\"amount\":6584,\"fee\":{\"fixedAmount\":0,\"netAmount\":6584},\"trackingParameters\":[],\"isTest\":false}"
}
----------------------------------------
[2026-06-03 17:35:25] 🔄 Processando dados recebidos
Dados: {
    "orderId": "vpadren8w6",
    "platform": "PayHubr",
    "paymentMethod": "pix",
    "status": "paid",
    "createdAt": "2026-06-03T14:34:57-03:00",
    "approvedDate": "2026-06-03 17:35:25",
    "paidAt": "2026-06-03 17:35:25",
    "refundedAt": null,
    "customer": {
        "name": "Luiz Silva Andrade",
        "email": "luizsilvaandrade5377@gmail.com",
        "phone": null,
        "document": {
            "number": "41732803862",
            "type": "CPF"
        },
        "country": "BR",
        "ip": "34.73.54.178"
    },
    "items": [
        {
            "id": "PROD_6a2065ddc10c1",
            "title": "Produto 65.84",
            "quantity": 1,
            "unitPrice": 6584
        }
    ],
    "amount": 6584,
    "fee": {
        "fixedAmount": 0,
        "netAmount": 6584
    },
    "trackingParameters": [],
    "isTest": false
}
----------------------------------------
[2026-06-03 17:35:25] 📤 Dados formatados para Utmify
Dados: {
    "orderId": "vpadren8w6",
    "platform": "PayHubr",
    "paymentMethod": "pix",
    "status": "paid",
    "createdAt": "2026-06-03 17:34:57",
    "approvedDate": "2026-06-03 17:35:25",
    "refundedAt": null,
    "customer": {
        "name": "Luiz Silva Andrade",
        "email": "luizsilvaandrade5377@gmail.com",
        "phone": null,
        "document": "41732803862",
        "country": "BR",
        "ip": "2a02:4780:13:1234::105"
    },
    "products": [
        {
            "id": "PROD_6a2065ddc10c1",
            "name": "Produto 65.84",
            "planId": null,
            "planName": null,
            "quantity": 1,
            "priceInCents": 6584
        }
    ],
    "trackingParameters": {
        "src": null,
        "sck": null,
        "utm_source": null,
        "utm_campaign": null,
        "utm_medium": null,
        "utm_content": null,
        "utm_term": null,
        "xcod": null,
        "fbclid": null,
        "gclid": null,
        "ttclid": null
    },
    "commission": {
        "totalPriceInCents": 6584,
        "gatewayFeeInCents": 0,
        "userCommissionInCents": 6584
    },
    "isTest": false
}
----------------------------------------
[2026-06-03 17:35:25] 📡 Enviando requisição para Utmify
Dados: {
    "url": "https:\/\/api.utmify.com.br\/api-credentials\/orders",
    "headers": [
        "Content-Type: application\/json",
        "x-api-token: [REDACTED]"
    ]
}
----------------------------------------
[2026-06-03 17:35:25] ✅ Resposta da API Utmify
Dados: {
    "http_code": 200,
    "response": {
        "OK": true,
        "data": [],
        "result": "SUCCESS"
    }
}
----------------------------------------
[2026-06-03 17:36:03] 📥 Dados recebidos do PayHubr
Dados: {
    "raw": "{\"orderId\":\"vpankl5nj5\",\"platform\":\"PayHubr\",\"paymentMethod\":\"pix\",\"status\":\"paid\",\"createdAt\":\"2026-06-03T14:35:12-03:00\",\"approvedDate\":\"2026-06-03 17:36:03\",\"paidAt\":\"2026-06-03 17:36:03\",\"refundedAt\":null,\"customer\":{\"name\":\"Daniela Peixoto Coelho\",\"email\":\"danielapeixotocoelho8264@gmail.com\",\"phone\":null,\"document\":{\"number\":\"02425095926\",\"type\":\"CPF\"},\"country\":\"BR\",\"ip\":\"34.73.54.178\"},\"items\":[{\"id\":\"PROD_6a2066037e173\",\"title\":\"Produto 65.84\",\"quantity\":1,\"unitPrice\":6584}],\"amount\":6584,\"fee\":{\"fixedAmount\":0,\"netAmount\":6584},\"trackingParameters\":[],\"isTest\":false}"
}
----------------------------------------
[2026-06-03 17:36:03] 🔄 Processando dados recebidos
Dados: {
    "orderId": "vpankl5nj5",
    "platform": "PayHubr",
    "paymentMethod": "pix",
    "status": "paid",
    "createdAt": "2026-06-03T14:35:12-03:00",
    "approvedDate": "2026-06-03 17:36:03",
    "paidAt": "2026-06-03 17:36:03",
    "refundedAt": null,
    "customer": {
        "name": "Daniela Peixoto Coelho",
        "email": "danielapeixotocoelho8264@gmail.com",
        "phone": null,
        "document": {
            "number": "02425095926",
            "type": "CPF"
        },
        "country": "BR",
        "ip": "34.73.54.178"
    },
    "items": [
        {
            "id": "PROD_6a2066037e173",
            "title": "Produto 65.84",
            "quantity": 1,
            "unitPrice": 6584
        }
    ],
    "amount": 6584,
    "fee": {
        "fixedAmount": 0,
        "netAmount": 6584
    },
    "trackingParameters": [],
    "isTest": false
}
----------------------------------------
[2026-06-03 17:36:03] 📤 Dados formatados para Utmify
Dados: {
    "orderId": "vpankl5nj5",
    "platform": "PayHubr",
    "paymentMethod": "pix",
    "status": "paid",
    "createdAt": "2026-06-03 17:35:12",
    "approvedDate": "2026-06-03 17:36:03",
    "refundedAt": null,
    "customer": {
        "name": "Daniela Peixoto Coelho",
        "email": "danielapeixotocoelho8264@gmail.com",
        "phone": null,
        "document": "02425095926",
        "country": "BR",
        "ip": "2a02:4780:13:1234::105"
    },
    "products": [
        {
            "id": "PROD_6a2066037e173",
            "name": "Produto 65.84",
            "planId": null,
            "planName": null,
            "quantity": 1,
            "priceInCents": 6584
        }
    ],
    "trackingParameters": {
        "src": null,
        "sck": null,
        "utm_source": null,
        "utm_campaign": null,
        "utm_medium": null,
        "utm_content": null,
        "utm_term": null,
        "xcod": null,
        "fbclid": null,
        "gclid": null,
        "ttclid": null
    },
    "commission": {
        "totalPriceInCents": 6584,
        "gatewayFeeInCents": 0,
        "userCommissionInCents": 6584
    },
    "isTest": false
}
----------------------------------------
[2026-06-03 17:36:03] 📡 Enviando requisição para Utmify
Dados: {
    "url": "https:\/\/api.utmify.com.br\/api-credentials\/orders",
    "headers": [
        "Content-Type: application\/json",
        "x-api-token: [REDACTED]"
    ]
}
----------------------------------------
[2026-06-03 17:36:03] ✅ Resposta da API Utmify
Dados: {
    "http_code": 200,
    "response": {
        "OK": true,
        "data": [],
        "result": "SUCCESS"
    }
}
----------------------------------------
[2026-06-03 17:36:07] 📥 Dados recebidos do PayHubr
Dados: {
    "raw": "{\"orderId\":\"vpa736dlgm\",\"platform\":\"PayHubr\",\"paymentMethod\":\"pix\",\"status\":\"paid\",\"createdAt\":\"2026-06-03T14:35:03-03:00\",\"approvedDate\":\"2026-06-03 17:36:07\",\"paidAt\":\"2026-06-03 17:36:07\",\"refundedAt\":null,\"customer\":{\"name\":\"Simone Lima Borges\",\"email\":\"simonelimaborges9425@uol.com.br\",\"phone\":null,\"document\":{\"number\":\"61818643421\",\"type\":\"CPF\"},\"country\":\"BR\",\"ip\":\"34.73.54.178\"},\"items\":[{\"id\":\"PROD_6a2066075ac85\",\"title\":\"Produto 65.84\",\"quantity\":1,\"unitPrice\":6584}],\"amount\":6584,\"fee\":{\"fixedAmount\":0,\"netAmount\":6584},\"trackingParameters\":[],\"isTest\":false}"
}
----------------------------------------
[2026-06-03 17:36:07] 🔄 Processando dados recebidos
Dados: {
    "orderId": "vpa736dlgm",
    "platform": "PayHubr",
    "paymentMethod": "pix",
    "status": "paid",
    "createdAt": "2026-06-03T14:35:03-03:00",
    "approvedDate": "2026-06-03 17:36:07",
    "paidAt": "2026-06-03 17:36:07",
    "refundedAt": null,
    "customer": {
        "name": "Simone Lima Borges",
        "email": "simonelimaborges9425@uol.com.br",
        "phone": null,
        "document": {
            "number": "61818643421",
            "type": "CPF"
        },
        "country": "BR",
        "ip": "34.73.54.178"
    },
    "items": [
        {
            "id": "PROD_6a2066075ac85",
            "title": "Produto 65.84",
            "quantity": 1,
            "unitPrice": 6584
        }
    ],
    "amount": 6584,
    "fee": {
        "fixedAmount": 0,
        "netAmount": 6584
    },
    "trackingParameters": [],
    "isTest": false
}
----------------------------------------
[2026-06-03 17:36:07] 📤 Dados formatados para Utmify
Dados: {
    "orderId": "vpa736dlgm",
    "platform": "PayHubr",
    "paymentMethod": "pix",
    "status": "paid",
    "createdAt": "2026-06-03 17:35:03",
    "approvedDate": "2026-06-03 17:36:07",
    "refundedAt": null,
    "customer": {
        "name": "Simone Lima Borges",
        "email": "simonelimaborges9425@uol.com.br",
        "phone": null,
        "document": "61818643421",
        "country": "BR",
        "ip": "2a02:4780:13:1234::105"
    },
    "products": [
        {
            "id": "PROD_6a2066075ac85",
            "name": "Produto 65.84",
            "planId": null,
            "planName": null,
            "quantity": 1,
            "priceInCents": 6584
        }
    ],
    "trackingParameters": {
        "src": null,
        "sck": null,
        "utm_source": null,
        "utm_campaign": null,
        "utm_medium": null,
        "utm_content": null,
        "utm_term": null,
        "xcod": null,
        "fbclid": null,
        "gclid": null,
        "ttclid": null
    },
    "commission": {
        "totalPriceInCents": 6584,
        "gatewayFeeInCents": 0,
        "userCommissionInCents": 6584
    },
    "isTest": false
}
----------------------------------------
[2026-06-03 17:36:07] 📡 Enviando requisição para Utmify
Dados: {
    "url": "https:\/\/api.utmify.com.br\/api-credentials\/orders",
    "headers": [
        "Content-Type: application\/json",
        "x-api-token: [REDACTED]"
    ]
}
----------------------------------------
[2026-06-03 17:36:07] ✅ Resposta da API Utmify
Dados: {
    "http_code": 200,
    "response": {
        "OK": true,
        "data": [],
        "result": "SUCCESS"
    }
}
----------------------------------------
[2026-06-03 17:36:10] 📥 Dados recebidos do PayHubr
Dados: {
    "raw": "{\"orderId\":\"vpay0vdpmw\",\"platform\":\"PayHubr\",\"paymentMethod\":\"pix\",\"status\":\"paid\",\"createdAt\":\"2026-06-03T14:33:52-03:00\",\"approvedDate\":\"2026-06-03 17:36:10\",\"paidAt\":\"2026-06-03 17:36:10\",\"refundedAt\":null,\"customer\":{\"name\":\"Fernanda Coelho Rodrigues\",\"email\":\"fernandacoelhorodrigues1956@ig.com.br\",\"phone\":null,\"document\":{\"number\":\"20324529104\",\"type\":\"CPF\"},\"country\":\"BR\",\"ip\":\"34.73.54.178\"},\"items\":[{\"id\":\"PROD_6a20660a7b157\",\"title\":\"Produto 65.84\",\"quantity\":1,\"unitPrice\":6584}],\"amount\":6584,\"fee\":{\"fixedAmount\":0,\"netAmount\":6584},\"trackingParameters\":[],\"isTest\":false}"
}
----------------------------------------
[2026-06-03 17:36:10] 🔄 Processando dados recebidos
Dados: {
    "orderId": "vpay0vdpmw",
    "platform": "PayHubr",
    "paymentMethod": "pix",
    "status": "paid",
    "createdAt": "2026-06-03T14:33:52-03:00",
    "approvedDate": "2026-06-03 17:36:10",
    "paidAt": "2026-06-03 17:36:10",
    "refundedAt": null,
    "customer": {
        "name": "Fernanda Coelho Rodrigues",
        "email": "fernandacoelhorodrigues1956@ig.com.br",
        "phone": null,
        "document": {
            "number": "20324529104",
            "type": "CPF"
        },
        "country": "BR",
        "ip": "34.73.54.178"
    },
    "items": [
        {
            "id": "PROD_6a20660a7b157",
            "title": "Produto 65.84",
            "quantity": 1,
            "unitPrice": 6584
        }
    ],
    "amount": 6584,
    "fee": {
        "fixedAmount": 0,
        "netAmount": 6584
    },
    "trackingParameters": [],
    "isTest": false
}
----------------------------------------
[2026-06-03 17:36:10] 📤 Dados formatados para Utmify
Dados: {
    "orderId": "vpay0vdpmw",
    "platform": "PayHubr",
    "paymentMethod": "pix",
    "status": "paid",
    "createdAt": "2026-06-03 17:33:52",
    "approvedDate": "2026-06-03 17:36:10",
    "refundedAt": null,
    "customer": {
        "name": "Fernanda Coelho Rodrigues",
        "email": "fernandacoelhorodrigues1956@ig.com.br",
        "phone": null,
        "document": "20324529104",
        "country": "BR",
        "ip": "2a02:4780:13:1234::105"
    },
    "products": [
        {
            "id": "PROD_6a20660a7b157",
            "name": "Produto 65.84",
            "planId": null,
            "planName": null,
            "quantity": 1,
            "priceInCents": 6584
        }
    ],
    "trackingParameters": {
        "src": null,
        "sck": null,
        "utm_source": null,
        "utm_campaign": null,
        "utm_medium": null,
        "utm_content": null,
        "utm_term": null,
        "xcod": null,
        "fbclid": null,
        "gclid": null,
        "ttclid": null
    },
    "commission": {
        "totalPriceInCents": 6584,
        "gatewayFeeInCents": 0,
        "userCommissionInCents": 6584
    },
    "isTest": false
}
----------------------------------------
[2026-06-03 17:36:10] 📡 Enviando requisição para Utmify
Dados: {
    "url": "https:\/\/api.utmify.com.br\/api-credentials\/orders",
    "headers": [
        "Content-Type: application\/json",
        "x-api-token: [REDACTED]"
    ]
}
----------------------------------------
[2026-06-03 17:36:10] ✅ Resposta da API Utmify
Dados: {
    "http_code": 200,
    "response": {
        "OK": true,
        "data": [],
        "result": "SUCCESS"
    }
}
----------------------------------------
[2026-06-03 17:36:13] 📥 Dados recebidos do PayHubr
Dados: {
    "raw": "{\"orderId\":\"vpa1mn8kyw\",\"platform\":\"PayHubr\",\"paymentMethod\":\"pix\",\"status\":\"paid\",\"createdAt\":\"2026-06-03T14:34:28-03:00\",\"approvedDate\":\"2026-06-03 17:36:13\",\"paidAt\":\"2026-06-03 17:36:13\",\"refundedAt\":null,\"customer\":{\"name\":\"Caroline Machado Cavalcante\",\"email\":\"carolinemachadocavalcante8157@uol.com.br\",\"phone\":null,\"document\":{\"number\":\"99370769277\",\"type\":\"CPF\"},\"country\":\"BR\",\"ip\":\"34.73.54.178\"},\"items\":[{\"id\":\"PROD_6a20660d8929e\",\"title\":\"Produto 65.84\",\"quantity\":1,\"unitPrice\":6584}],\"amount\":6584,\"fee\":{\"fixedAmount\":0,\"netAmount\":6584},\"trackingParameters\":[],\"isTest\":false}"
}
----------------------------------------
[2026-06-03 17:36:13] 🔄 Processando dados recebidos
Dados: {
    "orderId": "vpa1mn8kyw",
    "platform": "PayHubr",
    "paymentMethod": "pix",
    "status": "paid",
    "createdAt": "2026-06-03T14:34:28-03:00",
    "approvedDate": "2026-06-03 17:36:13",
    "paidAt": "2026-06-03 17:36:13",
    "refundedAt": null,
    "customer": {
        "name": "Caroline Machado Cavalcante",
        "email": "carolinemachadocavalcante8157@uol.com.br",
        "phone": null,
        "document": {
            "number": "99370769277",
            "type": "CPF"
        },
        "country": "BR",
        "ip": "34.73.54.178"
    },
    "items": [
        {
            "id": "PROD_6a20660d8929e",
            "title": "Produto 65.84",
            "quantity": 1,
            "unitPrice": 6584
        }
    ],
    "amount": 6584,
    "fee": {
        "fixedAmount": 0,
        "netAmount": 6584
    },
    "trackingParameters": [],
    "isTest": false
}
----------------------------------------
[2026-06-03 17:36:13] 📤 Dados formatados para Utmify
Dados: {
    "orderId": "vpa1mn8kyw",
    "platform": "PayHubr",
    "paymentMethod": "pix",
    "status": "paid",
    "createdAt": "2026-06-03 17:34:28",
    "approvedDate": "2026-06-03 17:36:13",
    "refundedAt": null,
    "customer": {
        "name": "Caroline Machado Cavalcante",
        "email": "carolinemachadocavalcante8157@uol.com.br",
        "phone": null,
        "document": "99370769277",
        "country": "BR",
        "ip": "2a02:4780:13:1234::105"
    },
    "products": [
        {
            "id": "PROD_6a20660d8929e",
            "name": "Produto 65.84",
            "planId": null,
            "planName": null,
            "quantity": 1,
            "priceInCents": 6584
        }
    ],
    "trackingParameters": {
        "src": null,
        "sck": null,
        "utm_source": null,
        "utm_campaign": null,
        "utm_medium": null,
        "utm_content": null,
        "utm_term": null,
        "xcod": null,
        "fbclid": null,
        "gclid": null,
        "ttclid": null
    },
    "commission": {
        "totalPriceInCents": 6584,
        "gatewayFeeInCents": 0,
        "userCommissionInCents": 6584
    },
    "isTest": false
}
----------------------------------------
[2026-06-03 17:36:13] 📡 Enviando requisição para Utmify
Dados: {
    "url": "https:\/\/api.utmify.com.br\/api-credentials\/orders",
    "headers": [
        "Content-Type: application\/json",
        "x-api-token: [REDACTED]"
    ]
}
----------------------------------------
[2026-06-03 17:36:13] ✅ Resposta da API Utmify
Dados: {
    "http_code": 200,
    "response": {
        "OK": true,
        "data": [],
        "result": "SUCCESS"
    }
}
----------------------------------------
[2026-06-03 17:36:51] 📥 Dados recebidos do PayHubr
Dados: {
    "raw": "{\"orderId\":\"vpazp47zjp\",\"platform\":\"PayHubr\",\"paymentMethod\":\"pix\",\"status\":\"paid\",\"createdAt\":\"2026-06-03T14:36:06-03:00\",\"approvedDate\":\"2026-06-03 17:36:51\",\"paidAt\":\"2026-06-03 17:36:51\",\"refundedAt\":null,\"customer\":{\"name\":\"Debora Freitas Borges\",\"email\":\"deborafreitasborges4093@yahoo.com.br\",\"phone\":null,\"document\":{\"number\":\"58268433906\",\"type\":\"CPF\"},\"country\":\"BR\",\"ip\":\"34.73.54.178\"},\"items\":[{\"id\":\"PROD_6a20663349165\",\"title\":\"Produto 65.84\",\"quantity\":1,\"unitPrice\":6584}],\"amount\":6584,\"fee\":{\"fixedAmount\":0,\"netAmount\":6584},\"trackingParameters\":[],\"isTest\":false}"
}
----------------------------------------
[2026-06-03 17:36:51] 🔄 Processando dados recebidos
Dados: {
    "orderId": "vpazp47zjp",
    "platform": "PayHubr",
    "paymentMethod": "pix",
    "status": "paid",
    "createdAt": "2026-06-03T14:36:06-03:00",
    "approvedDate": "2026-06-03 17:36:51",
    "paidAt": "2026-06-03 17:36:51",
    "refundedAt": null,
    "customer": {
        "name": "Debora Freitas Borges",
        "email": "deborafreitasborges4093@yahoo.com.br",
        "phone": null,
        "document": {
            "number": "58268433906",
            "type": "CPF"
        },
        "country": "BR",
        "ip": "34.73.54.178"
    },
    "items": [
        {
            "id": "PROD_6a20663349165",
            "title": "Produto 65.84",
            "quantity": 1,
            "unitPrice": 6584
        }
    ],
    "amount": 6584,
    "fee": {
        "fixedAmount": 0,
        "netAmount": 6584
    },
    "trackingParameters": [],
    "isTest": false
}
----------------------------------------
[2026-06-03 17:36:51] 📤 Dados formatados para Utmify
Dados: {
    "orderId": "vpazp47zjp",
    "platform": "PayHubr",
    "paymentMethod": "pix",
    "status": "paid",
    "createdAt": "2026-06-03 17:36:06",
    "approvedDate": "2026-06-03 17:36:51",
    "refundedAt": null,
    "customer": {
        "name": "Debora Freitas Borges",
        "email": "deborafreitasborges4093@yahoo.com.br",
        "phone": null,
        "document": "58268433906",
        "country": "BR",
        "ip": "2a02:4780:13:1234::105"
    },
    "products": [
        {
            "id": "PROD_6a20663349165",
            "name": "Produto 65.84",
            "planId": null,
            "planName": null,
            "quantity": 1,
            "priceInCents": 6584
        }
    ],
    "trackingParameters": {
        "src": null,
        "sck": null,
        "utm_source": null,
        "utm_campaign": null,
        "utm_medium": null,
        "utm_content": null,
        "utm_term": null,
        "xcod": null,
        "fbclid": null,
        "gclid": null,
        "ttclid": null
    },
    "commission": {
        "totalPriceInCents": 6584,
        "gatewayFeeInCents": 0,
        "userCommissionInCents": 6584
    },
    "isTest": false
}
----------------------------------------
[2026-06-03 17:36:51] 📡 Enviando requisição para Utmify
Dados: {
    "url": "https:\/\/api.utmify.com.br\/api-credentials\/orders",
    "headers": [
        "Content-Type: application\/json",
        "x-api-token: [REDACTED]"
    ]
}
----------------------------------------
[2026-06-03 17:36:51] ✅ Resposta da API Utmify
Dados: {
    "http_code": 200,
    "response": {
        "OK": true,
        "data": [],
        "result": "SUCCESS"
    }
}
----------------------------------------
[2026-06-03 17:36:54] 📥 Dados recebidos do PayHubr
Dados: {
    "raw": "{\"orderId\":\"vpazp47zk8\",\"platform\":\"PayHubr\",\"paymentMethod\":\"pix\",\"status\":\"paid\",\"createdAt\":\"2026-06-03T14:33:30-03:00\",\"approvedDate\":\"2026-06-03 17:36:54\",\"paidAt\":\"2026-06-03 17:36:54\",\"refundedAt\":null,\"customer\":{\"name\":\"Sofia Batista Pereira\",\"email\":\"sofiabatistapereira6502@uol.com.br\",\"phone\":null,\"document\":{\"number\":\"88418271574\",\"type\":\"CPF\"},\"country\":\"BR\",\"ip\":\"34.73.54.178\"},\"items\":[{\"id\":\"PROD_6a206636a328a\",\"title\":\"Produto 65.84\",\"quantity\":1,\"unitPrice\":6584}],\"amount\":6584,\"fee\":{\"fixedAmount\":0,\"netAmount\":6584},\"trackingParameters\":[],\"isTest\":false}"
}
----------------------------------------
[2026-06-03 17:36:54] 🔄 Processando dados recebidos
Dados: {
    "orderId": "vpazp47zk8",
    "platform": "PayHubr",
    "paymentMethod": "pix",
    "status": "paid",
    "createdAt": "2026-06-03T14:33:30-03:00",
    "approvedDate": "2026-06-03 17:36:54",
    "paidAt": "2026-06-03 17:36:54",
    "refundedAt": null,
    "customer": {
        "name": "Sofia Batista Pereira",
        "email": "sofiabatistapereira6502@uol.com.br",
        "phone": null,
        "document": {
            "number": "88418271574",
            "type": "CPF"
        },
        "country": "BR",
        "ip": "34.73.54.178"
    },
    "items": [
        {
            "id": "PROD_6a206636a328a",
            "title": "Produto 65.84",
            "quantity": 1,
            "unitPrice": 6584
        }
    ],
    "amount": 6584,
    "fee": {
        "fixedAmount": 0,
        "netAmount": 6584
    },
    "trackingParameters": [],
    "isTest": false
}
----------------------------------------
[2026-06-03 17:36:54] 📤 Dados formatados para Utmify
Dados: {
    "orderId": "vpazp47zk8",
    "platform": "PayHubr",
    "paymentMethod": "pix",
    "status": "paid",
    "createdAt": "2026-06-03 17:33:30",
    "approvedDate": "2026-06-03 17:36:54",
    "refundedAt": null,
    "customer": {
        "name": "Sofia Batista Pereira",
        "email": "sofiabatistapereira6502@uol.com.br",
        "phone": null,
        "document": "88418271574",
        "country": "BR",
        "ip": "2a02:4780:13:1234::105"
    },
    "products": [
        {
            "id": "PROD_6a206636a328a",
            "name": "Produto 65.84",
            "planId": null,
            "planName": null,
            "quantity": 1,
            "priceInCents": 6584
        }
    ],
    "trackingParameters": {
        "src": null,
        "sck": null,
        "utm_source": null,
        "utm_campaign": null,
        "utm_medium": null,
        "utm_content": null,
        "utm_term": null,
        "xcod": null,
        "fbclid": null,
        "gclid": null,
        "ttclid": null
    },
    "commission": {
        "totalPriceInCents": 6584,
        "gatewayFeeInCents": 0,
        "userCommissionInCents": 6584
    },
    "isTest": false
}
----------------------------------------
[2026-06-03 17:36:54] 📡 Enviando requisição para Utmify
Dados: {
    "url": "https:\/\/api.utmify.com.br\/api-credentials\/orders",
    "headers": [
        "Content-Type: application\/json",
        "x-api-token: [REDACTED]"
    ]
}
----------------------------------------
[2026-06-03 17:36:54] ✅ Resposta da API Utmify
Dados: {
    "http_code": 200,
    "response": {
        "OK": true,
        "data": [],
        "result": "SUCCESS"
    }
}
----------------------------------------
[2026-06-03 17:37:48] 📥 Dados recebidos do PayHubr
Dados: {
    "raw": "{\"orderId\":\"vpa6ve60k3\",\"platform\":\"PayHubr\",\"paymentMethod\":\"pix\",\"status\":\"paid\",\"createdAt\":\"2026-06-03T14:36:10-03:00\",\"approvedDate\":\"2026-06-03 17:37:48\",\"paidAt\":\"2026-06-03 17:37:48\",\"refundedAt\":null,\"customer\":{\"name\":\"Elias Moura Ribeiro\",\"email\":\"eliasmouraribeiro5805@ig.com.br\",\"phone\":null,\"document\":{\"number\":\"63798024014\",\"type\":\"CPF\"},\"country\":\"BR\",\"ip\":\"34.73.54.178\"},\"items\":[{\"id\":\"PROD_6a20666cad909\",\"title\":\"Produto 65.84\",\"quantity\":1,\"unitPrice\":6584}],\"amount\":6584,\"fee\":{\"fixedAmount\":0,\"netAmount\":6584},\"trackingParameters\":[],\"isTest\":false}"
}
----------------------------------------
[2026-06-03 17:37:48] 🔄 Processando dados recebidos
Dados: {
    "orderId": "vpa6ve60k3",
    "platform": "PayHubr",
    "paymentMethod": "pix",
    "status": "paid",
    "createdAt": "2026-06-03T14:36:10-03:00",
    "approvedDate": "2026-06-03 17:37:48",
    "paidAt": "2026-06-03 17:37:48",
    "refundedAt": null,
    "customer": {
        "name": "Elias Moura Ribeiro",
        "email": "eliasmouraribeiro5805@ig.com.br",
        "phone": null,
        "document": {
            "number": "63798024014",
            "type": "CPF"
        },
        "country": "BR",
        "ip": "34.73.54.178"
    },
    "items": [
        {
            "id": "PROD_6a20666cad909",
            "title": "Produto 65.84",
            "quantity": 1,
            "unitPrice": 6584
        }
    ],
    "amount": 6584,
    "fee": {
        "fixedAmount": 0,
        "netAmount": 6584
    },
    "trackingParameters": [],
    "isTest": false
}
----------------------------------------
[2026-06-03 17:37:48] 📤 Dados formatados para Utmify
Dados: {
    "orderId": "vpa6ve60k3",
    "platform": "PayHubr",
    "paymentMethod": "pix",
    "status": "paid",
    "createdAt": "2026-06-03 17:36:10",
    "approvedDate": "2026-06-03 17:37:48",
    "refundedAt": null,
    "customer": {
        "name": "Elias Moura Ribeiro",
        "email": "eliasmouraribeiro5805@ig.com.br",
        "phone": null,
        "document": "63798024014",
        "country": "BR",
        "ip": "2a02:4780:13:1234::105"
    },
    "products": [
        {
            "id": "PROD_6a20666cad909",
            "name": "Produto 65.84",
            "planId": null,
            "planName": null,
            "quantity": 1,
            "priceInCents": 6584
        }
    ],
    "trackingParameters": {
        "src": null,
        "sck": null,
        "utm_source": null,
        "utm_campaign": null,
        "utm_medium": null,
        "utm_content": null,
        "utm_term": null,
        "xcod": null,
        "fbclid": null,
        "gclid": null,
        "ttclid": null
    },
    "commission": {
        "totalPriceInCents": 6584,
        "gatewayFeeInCents": 0,
        "userCommissionInCents": 6584
    },
    "isTest": false
}
----------------------------------------
[2026-06-03 17:37:48] 📡 Enviando requisição para Utmify
Dados: {
    "url": "https:\/\/api.utmify.com.br\/api-credentials\/orders",
    "headers": [
        "Content-Type: application\/json",
        "x-api-token: [REDACTED]"
    ]
}
----------------------------------------
[2026-06-03 17:37:48] ✅ Resposta da API Utmify
Dados: {
    "http_code": 200,
    "response": {
        "OK": true,
        "data": [],
        "result": "SUCCESS"
    }
}
----------------------------------------
[2026-06-03 17:39:53] 📥 Dados recebidos do PayHubr
Dados: {
    "raw": "{\"orderId\":\"vpag4dold0\",\"platform\":\"PayHubr\",\"paymentMethod\":\"pix\",\"status\":\"paid\",\"createdAt\":\"2026-06-03T14:39:11-03:00\",\"approvedDate\":\"2026-06-03 17:39:53\",\"paidAt\":\"2026-06-03 17:39:53\",\"refundedAt\":null,\"customer\":{\"name\":\"Julia Freitas Ferreira\",\"email\":\"juliafreitasferreira4727@live.com\",\"phone\":null,\"document\":{\"number\":\"80094509107\",\"type\":\"CPF\"},\"country\":\"BR\",\"ip\":\"34.73.54.178\"},\"items\":[{\"id\":\"PROD_6a2066e91afb1\",\"title\":\"Produto 65.84\",\"quantity\":1,\"unitPrice\":6584}],\"amount\":6584,\"fee\":{\"fixedAmount\":0,\"netAmount\":6584},\"trackingParameters\":[],\"isTest\":false}"
}
----------------------------------------
[2026-06-03 17:39:53] 🔄 Processando dados recebidos
Dados: {
    "orderId": "vpag4dold0",
    "platform": "PayHubr",
    "paymentMethod": "pix",
    "status": "paid",
    "createdAt": "2026-06-03T14:39:11-03:00",
    "approvedDate": "2026-06-03 17:39:53",
    "paidAt": "2026-06-03 17:39:53",
    "refundedAt": null,
    "customer": {
        "name": "Julia Freitas Ferreira",
        "email": "juliafreitasferreira4727@live.com",
        "phone": null,
        "document": {
            "number": "80094509107",
            "type": "CPF"
        },
        "country": "BR",
        "ip": "34.73.54.178"
    },
    "items": [
        {
            "id": "PROD_6a2066e91afb1",
            "title": "Produto 65.84",
            "quantity": 1,
            "unitPrice": 6584
        }
    ],
    "amount": 6584,
    "fee": {
        "fixedAmount": 0,
        "netAmount": 6584
    },
    "trackingParameters": [],
    "isTest": false
}
----------------------------------------
[2026-06-03 17:39:53] 📤 Dados formatados para Utmify
Dados: {
    "orderId": "vpag4dold0",
    "platform": "PayHubr",
    "paymentMethod": "pix",
    "status": "paid",
    "createdAt": "2026-06-03 17:39:11",
    "approvedDate": "2026-06-03 17:39:53",
    "refundedAt": null,
    "customer": {
        "name": "Julia Freitas Ferreira",
        "email": "juliafreitasferreira4727@live.com",
        "phone": null,
        "document": "80094509107",
        "country": "BR",
        "ip": "2a02:4780:13:1234::105"
    },
    "products": [
        {
            "id": "PROD_6a2066e91afb1",
            "name": "Produto 65.84",
            "planId": null,
            "planName": null,
            "quantity": 1,
            "priceInCents": 6584
        }
    ],
    "trackingParameters": {
        "src": null,
        "sck": null,
        "utm_source": null,
        "utm_campaign": null,
        "utm_medium": null,
        "utm_content": null,
        "utm_term": null,
        "xcod": null,
        "fbclid": null,
        "gclid": null,
        "ttclid": null
    },
    "commission": {
        "totalPriceInCents": 6584,
        "gatewayFeeInCents": 0,
        "userCommissionInCents": 6584
    },
    "isTest": false
}
----------------------------------------
[2026-06-03 17:39:53] 📡 Enviando requisição para Utmify
Dados: {
    "url": "https:\/\/api.utmify.com.br\/api-credentials\/orders",
    "headers": [
        "Content-Type: application\/json",
        "x-api-token: [REDACTED]"
    ]
}
----------------------------------------
[2026-06-03 17:39:53] ✅ Resposta da API Utmify
Dados: {
    "http_code": 200,
    "response": {
        "OK": true,
        "data": [],
        "result": "SUCCESS"
    }
}
----------------------------------------
[2026-06-03 17:41:25] 📥 Dados recebidos do PayHubr
Dados: {
    "raw": "{\"orderId\":\"vpazp47ppr\",\"platform\":\"PayHubr\",\"paymentMethod\":\"pix\",\"status\":\"paid\",\"createdAt\":\"2026-06-03T14:40:18-03:00\",\"approvedDate\":\"2026-06-03 17:41:25\",\"paidAt\":\"2026-06-03 17:41:25\",\"refundedAt\":null,\"customer\":{\"name\":\"Vitor Santos Gomes\",\"email\":\"vitorsantosgomes6954@live.com\",\"phone\":null,\"document\":{\"number\":\"30630334137\",\"type\":\"CPF\"},\"country\":\"BR\",\"ip\":\"34.73.54.178\"},\"items\":[{\"id\":\"PROD_6a2067457f667\",\"title\":\"Produto 65.84\",\"quantity\":1,\"unitPrice\":6584}],\"amount\":6584,\"fee\":{\"fixedAmount\":0,\"netAmount\":6584},\"trackingParameters\":[],\"isTest\":false}"
}
----------------------------------------
[2026-06-03 17:41:25] 🔄 Processando dados recebidos
Dados: {
    "orderId": "vpazp47ppr",
    "platform": "PayHubr",
    "paymentMethod": "pix",
    "status": "paid",
    "createdAt": "2026-06-03T14:40:18-03:00",
    "approvedDate": "2026-06-03 17:41:25",
    "paidAt": "2026-06-03 17:41:25",
    "refundedAt": null,
    "customer": {
        "name": "Vitor Santos Gomes",
        "email": "vitorsantosgomes6954@live.com",
        "phone": null,
        "document": {
            "number": "30630334137",
            "type": "CPF"
        },
        "country": "BR",
        "ip": "34.73.54.178"
    },
    "items": [
        {
            "id": "PROD_6a2067457f667",
            "title": "Produto 65.84",
            "quantity": 1,
            "unitPrice": 6584
        }
    ],
    "amount": 6584,
    "fee": {
        "fixedAmount": 0,
        "netAmount": 6584
    },
    "trackingParameters": [],
    "isTest": false
}
----------------------------------------
[2026-06-03 17:41:25] 📤 Dados formatados para Utmify
Dados: {
    "orderId": "vpazp47ppr",
    "platform": "PayHubr",
    "paymentMethod": "pix",
    "status": "paid",
    "createdAt": "2026-06-03 17:40:18",
    "approvedDate": "2026-06-03 17:41:25",
    "refundedAt": null,
    "customer": {
        "name": "Vitor Santos Gomes",
        "email": "vitorsantosgomes6954@live.com",
        "phone": null,
        "document": "30630334137",
        "country": "BR",
        "ip": "2a02:4780:13:1234::105"
    },
    "products": [
        {
            "id": "PROD_6a2067457f667",
            "name": "Produto 65.84",
            "planId": null,
            "planName": null,
            "quantity": 1,
            "priceInCents": 6584
        }
    ],
    "trackingParameters": {
        "src": null,
        "sck": null,
        "utm_source": null,
        "utm_campaign": null,
        "utm_medium": null,
        "utm_content": null,
        "utm_term": null,
        "xcod": null,
        "fbclid": null,
        "gclid": null,
        "ttclid": null
    },
    "commission": {
        "totalPriceInCents": 6584,
        "gatewayFeeInCents": 0,
        "userCommissionInCents": 6584
    },
    "isTest": false
}
----------------------------------------
[2026-06-03 17:41:25] 📡 Enviando requisição para Utmify
Dados: {
    "url": "https:\/\/api.utmify.com.br\/api-credentials\/orders",
    "headers": [
        "Content-Type: application\/json",
        "x-api-token: [REDACTED]"
    ]
}
----------------------------------------
[2026-06-03 17:41:25] ✅ Resposta da API Utmify
Dados: {
    "http_code": 200,
    "response": {
        "OK": true,
        "data": [],
        "result": "SUCCESS"
    }
}
----------------------------------------
[2026-06-03 17:41:29] 📥 Dados recebidos do PayHubr
Dados: {
    "raw": "{\"orderId\":\"vpaeo6pok7\",\"platform\":\"PayHubr\",\"paymentMethod\":\"pix\",\"status\":\"paid\",\"createdAt\":\"2026-06-03T14:40:52-03:00\",\"approvedDate\":\"2026-06-03 17:41:29\",\"paidAt\":\"2026-06-03 17:41:29\",\"refundedAt\":null,\"customer\":{\"name\":\"Larissa Fernandes Lopes\",\"email\":\"larissafernandeslopes6703@msn.com\",\"phone\":null,\"document\":{\"number\":\"86110971499\",\"type\":\"CPF\"},\"country\":\"BR\",\"ip\":\"34.73.54.178\"},\"items\":[{\"id\":\"PROD_6a2067490fca6\",\"title\":\"Produto 65.84\",\"quantity\":1,\"unitPrice\":6584}],\"amount\":6584,\"fee\":{\"fixedAmount\":0,\"netAmount\":6584},\"trackingParameters\":[],\"isTest\":false}"
}
----------------------------------------
[2026-06-03 17:41:29] 🔄 Processando dados recebidos
Dados: {
    "orderId": "vpaeo6pok7",
    "platform": "PayHubr",
    "paymentMethod": "pix",
    "status": "paid",
    "createdAt": "2026-06-03T14:40:52-03:00",
    "approvedDate": "2026-06-03 17:41:29",
    "paidAt": "2026-06-03 17:41:29",
    "refundedAt": null,
    "customer": {
        "name": "Larissa Fernandes Lopes",
        "email": "larissafernandeslopes6703@msn.com",
        "phone": null,
        "document": {
            "number": "86110971499",
            "type": "CPF"
        },
        "country": "BR",
        "ip": "34.73.54.178"
    },
    "items": [
        {
            "id": "PROD_6a2067490fca6",
            "title": "Produto 65.84",
            "quantity": 1,
            "unitPrice": 6584
        }
    ],
    "amount": 6584,
    "fee": {
        "fixedAmount": 0,
        "netAmount": 6584
    },
    "trackingParameters": [],
    "isTest": false
}
----------------------------------------
[2026-06-03 17:41:29] 📤 Dados formatados para Utmify
Dados: {
    "orderId": "vpaeo6pok7",
    "platform": "PayHubr",
    "paymentMethod": "pix",
    "status": "paid",
    "createdAt": "2026-06-03 17:40:52",
    "approvedDate": "2026-06-03 17:41:29",
    "refundedAt": null,
    "customer": {
        "name": "Larissa Fernandes Lopes",
        "email": "larissafernandeslopes6703@msn.com",
        "phone": null,
        "document": "86110971499",
        "country": "BR",
        "ip": "2a02:4780:13:1234::105"
    },
    "products": [
        {
            "id": "PROD_6a2067490fca6",
            "name": "Produto 65.84",
            "planId": null,
            "planName": null,
            "quantity": 1,
            "priceInCents": 6584
        }
    ],
    "trackingParameters": {
        "src": null,
        "sck": null,
        "utm_source": null,
        "utm_campaign": null,
        "utm_medium": null,
        "utm_content": null,
        "utm_term": null,
        "xcod": null,
        "fbclid": null,
        "gclid": null,
        "ttclid": null
    },
    "commission": {
        "totalPriceInCents": 6584,
        "gatewayFeeInCents": 0,
        "userCommissionInCents": 6584
    },
    "isTest": false
}
----------------------------------------
[2026-06-03 17:41:29] 📡 Enviando requisição para Utmify
Dados: {
    "url": "https:\/\/api.utmify.com.br\/api-credentials\/orders",
    "headers": [
        "Content-Type: application\/json",
        "x-api-token: [REDACTED]"
    ]
}
----------------------------------------
[2026-06-03 17:41:29] ✅ Resposta da API Utmify
Dados: {
    "http_code": 200,
    "response": {
        "OK": true,
        "data": [],
        "result": "SUCCESS"
    }
}
----------------------------------------
[2026-06-03 17:41:41] 📥 Dados recebidos do PayHubr
Dados: {
    "raw": "{\"orderId\":\"vpag4do445\",\"platform\":\"PayHubr\",\"paymentMethod\":\"pix\",\"status\":\"paid\",\"createdAt\":\"2026-06-03T14:40:40-03:00\",\"approvedDate\":\"2026-06-03 17:41:41\",\"paidAt\":\"2026-06-03 17:41:41\",\"refundedAt\":null,\"customer\":{\"name\":\"Antonio Soares Figueiredo\",\"email\":\"antoniosoaresfigueiredo1488@r7.com\",\"phone\":null,\"document\":{\"number\":\"29197663093\",\"type\":\"CPF\"},\"country\":\"BR\",\"ip\":\"34.73.54.178\"},\"items\":[{\"id\":\"PROD_6a206755326ac\",\"title\":\"Produto 65.84\",\"quantity\":1,\"unitPrice\":6584}],\"amount\":6584,\"fee\":{\"fixedAmount\":0,\"netAmount\":6584},\"trackingParameters\":[],\"isTest\":false}"
}
----------------------------------------
[2026-06-03 17:41:41] 🔄 Processando dados recebidos
Dados: {
    "orderId": "vpag4do445",
    "platform": "PayHubr",
    "paymentMethod": "pix",
    "status": "paid",
    "createdAt": "2026-06-03T14:40:40-03:00",
    "approvedDate": "2026-06-03 17:41:41",
    "paidAt": "2026-06-03 17:41:41",
    "refundedAt": null,
    "customer": {
        "name": "Antonio Soares Figueiredo",
        "email": "antoniosoaresfigueiredo1488@r7.com",
        "phone": null,
        "document": {
            "number": "29197663093",
            "type": "CPF"
        },
        "country": "BR",
        "ip": "34.73.54.178"
    },
    "items": [
        {
            "id": "PROD_6a206755326ac",
            "title": "Produto 65.84",
            "quantity": 1,
            "unitPrice": 6584
        }
    ],
    "amount": 6584,
    "fee": {
        "fixedAmount": 0,
        "netAmount": 6584
    },
    "trackingParameters": [],
    "isTest": false
}
----------------------------------------
[2026-06-03 17:41:41] 📤 Dados formatados para Utmify
Dados: {
    "orderId": "vpag4do445",
    "platform": "PayHubr",
    "paymentMethod": "pix",
    "status": "paid",
    "createdAt": "2026-06-03 17:40:40",
    "approvedDate": "2026-06-03 17:41:41",
    "refundedAt": null,
    "customer": {
        "name": "Antonio Soares Figueiredo",
        "email": "antoniosoaresfigueiredo1488@r7.com",
        "phone": null,
        "document": "29197663093",
        "country": "BR",
        "ip": "2a02:4780:13:1234::105"
    },
    "products": [
        {
            "id": "PROD_6a206755326ac",
            "name": "Produto 65.84",
            "planId": null,
            "planName": null,
            "quantity": 1,
            "priceInCents": 6584
        }
    ],
    "trackingParameters": {
        "src": null,
        "sck": null,
        "utm_source": null,
        "utm_campaign": null,
        "utm_medium": null,
        "utm_content": null,
        "utm_term": null,
        "xcod": null,
        "fbclid": null,
        "gclid": null,
        "ttclid": null
    },
    "commission": {
        "totalPriceInCents": 6584,
        "gatewayFeeInCents": 0,
        "userCommissionInCents": 6584
    },
    "isTest": false
}
----------------------------------------
[2026-06-03 17:41:41] 📡 Enviando requisição para Utmify
Dados: {
    "url": "https:\/\/api.utmify.com.br\/api-credentials\/orders",
    "headers": [
        "Content-Type: application\/json",
        "x-api-token: [REDACTED]"
    ]
}
----------------------------------------
[2026-06-03 17:41:41] ✅ Resposta da API Utmify
Dados: {
    "http_code": 200,
    "response": {
        "OK": true,
        "data": [],
        "result": "SUCCESS"
    }
}
----------------------------------------
[2026-06-03 17:43:18] 📥 Dados recebidos do PayHubr
Dados: {
    "raw": "{\"orderId\":\"vpaon5kn3n\",\"platform\":\"PayHubr\",\"paymentMethod\":\"pix\",\"status\":\"paid\",\"createdAt\":\"2026-06-03T14:41:37-03:00\",\"approvedDate\":\"2026-06-03 17:43:18\",\"paidAt\":\"2026-06-03 17:43:18\",\"refundedAt\":null,\"customer\":{\"name\":\"Carlos Tavares Correia\",\"email\":\"carlostavarescorreia3296@hotmail.com\",\"phone\":null,\"document\":{\"number\":\"58452590610\",\"type\":\"CPF\"},\"country\":\"BR\",\"ip\":\"34.73.54.178\"},\"items\":[{\"id\":\"PROD_6a2067b61624e\",\"title\":\"Produto 65.84\",\"quantity\":1,\"unitPrice\":6584}],\"amount\":6584,\"fee\":{\"fixedAmount\":0,\"netAmount\":6584},\"trackingParameters\":[],\"isTest\":false}"
}
----------------------------------------
[2026-06-03 17:43:18] 🔄 Processando dados recebidos
Dados: {
    "orderId": "vpaon5kn3n",
    "platform": "PayHubr",
    "paymentMethod": "pix",
    "status": "paid",
    "createdAt": "2026-06-03T14:41:37-03:00",
    "approvedDate": "2026-06-03 17:43:18",
    "paidAt": "2026-06-03 17:43:18",
    "refundedAt": null,
    "customer": {
        "name": "Carlos Tavares Correia",
        "email": "carlostavarescorreia3296@hotmail.com",
        "phone": null,
        "document": {
            "number": "58452590610",
            "type": "CPF"
        },
        "country": "BR",
        "ip": "34.73.54.178"
    },
    "items": [
        {
            "id": "PROD_6a2067b61624e",
            "title": "Produto 65.84",
            "quantity": 1,
            "unitPrice": 6584
        }
    ],
    "amount": 6584,
    "fee": {
        "fixedAmount": 0,
        "netAmount": 6584
    },
    "trackingParameters": [],
    "isTest": false
}
----------------------------------------
[2026-06-03 17:43:18] 📤 Dados formatados para Utmify
Dados: {
    "orderId": "vpaon5kn3n",
    "platform": "PayHubr",
    "paymentMethod": "pix",
    "status": "paid",
    "createdAt": "2026-06-03 17:41:37",
    "approvedDate": "2026-06-03 17:43:18",
    "refundedAt": null,
    "customer": {
        "name": "Carlos Tavares Correia",
        "email": "carlostavarescorreia3296@hotmail.com",
        "phone": null,
        "document": "58452590610",
        "country": "BR",
        "ip": "2a02:4780:13:1234::105"
    },
    "products": [
        {
            "id": "PROD_6a2067b61624e",
            "name": "Produto 65.84",
            "planId": null,
            "planName": null,
            "quantity": 1,
            "priceInCents": 6584
        }
    ],
    "trackingParameters": {
        "src": null,
        "sck": null,
        "utm_source": null,
        "utm_campaign": null,
        "utm_medium": null,
        "utm_content": null,
        "utm_term": null,
        "xcod": null,
        "fbclid": null,
        "gclid": null,
        "ttclid": null
    },
    "commission": {
        "totalPriceInCents": 6584,
        "gatewayFeeInCents": 0,
        "userCommissionInCents": 6584
    },
    "isTest": false
}
----------------------------------------
[2026-06-03 17:43:18] 📡 Enviando requisição para Utmify
Dados: {
    "url": "https:\/\/api.utmify.com.br\/api-credentials\/orders",
    "headers": [
        "Content-Type: application\/json",
        "x-api-token: [REDACTED]"
    ]
}
----------------------------------------
[2026-06-03 17:43:18] ✅ Resposta da API Utmify
Dados: {
    "http_code": 200,
    "response": {
        "OK": true,
        "data": [],
        "result": "SUCCESS"
    }
}
----------------------------------------
[2026-06-03 17:43:18] 📥 Dados recebidos do PayHubr
Dados: {
    "raw": "{\"orderId\":\"vpa736d31z\",\"platform\":\"PayHubr\",\"paymentMethod\":\"pix\",\"status\":\"paid\",\"createdAt\":\"2026-06-03T14:42:43-03:00\",\"approvedDate\":\"2026-06-03 17:43:18\",\"paidAt\":\"2026-06-03 17:43:18\",\"refundedAt\":null,\"customer\":{\"name\":\"Sophia Vieira Barros\",\"email\":\"sophiavieirabarros5739@ig.com.br\",\"phone\":null,\"document\":{\"number\":\"63716053210\",\"type\":\"CPF\"},\"country\":\"BR\",\"ip\":\"34.73.54.178\"},\"items\":[{\"id\":\"PROD_6a2067b632446\",\"title\":\"Produto 65.84\",\"quantity\":1,\"unitPrice\":6584}],\"amount\":6584,\"fee\":{\"fixedAmount\":0,\"netAmount\":6584},\"trackingParameters\":[],\"isTest\":false}"
}
----------------------------------------
[2026-06-03 17:43:18] 🔄 Processando dados recebidos
Dados: {
    "orderId": "vpa736d31z",
    "platform": "PayHubr",
    "paymentMethod": "pix",
    "status": "paid",
    "createdAt": "2026-06-03T14:42:43-03:00",
    "approvedDate": "2026-06-03 17:43:18",
    "paidAt": "2026-06-03 17:43:18",
    "refundedAt": null,
    "customer": {
        "name": "Sophia Vieira Barros",
        "email": "sophiavieirabarros5739@ig.com.br",
        "phone": null,
        "document": {
            "number": "63716053210",
            "type": "CPF"
        },
        "country": "BR",
        "ip": "34.73.54.178"
    },
    "items": [
        {
            "id": "PROD_6a2067b632446",
            "title": "Produto 65.84",
            "quantity": 1,
            "unitPrice": 6584
        }
    ],
    "amount": 6584,
    "fee": {
        "fixedAmount": 0,
        "netAmount": 6584
    },
    "trackingParameters": [],
    "isTest": false
}
----------------------------------------
[2026-06-03 17:43:18] 📤 Dados formatados para Utmify
Dados: {
    "orderId": "vpa736d31z",
    "platform": "PayHubr",
    "paymentMethod": "pix",
    "status": "paid",
    "createdAt": "2026-06-03 17:42:43",
    "approvedDate": "2026-06-03 17:43:18",
    "refundedAt": null,
    "customer": {
        "name": "Sophia Vieira Barros",
        "email": "sophiavieirabarros5739@ig.com.br",
        "phone": null,
        "document": "63716053210",
        "country": "BR",
        "ip": "2a02:4780:13:1234::105"
    },
    "products": [
        {
            "id": "PROD_6a2067b632446",
            "name": "Produto 65.84",
            "planId": null,
            "planName": null,
            "quantity": 1,
            "priceInCents": 6584
        }
    ],
    "trackingParameters": {
        "src": null,
        "sck": null,
        "utm_source": null,
        "utm_campaign": null,
        "utm_medium": null,
        "utm_content": null,
        "utm_term": null,
        "xcod": null,
        "fbclid": null,
        "gclid": null,
        "ttclid": null
    },
    "commission": {
        "totalPriceInCents": 6584,
        "gatewayFeeInCents": 0,
        "userCommissionInCents": 6584
    },
    "isTest": false
}
----------------------------------------
[2026-06-03 17:43:18] 📡 Enviando requisição para Utmify
Dados: {
    "url": "https:\/\/api.utmify.com.br\/api-credentials\/orders",
    "headers": [
        "Content-Type: application\/json",
        "x-api-token: [REDACTED]"
    ]
}
----------------------------------------
[2026-06-03 17:43:18] ✅ Resposta da API Utmify
Dados: {
    "http_code": 200,
    "response": {
        "OK": true,
        "data": [],
        "result": "SUCCESS"
    }
}
----------------------------------------
[2026-06-03 17:44:45] 📥 Dados recebidos do PayHubr
Dados: {
    "raw": "{\"orderId\":\"vpawp15p2g\",\"platform\":\"PayHubr\",\"paymentMethod\":\"pix\",\"status\":\"paid\",\"createdAt\":\"2026-06-03T14:44:12-03:00\",\"approvedDate\":\"2026-06-03 17:44:45\",\"paidAt\":\"2026-06-03 17:44:45\",\"refundedAt\":null,\"customer\":{\"name\":\"Tiago Castro Campos\",\"email\":\"tiagocastrocampos7400@globo.com\",\"phone\":null,\"document\":{\"number\":\"08108692091\",\"type\":\"CPF\"},\"country\":\"BR\",\"ip\":\"34.73.54.178\"},\"items\":[{\"id\":\"PROD_6a20680d90a12\",\"title\":\"Produto 65.84\",\"quantity\":1,\"unitPrice\":6584}],\"amount\":6584,\"fee\":{\"fixedAmount\":0,\"netAmount\":6584},\"trackingParameters\":[],\"isTest\":false}"
}
----------------------------------------
[2026-06-03 17:44:45] 🔄 Processando dados recebidos
Dados: {
    "orderId": "vpawp15p2g",
    "platform": "PayHubr",
    "paymentMethod": "pix",
    "status": "paid",
    "createdAt": "2026-06-03T14:44:12-03:00",
    "approvedDate": "2026-06-03 17:44:45",
    "paidAt": "2026-06-03 17:44:45",
    "refundedAt": null,
    "customer": {
        "name": "Tiago Castro Campos",
        "email": "tiagocastrocampos7400@globo.com",
        "phone": null,
        "document": {
            "number": "08108692091",
            "type": "CPF"
        },
        "country": "BR",
        "ip": "34.73.54.178"
    },
    "items": [
        {
            "id": "PROD_6a20680d90a12",
            "title": "Produto 65.84",
            "quantity": 1,
            "unitPrice": 6584
        }
    ],
    "amount": 6584,
    "fee": {
        "fixedAmount": 0,
        "netAmount": 6584
    },
    "trackingParameters": [],
    "isTest": false
}
----------------------------------------
[2026-06-03 17:44:45] 📤 Dados formatados para Utmify
Dados: {
    "orderId": "vpawp15p2g",
    "platform": "PayHubr",
    "paymentMethod": "pix",
    "status": "paid",
    "createdAt": "2026-06-03 17:44:12",
    "approvedDate": "2026-06-03 17:44:45",
    "refundedAt": null,
    "customer": {
        "name": "Tiago Castro Campos",
        "email": "tiagocastrocampos7400@globo.com",
        "phone": null,
        "document": "08108692091",
        "country": "BR",
        "ip": "2a02:4780:13:1234::105"
    },
    "products": [
        {
            "id": "PROD_6a20680d90a12",
            "name": "Produto 65.84",
            "planId": null,
            "planName": null,
            "quantity": 1,
            "priceInCents": 6584
        }
    ],
    "trackingParameters": {
        "src": null,
        "sck": null,
        "utm_source": null,
        "utm_campaign": null,
        "utm_medium": null,
        "utm_content": null,
        "utm_term": null,
        "xcod": null,
        "fbclid": null,
        "gclid": null,
        "ttclid": null
    },
    "commission": {
        "totalPriceInCents": 6584,
        "gatewayFeeInCents": 0,
        "userCommissionInCents": 6584
    },
    "isTest": false
}
----------------------------------------
[2026-06-03 17:44:45] 📡 Enviando requisição para Utmify
Dados: {
    "url": "https:\/\/api.utmify.com.br\/api-credentials\/orders",
    "headers": [
        "Content-Type: application\/json",
        "x-api-token: [REDACTED]"
    ]
}
----------------------------------------
[2026-06-03 17:44:45] ✅ Resposta da API Utmify
Dados: {
    "http_code": 200,
    "response": {
        "OK": true,
        "data": [],
        "result": "SUCCESS"
    }
}
----------------------------------------
[2026-06-03 17:44:48] 📥 Dados recebidos do PayHubr
Dados: {
    "raw": "{\"orderId\":\"vpaprz5rp7\",\"platform\":\"PayHubr\",\"paymentMethod\":\"pix\",\"status\":\"paid\",\"createdAt\":\"2026-06-03T14:43:44-03:00\",\"approvedDate\":\"2026-06-03 17:44:48\",\"paidAt\":\"2026-06-03 17:44:48\",\"refundedAt\":null,\"customer\":{\"name\":\"Alexandre Lopes Dias\",\"email\":\"alexandrelopesdias7978@terra.com.br\",\"phone\":null,\"document\":{\"number\":\"91441580840\",\"type\":\"CPF\"},\"country\":\"BR\",\"ip\":\"34.73.54.178\"},\"items\":[{\"id\":\"PROD_6a206810e6d1a\",\"title\":\"Produto 65.84\",\"quantity\":1,\"unitPrice\":6584}],\"amount\":6584,\"fee\":{\"fixedAmount\":0,\"netAmount\":6584},\"trackingParameters\":[],\"isTest\":false}"
}
----------------------------------------
[2026-06-03 17:44:48] 🔄 Processando dados recebidos
Dados: {
    "orderId": "vpaprz5rp7",
    "platform": "PayHubr",
    "paymentMethod": "pix",
    "status": "paid",
    "createdAt": "2026-06-03T14:43:44-03:00",
    "approvedDate": "2026-06-03 17:44:48",
    "paidAt": "2026-06-03 17:44:48",
    "refundedAt": null,
    "customer": {
        "name": "Alexandre Lopes Dias",
        "email": "alexandrelopesdias7978@terra.com.br",
        "phone": null,
        "document": {
            "number": "91441580840",
            "type": "CPF"
        },
        "country": "BR",
        "ip": "34.73.54.178"
    },
    "items": [
        {
            "id": "PROD_6a206810e6d1a",
            "title": "Produto 65.84",
            "quantity": 1,
            "unitPrice": 6584
        }
    ],
    "amount": 6584,
    "fee": {
        "fixedAmount": 0,
        "netAmount": 6584
    },
    "trackingParameters": [],
    "isTest": false
}
----------------------------------------
[2026-06-03 17:44:48] 📤 Dados formatados para Utmify
Dados: {
    "orderId": "vpaprz5rp7",
    "platform": "PayHubr",
    "paymentMethod": "pix",
    "status": "paid",
    "createdAt": "2026-06-03 17:43:44",
    "approvedDate": "2026-06-03 17:44:48",
    "refundedAt": null,
    "customer": {
        "name": "Alexandre Lopes Dias",
        "email": "alexandrelopesdias7978@terra.com.br",
        "phone": null,
        "document": "91441580840",
        "country": "BR",
        "ip": "2a02:4780:13:1234::105"
    },
    "products": [
        {
            "id": "PROD_6a206810e6d1a",
            "name": "Produto 65.84",
            "planId": null,
            "planName": null,
            "quantity": 1,
            "priceInCents": 6584
        }
    ],
    "trackingParameters": {
        "src": null,
        "sck": null,
        "utm_source": null,
        "utm_campaign": null,
        "utm_medium": null,
        "utm_content": null,
        "utm_term": null,
        "xcod": null,
        "fbclid": null,
        "gclid": null,
        "ttclid": null
    },
    "commission": {
        "totalPriceInCents": 6584,
        "gatewayFeeInCents": 0,
        "userCommissionInCents": 6584
    },
    "isTest": false
}
----------------------------------------
[2026-06-03 17:44:48] 📡 Enviando requisição para Utmify
Dados: {
    "url": "https:\/\/api.utmify.com.br\/api-credentials\/orders",
    "headers": [
        "Content-Type: application\/json",
        "x-api-token: [REDACTED]"
    ]
}
----------------------------------------
[2026-06-03 17:44:49] ✅ Resposta da API Utmify
Dados: {
    "http_code": 200,
    "response": {
        "OK": true,
        "data": [],
        "result": "SUCCESS"
    }
}
----------------------------------------
[2026-06-03 17:45:11] 📥 Dados recebidos do PayHubr
Dados: {
    "raw": "{\"orderId\":\"vpaprz5re7\",\"platform\":\"PayHubr\",\"paymentMethod\":\"pix\",\"status\":\"paid\",\"createdAt\":\"2026-06-03T14:44:18-03:00\",\"approvedDate\":\"2026-06-03 17:45:11\",\"paidAt\":\"2026-06-03 17:45:11\",\"refundedAt\":null,\"customer\":{\"name\":\"Ana Barbosa Moura\",\"email\":\"anabarbosamoura3918@hotmail.com\",\"phone\":null,\"document\":{\"number\":\"31819224554\",\"type\":\"CPF\"},\"country\":\"BR\",\"ip\":\"34.73.54.178\"},\"items\":[{\"id\":\"PROD_6a206827cffef\",\"title\":\"Produto 65.84\",\"quantity\":1,\"unitPrice\":6584}],\"amount\":6584,\"fee\":{\"fixedAmount\":0,\"netAmount\":6584},\"trackingParameters\":[],\"isTest\":false}"
}
----------------------------------------
[2026-06-03 17:45:11] 🔄 Processando dados recebidos
Dados: {
    "orderId": "vpaprz5re7",
    "platform": "PayHubr",
    "paymentMethod": "pix",
    "status": "paid",
    "createdAt": "2026-06-03T14:44:18-03:00",
    "approvedDate": "2026-06-03 17:45:11",
    "paidAt": "2026-06-03 17:45:11",
    "refundedAt": null,
    "customer": {
        "name": "Ana Barbosa Moura",
        "email": "anabarbosamoura3918@hotmail.com",
        "phone": null,
        "document": {
            "number": "31819224554",
            "type": "CPF"
        },
        "country": "BR",
        "ip": "34.73.54.178"
    },
    "items": [
        {
            "id": "PROD_6a206827cffef",
            "title": "Produto 65.84",
            "quantity": 1,
            "unitPrice": 6584
        }
    ],
    "amount": 6584,
    "fee": {
        "fixedAmount": 0,
        "netAmount": 6584
    },
    "trackingParameters": [],
    "isTest": false
}
----------------------------------------
[2026-06-03 17:45:11] 📤 Dados formatados para Utmify
Dados: {
    "orderId": "vpaprz5re7",
    "platform": "PayHubr",
    "paymentMethod": "pix",
    "status": "paid",
    "createdAt": "2026-06-03 17:44:18",
    "approvedDate": "2026-06-03 17:45:11",
    "refundedAt": null,
    "customer": {
        "name": "Ana Barbosa Moura",
        "email": "anabarbosamoura3918@hotmail.com",
        "phone": null,
        "document": "31819224554",
        "country": "BR",
        "ip": "2a02:4780:13:1234::105"
    },
    "products": [
        {
            "id": "PROD_6a206827cffef",
            "name": "Produto 65.84",
            "planId": null,
            "planName": null,
            "quantity": 1,
            "priceInCents": 6584
        }
    ],
    "trackingParameters": {
        "src": null,
        "sck": null,
        "utm_source": null,
        "utm_campaign": null,
        "utm_medium": null,
        "utm_content": null,
        "utm_term": null,
        "xcod": null,
        "fbclid": null,
        "gclid": null,
        "ttclid": null
    },
    "commission": {
        "totalPriceInCents": 6584,
        "gatewayFeeInCents": 0,
        "userCommissionInCents": 6584
    },
    "isTest": false
}
----------------------------------------
[2026-06-03 17:45:11] 📡 Enviando requisição para Utmify
Dados: {
    "url": "https:\/\/api.utmify.com.br\/api-credentials\/orders",
    "headers": [
        "Content-Type: application\/json",
        "x-api-token: [REDACTED]"
    ]
}
----------------------------------------
[2026-06-03 17:45:11] ✅ Resposta da API Utmify
Dados: {
    "http_code": 200,
    "response": {
        "OK": true,
        "data": [],
        "result": "SUCCESS"
    }
}
----------------------------------------
[2026-06-03 17:45:40] 📥 Dados recebidos do PayHubr
Dados: {
    "raw": "{\"orderId\":\"vpa5n46nvm\",\"platform\":\"PayHubr\",\"paymentMethod\":\"pix\",\"status\":\"paid\",\"createdAt\":\"2026-06-03T14:44:08-03:00\",\"approvedDate\":\"2026-06-03 17:45:39\",\"paidAt\":\"2026-06-03 17:45:39\",\"refundedAt\":null,\"customer\":{\"name\":\"Sophia Souza Vieira\",\"email\":\"sophiasouzavieira8514@gmail.com\",\"phone\":null,\"document\":{\"number\":\"36566081054\",\"type\":\"CPF\"},\"country\":\"BR\",\"ip\":\"34.73.54.178\"},\"items\":[{\"id\":\"PROD_6a206843f39e0\",\"title\":\"Produto 65.84\",\"quantity\":1,\"unitPrice\":6584}],\"amount\":6584,\"fee\":{\"fixedAmount\":0,\"netAmount\":6584},\"trackingParameters\":[],\"isTest\":false}"
}
----------------------------------------
[2026-06-03 17:45:40] 🔄 Processando dados recebidos
Dados: {
    "orderId": "vpa5n46nvm",
    "platform": "PayHubr",
    "paymentMethod": "pix",
    "status": "paid",
    "createdAt": "2026-06-03T14:44:08-03:00",
    "approvedDate": "2026-06-03 17:45:39",
    "paidAt": "2026-06-03 17:45:39",
    "refundedAt": null,
    "customer": {
        "name": "Sophia Souza Vieira",
        "email": "sophiasouzavieira8514@gmail.com",
        "phone": null,
        "document": {
            "number": "36566081054",
            "type": "CPF"
        },
        "country": "BR",
        "ip": "34.73.54.178"
    },
    "items": [
        {
            "id": "PROD_6a206843f39e0",
            "title": "Produto 65.84",
            "quantity": 1,
            "unitPrice": 6584
        }
    ],
    "amount": 6584,
    "fee": {
        "fixedAmount": 0,
        "netAmount": 6584
    },
    "trackingParameters": [],
    "isTest": false
}
----------------------------------------
[2026-06-03 17:45:40] 📤 Dados formatados para Utmify
Dados: {
    "orderId": "vpa5n46nvm",
    "platform": "PayHubr",
    "paymentMethod": "pix",
    "status": "paid",
    "createdAt": "2026-06-03 17:44:08",
    "approvedDate": "2026-06-03 17:45:39",
    "refundedAt": null,
    "customer": {
        "name": "Sophia Souza Vieira",
        "email": "sophiasouzavieira8514@gmail.com",
        "phone": null,
        "document": "36566081054",
        "country": "BR",
        "ip": "2a02:4780:13:1234::105"
    },
    "products": [
        {
            "id": "PROD_6a206843f39e0",
            "name": "Produto 65.84",
            "planId": null,
            "planName": null,
            "quantity": 1,
            "priceInCents": 6584
        }
    ],
    "trackingParameters": {
        "src": null,
        "sck": null,
        "utm_source": null,
        "utm_campaign": null,
        "utm_medium": null,
        "utm_content": null,
        "utm_term": null,
        "xcod": null,
        "fbclid": null,
        "gclid": null,
        "ttclid": null
    },
    "commission": {
        "totalPriceInCents": 6584,
        "gatewayFeeInCents": 0,
        "userCommissionInCents": 6584
    },
    "isTest": false
}
----------------------------------------
[2026-06-03 17:45:40] 📡 Enviando requisição para Utmify
Dados: {
    "url": "https:\/\/api.utmify.com.br\/api-credentials\/orders",
    "headers": [
        "Content-Type: application\/json",
        "x-api-token: [REDACTED]"
    ]
}
----------------------------------------
[2026-06-03 17:45:40] ✅ Resposta da API Utmify
Dados: {
    "http_code": 200,
    "response": {
        "OK": true,
        "data": [],
        "result": "SUCCESS"
    }
}
----------------------------------------
[2026-06-03 17:45:43] 📥 Dados recebidos do PayHubr
Dados: {
    "raw": "{\"orderId\":\"vpaon5knw7\",\"platform\":\"PayHubr\",\"paymentMethod\":\"pix\",\"status\":\"paid\",\"createdAt\":\"2026-06-03T14:44:20-03:00\",\"approvedDate\":\"2026-06-03 17:45:43\",\"paidAt\":\"2026-06-03 17:45:43\",\"refundedAt\":null,\"customer\":{\"name\":\"Debora Costa Dias\",\"email\":\"deboracostadias8132@live.com\",\"phone\":null,\"document\":{\"number\":\"46688799162\",\"type\":\"CPF\"},\"country\":\"BR\",\"ip\":\"34.73.54.178\"},\"items\":[{\"id\":\"PROD_6a2068473d18e\",\"title\":\"Produto 65.84\",\"quantity\":1,\"unitPrice\":6584}],\"amount\":6584,\"fee\":{\"fixedAmount\":0,\"netAmount\":6584},\"trackingParameters\":[],\"isTest\":false}"
}
----------------------------------------
[2026-06-03 17:45:43] 🔄 Processando dados recebidos
Dados: {
    "orderId": "vpaon5knw7",
    "platform": "PayHubr",
    "paymentMethod": "pix",
    "status": "paid",
    "createdAt": "2026-06-03T14:44:20-03:00",
    "approvedDate": "2026-06-03 17:45:43",
    "paidAt": "2026-06-03 17:45:43",
    "refundedAt": null,
    "customer": {
        "name": "Debora Costa Dias",
        "email": "deboracostadias8132@live.com",
        "phone": null,
        "document": {
            "number": "46688799162",
            "type": "CPF"
        },
        "country": "BR",
        "ip": "34.73.54.178"
    },
    "items": [
        {
            "id": "PROD_6a2068473d18e",
            "title": "Produto 65.84",
            "quantity": 1,
            "unitPrice": 6584
        }
    ],
    "amount": 6584,
    "fee": {
        "fixedAmount": 0,
        "netAmount": 6584
    },
    "trackingParameters": [],
    "isTest": false
}
----------------------------------------
[2026-06-03 17:45:43] 📤 Dados formatados para Utmify
Dados: {
    "orderId": "vpaon5knw7",
    "platform": "PayHubr",
    "paymentMethod": "pix",
    "status": "paid",
    "createdAt": "2026-06-03 17:44:20",
    "approvedDate": "2026-06-03 17:45:43",
    "refundedAt": null,
    "customer": {
        "name": "Debora Costa Dias",
        "email": "deboracostadias8132@live.com",
        "phone": null,
        "document": "46688799162",
        "country": "BR",
        "ip": "2a02:4780:13:1234::105"
    },
    "products": [
        {
            "id": "PROD_6a2068473d18e",
            "name": "Produto 65.84",
            "planId": null,
            "planName": null,
            "quantity": 1,
            "priceInCents": 6584
        }
    ],
    "trackingParameters": {
        "src": null,
        "sck": null,
        "utm_source": null,
        "utm_campaign": null,
        "utm_medium": null,
        "utm_content": null,
        "utm_term": null,
        "xcod": null,
        "fbclid": null,
        "gclid": null,
        "ttclid": null
    },
    "commission": {
        "totalPriceInCents": 6584,
        "gatewayFeeInCents": 0,
        "userCommissionInCents": 6584
    },
    "isTest": false
}
----------------------------------------
[2026-06-03 17:45:43] 📡 Enviando requisição para Utmify
Dados: {
    "url": "https:\/\/api.utmify.com.br\/api-credentials\/orders",
    "headers": [
        "Content-Type: application\/json",
        "x-api-token: [REDACTED]"
    ]
}
----------------------------------------
[2026-06-03 17:45:43] ✅ Resposta da API Utmify
Dados: {
    "http_code": 200,
    "response": {
        "OK": true,
        "data": [],
        "result": "SUCCESS"
    }
}
----------------------------------------
[2026-06-03 17:46:42] 📥 Dados recebidos do PayHubr
Dados: {
    "raw": "{\"orderId\":\"vpag4do4rd\",\"platform\":\"PayHubr\",\"paymentMethod\":\"pix\",\"status\":\"paid\",\"createdAt\":\"2026-06-03T14:45:06-03:00\",\"approvedDate\":\"2026-06-03 17:46:42\",\"paidAt\":\"2026-06-03 17:46:42\",\"refundedAt\":null,\"customer\":{\"name\":\"Bruno Fernandes Fernandes\",\"email\":\"brunofernandesfernandes1204@msn.com\",\"phone\":null,\"document\":{\"number\":\"29238810877\",\"type\":\"CPF\"},\"country\":\"BR\",\"ip\":\"34.73.54.178\"},\"items\":[{\"id\":\"PROD_6a206882e7394\",\"title\":\"Produto 65.84\",\"quantity\":1,\"unitPrice\":6584}],\"amount\":6584,\"fee\":{\"fixedAmount\":0,\"netAmount\":6584},\"trackingParameters\":[],\"isTest\":false}"
}
----------------------------------------
[2026-06-03 17:46:42] 🔄 Processando dados recebidos
Dados: {
    "orderId": "vpag4do4rd",
    "platform": "PayHubr",
    "paymentMethod": "pix",
    "status": "paid",
    "createdAt": "2026-06-03T14:45:06-03:00",
    "approvedDate": "2026-06-03 17:46:42",
    "paidAt": "2026-06-03 17:46:42",
    "refundedAt": null,
    "customer": {
        "name": "Bruno Fernandes Fernandes",
        "email": "brunofernandesfernandes1204@msn.com",
        "phone": null,
        "document": {
            "number": "29238810877",
            "type": "CPF"
        },
        "country": "BR",
        "ip": "34.73.54.178"
    },
    "items": [
        {
            "id": "PROD_6a206882e7394",
            "title": "Produto 65.84",
            "quantity": 1,
            "unitPrice": 6584
        }
    ],
    "amount": 6584,
    "fee": {
        "fixedAmount": 0,
        "netAmount": 6584
    },
    "trackingParameters": [],
    "isTest": false
}
----------------------------------------
[2026-06-03 17:46:42] 📤 Dados formatados para Utmify
Dados: {
    "orderId": "vpag4do4rd",
    "platform": "PayHubr",
    "paymentMethod": "pix",
    "status": "paid",
    "createdAt": "2026-06-03 17:45:06",
    "approvedDate": "2026-06-03 17:46:42",
    "refundedAt": null,
    "customer": {
        "name": "Bruno Fernandes Fernandes",
        "email": "brunofernandesfernandes1204@msn.com",
        "phone": null,
        "document": "29238810877",
        "country": "BR",
        "ip": "2a02:4780:13:1234::105"
    },
    "products": [
        {
            "id": "PROD_6a206882e7394",
            "name": "Produto 65.84",
            "planId": null,
            "planName": null,
            "quantity": 1,
            "priceInCents": 6584
        }
    ],
    "trackingParameters": {
        "src": null,
        "sck": null,
        "utm_source": null,
        "utm_campaign": null,
        "utm_medium": null,
        "utm_content": null,
        "utm_term": null,
        "xcod": null,
        "fbclid": null,
        "gclid": null,
        "ttclid": null
    },
    "commission": {
        "totalPriceInCents": 6584,
        "gatewayFeeInCents": 0,
        "userCommissionInCents": 6584
    },
    "isTest": false
}
----------------------------------------
[2026-06-03 17:46:42] 📡 Enviando requisição para Utmify
Dados: {
    "url": "https:\/\/api.utmify.com.br\/api-credentials\/orders",
    "headers": [
        "Content-Type: application\/json",
        "x-api-token: [REDACTED]"
    ]
}
----------------------------------------
[2026-06-03 17:46:43] ✅ Resposta da API Utmify
Dados: {
    "http_code": 200,
    "response": {
        "OK": true,
        "data": [],
        "result": "SUCCESS"
    }
}
----------------------------------------
[2026-06-03 17:47:19] 📥 Dados recebidos do PayHubr
Dados: {
    "raw": "{\"orderId\":\"vpalwo5wgl\",\"platform\":\"PayHubr\",\"paymentMethod\":\"pix\",\"status\":\"paid\",\"createdAt\":\"2026-06-03T14:42:19-03:00\",\"approvedDate\":\"2026-06-03 17:47:19\",\"paidAt\":\"2026-06-03 17:47:19\",\"refundedAt\":null,\"customer\":{\"name\":\"Leandro Campos Soares\",\"email\":\"leandrocampossoares8794@uol.com.br\",\"phone\":null,\"document\":{\"number\":\"47102161263\",\"type\":\"CPF\"},\"country\":\"BR\",\"ip\":\"34.73.54.178\"},\"items\":[{\"id\":\"PROD_6a2068a70bfe0\",\"title\":\"Produto 65.84\",\"quantity\":1,\"unitPrice\":6584}],\"amount\":6584,\"fee\":{\"fixedAmount\":0,\"netAmount\":6584},\"trackingParameters\":[],\"isTest\":false}"
}
----------------------------------------
[2026-06-03 17:47:19] 🔄 Processando dados recebidos
Dados: {
    "orderId": "vpalwo5wgl",
    "platform": "PayHubr",
    "paymentMethod": "pix",
    "status": "paid",
    "createdAt": "2026-06-03T14:42:19-03:00",
    "approvedDate": "2026-06-03 17:47:19",
    "paidAt": "2026-06-03 17:47:19",
    "refundedAt": null,
    "customer": {
        "name": "Leandro Campos Soares",
        "email": "leandrocampossoares8794@uol.com.br",
        "phone": null,
        "document": {
            "number": "47102161263",
            "type": "CPF"
        },
        "country": "BR",
        "ip": "34.73.54.178"
    },
    "items": [
        {
            "id": "PROD_6a2068a70bfe0",
            "title": "Produto 65.84",
            "quantity": 1,
            "unitPrice": 6584
        }
    ],
    "amount": 6584,
    "fee": {
        "fixedAmount": 0,
        "netAmount": 6584
    },
    "trackingParameters": [],
    "isTest": false
}
----------------------------------------
[2026-06-03 17:47:19] 📤 Dados formatados para Utmify
Dados: {
    "orderId": "vpalwo5wgl",
    "platform": "PayHubr",
    "paymentMethod": "pix",
    "status": "paid",
    "createdAt": "2026-06-03 17:42:19",
    "approvedDate": "2026-06-03 17:47:19",
    "refundedAt": null,
    "customer": {
        "name": "Leandro Campos Soares",
        "email": "leandrocampossoares8794@uol.com.br",
        "phone": null,
        "document": "47102161263",
        "country": "BR",
        "ip": "2a02:4780:13:1234::105"
    },
    "products": [
        {
            "id": "PROD_6a2068a70bfe0",
            "name": "Produto 65.84",
            "planId": null,
            "planName": null,
            "quantity": 1,
            "priceInCents": 6584
        }
    ],
    "trackingParameters": {
        "src": null,
        "sck": null,
        "utm_source": null,
        "utm_campaign": null,
        "utm_medium": null,
        "utm_content": null,
        "utm_term": null,
        "xcod": null,
        "fbclid": null,
        "gclid": null,
        "ttclid": null
    },
    "commission": {
        "totalPriceInCents": 6584,
        "gatewayFeeInCents": 0,
        "userCommissionInCents": 6584
    },
    "isTest": false
}
----------------------------------------
[2026-06-03 17:47:19] 📡 Enviando requisição para Utmify
Dados: {
    "url": "https:\/\/api.utmify.com.br\/api-credentials\/orders",
    "headers": [
        "Content-Type: application\/json",
        "x-api-token: [REDACTED]"
    ]
}
----------------------------------------
[2026-06-03 17:47:19] ✅ Resposta da API Utmify
Dados: {
    "http_code": 200,
    "response": {
        "OK": true,
        "data": [],
        "result": "SUCCESS"
    }
}
----------------------------------------
[2026-06-03 17:47:49] 📥 Dados recebidos do PayHubr
Dados: {
    "raw": "{\"orderId\":\"vpay0vd002\",\"platform\":\"PayHubr\",\"paymentMethod\":\"pix\",\"status\":\"paid\",\"createdAt\":\"2026-06-03T14:40:35-03:00\",\"approvedDate\":\"2026-06-03 17:47:49\",\"paidAt\":\"2026-06-03 17:47:49\",\"refundedAt\":null,\"customer\":{\"name\":\"Patricia Silva Xavier\",\"email\":\"patriciasilvaxavier7417@live.com\",\"phone\":null,\"document\":{\"number\":\"67250549600\",\"type\":\"CPF\"},\"country\":\"BR\",\"ip\":\"34.73.54.178\"},\"items\":[{\"id\":\"PROD_6a2068c512057\",\"title\":\"Produto 65.84\",\"quantity\":1,\"unitPrice\":6584}],\"amount\":6584,\"fee\":{\"fixedAmount\":0,\"netAmount\":6584},\"trackingParameters\":[],\"isTest\":false}"
}
----------------------------------------
[2026-06-03 17:47:49] 🔄 Processando dados recebidos
Dados: {
    "orderId": "vpay0vd002",
    "platform": "PayHubr",
    "paymentMethod": "pix",
    "status": "paid",
    "createdAt": "2026-06-03T14:40:35-03:00",
    "approvedDate": "2026-06-03 17:47:49",
    "paidAt": "2026-06-03 17:47:49",
    "refundedAt": null,
    "customer": {
        "name": "Patricia Silva Xavier",
        "email": "patriciasilvaxavier7417@live.com",
        "phone": null,
        "document": {
            "number": "67250549600",
            "type": "CPF"
        },
        "country": "BR",
        "ip": "34.73.54.178"
    },
    "items": [
        {
            "id": "PROD_6a2068c512057",
            "title": "Produto 65.84",
            "quantity": 1,
            "unitPrice": 6584
        }
    ],
    "amount": 6584,
    "fee": {
        "fixedAmount": 0,
        "netAmount": 6584
    },
    "trackingParameters": [],
    "isTest": false
}
----------------------------------------
[2026-06-03 17:47:49] 📤 Dados formatados para Utmify
Dados: {
    "orderId": "vpay0vd002",
    "platform": "PayHubr",
    "paymentMethod": "pix",
    "status": "paid",
    "createdAt": "2026-06-03 17:40:35",
    "approvedDate": "2026-06-03 17:47:49",
    "refundedAt": null,
    "customer": {
        "name": "Patricia Silva Xavier",
        "email": "patriciasilvaxavier7417@live.com",
        "phone": null,
        "document": "67250549600",
        "country": "BR",
        "ip": "2a02:4780:13:1234::105"
    },
    "products": [
        {
            "id": "PROD_6a2068c512057",
            "name": "Produto 65.84",
            "planId": null,
            "planName": null,
            "quantity": 1,
            "priceInCents": 6584
        }
    ],
    "trackingParameters": {
        "src": null,
        "sck": null,
        "utm_source": null,
        "utm_campaign": null,
        "utm_medium": null,
        "utm_content": null,
        "utm_term": null,
        "xcod": null,
        "fbclid": null,
        "gclid": null,
        "ttclid": null
    },
    "commission": {
        "totalPriceInCents": 6584,
        "gatewayFeeInCents": 0,
        "userCommissionInCents": 6584
    },
    "isTest": false
}
----------------------------------------
[2026-06-03 17:47:49] 📡 Enviando requisição para Utmify
Dados: {
    "url": "https:\/\/api.utmify.com.br\/api-credentials\/orders",
    "headers": [
        "Content-Type: application\/json",
        "x-api-token: [REDACTED]"
    ]
}
----------------------------------------
[2026-06-03 17:47:49] ✅ Resposta da API Utmify
Dados: {
    "http_code": 200,
    "response": {
        "OK": true,
        "data": [],
        "result": "SUCCESS"
    }
}
----------------------------------------
[2026-06-03 17:48:23] 📥 Dados recebidos do PayHubr
Dados: {
    "raw": "{\"orderId\":\"vpaje2ve3y\",\"platform\":\"PayHubr\",\"paymentMethod\":\"pix\",\"status\":\"paid\",\"createdAt\":\"2026-06-03T14:47:20-03:00\",\"approvedDate\":\"2026-06-03 17:48:23\",\"paidAt\":\"2026-06-03 17:48:23\",\"refundedAt\":null,\"customer\":{\"name\":\"Cristiano Santos Santos\",\"email\":\"cristianosantossantos850@hotmail.com\",\"phone\":null,\"document\":{\"number\":\"86403617702\",\"type\":\"CPF\"},\"country\":\"BR\",\"ip\":\"34.73.54.178\"},\"items\":[{\"id\":\"PROD_6a2068e7259f6\",\"title\":\"Produto 65.84\",\"quantity\":1,\"unitPrice\":6584}],\"amount\":6584,\"fee\":{\"fixedAmount\":0,\"netAmount\":6584},\"trackingParameters\":[],\"isTest\":false}"
}
----------------------------------------
[2026-06-03 17:48:23] 🔄 Processando dados recebidos
Dados: {
    "orderId": "vpaje2ve3y",
    "platform": "PayHubr",
    "paymentMethod": "pix",
    "status": "paid",
    "createdAt": "2026-06-03T14:47:20-03:00",
    "approvedDate": "2026-06-03 17:48:23",
    "paidAt": "2026-06-03 17:48:23",
    "refundedAt": null,
    "customer": {
        "name": "Cristiano Santos Santos",
        "email": "cristianosantossantos850@hotmail.com",
        "phone": null,
        "document": {
            "number": "86403617702",
            "type": "CPF"
        },
        "country": "BR",
        "ip": "34.73.54.178"
    },
    "items": [
        {
            "id": "PROD_6a2068e7259f6",
            "title": "Produto 65.84",
            "quantity": 1,
            "unitPrice": 6584
        }
    ],
    "amount": 6584,
    "fee": {
        "fixedAmount": 0,
        "netAmount": 6584
    },
    "trackingParameters": [],
    "isTest": false
}
----------------------------------------
[2026-06-03 17:48:23] 📤 Dados formatados para Utmify
Dados: {
    "orderId": "vpaje2ve3y",
    "platform": "PayHubr",
    "paymentMethod": "pix",
    "status": "paid",
    "createdAt": "2026-06-03 17:47:20",
    "approvedDate": "2026-06-03 17:48:23",
    "refundedAt": null,
    "customer": {
        "name": "Cristiano Santos Santos",
        "email": "cristianosantossantos850@hotmail.com",
        "phone": null,
        "document": "86403617702",
        "country": "BR",
        "ip": "2a02:4780:13:1234::105"
    },
    "products": [
        {
            "id": "PROD_6a2068e7259f6",
            "name": "Produto 65.84",
            "planId": null,
            "planName": null,
            "quantity": 1,
            "priceInCents": 6584
        }
    ],
    "trackingParameters": {
        "src": null,
        "sck": null,
        "utm_source": null,
        "utm_campaign": null,
        "utm_medium": null,
        "utm_content": null,
        "utm_term": null,
        "xcod": null,
        "fbclid": null,
        "gclid": null,
        "ttclid": null
    },
    "commission": {
        "totalPriceInCents": 6584,
        "gatewayFeeInCents": 0,
        "userCommissionInCents": 6584
    },
    "isTest": false
}
----------------------------------------
[2026-06-03 17:48:23] 📡 Enviando requisição para Utmify
Dados: {
    "url": "https:\/\/api.utmify.com.br\/api-credentials\/orders",
    "headers": [
        "Content-Type: application\/json",
        "x-api-token: [REDACTED]"
    ]
}
----------------------------------------
[2026-06-03 17:48:23] ✅ Resposta da API Utmify
Dados: {
    "http_code": 200,
    "response": {
        "OK": true,
        "data": [],
        "result": "SUCCESS"
    }
}
----------------------------------------
[2026-06-03 17:48:26] 📥 Dados recebidos do PayHubr
Dados: {
    "raw": "{\"orderId\":\"vpaje2ve0y\",\"platform\":\"PayHubr\",\"paymentMethod\":\"pix\",\"status\":\"paid\",\"createdAt\":\"2026-06-03T14:47:51-03:00\",\"approvedDate\":\"2026-06-03 17:48:26\",\"paidAt\":\"2026-06-03 17:48:26\",\"refundedAt\":null,\"customer\":{\"name\":\"Victor Borges Monteiro\",\"email\":\"victorborgesmonteiro8594@r7.com\",\"phone\":null,\"document\":{\"number\":\"48422132990\",\"type\":\"CPF\"},\"country\":\"BR\",\"ip\":\"34.73.54.178\"},\"items\":[{\"id\":\"PROD_6a2068ea26274\",\"title\":\"Produto 65.84\",\"quantity\":1,\"unitPrice\":6584}],\"amount\":6584,\"fee\":{\"fixedAmount\":0,\"netAmount\":6584},\"trackingParameters\":[],\"isTest\":false}"
}
----------------------------------------
[2026-06-03 17:48:26] 🔄 Processando dados recebidos
Dados: {
    "orderId": "vpaje2ve0y",
    "platform": "PayHubr",
    "paymentMethod": "pix",
    "status": "paid",
    "createdAt": "2026-06-03T14:47:51-03:00",
    "approvedDate": "2026-06-03 17:48:26",
    "paidAt": "2026-06-03 17:48:26",
    "refundedAt": null,
    "customer": {
        "name": "Victor Borges Monteiro",
        "email": "victorborgesmonteiro8594@r7.com",
        "phone": null,
        "document": {
            "number": "48422132990",
            "type": "CPF"
        },
        "country": "BR",
        "ip": "34.73.54.178"
    },
    "items": [
        {
            "id": "PROD_6a2068ea26274",
            "title": "Produto 65.84",
            "quantity": 1,
            "unitPrice": 6584
        }
    ],
    "amount": 6584,
    "fee": {
        "fixedAmount": 0,
        "netAmount": 6584
    },
    "trackingParameters": [],
    "isTest": false
}
----------------------------------------
[2026-06-03 17:48:26] 📤 Dados formatados para Utmify
Dados: {
    "orderId": "vpaje2ve0y",
    "platform": "PayHubr",
    "paymentMethod": "pix",
    "status": "paid",
    "createdAt": "2026-06-03 17:47:51",
    "approvedDate": "2026-06-03 17:48:26",
    "refundedAt": null,
    "customer": {
        "name": "Victor Borges Monteiro",
        "email": "victorborgesmonteiro8594@r7.com",
        "phone": null,
        "document": "48422132990",
        "country": "BR",
        "ip": "2a02:4780:13:1234::105"
    },
    "products": [
        {
            "id": "PROD_6a2068ea26274",
            "name": "Produto 65.84",
            "planId": null,
            "planName": null,
            "quantity": 1,
            "priceInCents": 6584
        }
    ],
    "trackingParameters": {
        "src": null,
        "sck": null,
        "utm_source": null,
        "utm_campaign": null,
        "utm_medium": null,
        "utm_content": null,
        "utm_term": null,
        "xcod": null,
        "fbclid": null,
        "gclid": null,
        "ttclid": null
    },
    "commission": {
        "totalPriceInCents": 6584,
        "gatewayFeeInCents": 0,
        "userCommissionInCents": 6584
    },
    "isTest": false
}
----------------------------------------
[2026-06-03 17:48:26] 📡 Enviando requisição para Utmify
Dados: {
    "url": "https:\/\/api.utmify.com.br\/api-credentials\/orders",
    "headers": [
        "Content-Type: application\/json",
        "x-api-token: [REDACTED]"
    ]
}
----------------------------------------
[2026-06-03 17:48:26] ✅ Resposta da API Utmify
Dados: {
    "http_code": 200,
    "response": {
        "OK": true,
        "data": [],
        "result": "SUCCESS"
    }
}
----------------------------------------
[2026-06-03 17:50:05] 📥 Dados recebidos do PayHubr
Dados: {
    "raw": "{\"orderId\":\"vpaprz5r8e\",\"platform\":\"PayHubr\",\"paymentMethod\":\"pix\",\"status\":\"paid\",\"createdAt\":\"2026-06-03T14:47:59-03:00\",\"approvedDate\":\"2026-06-03 17:50:05\",\"paidAt\":\"2026-06-03 17:50:05\",\"refundedAt\":null,\"customer\":{\"name\":\"Antonio Ramos Teixeira\",\"email\":\"antonioramosteixeira4726@ig.com.br\",\"phone\":null,\"document\":{\"number\":\"36269237890\",\"type\":\"CPF\"},\"country\":\"BR\",\"ip\":\"34.73.54.178\"},\"items\":[{\"id\":\"PROD_6a20694ddb2dd\",\"title\":\"Produto 65.84\",\"quantity\":1,\"unitPrice\":6584}],\"amount\":6584,\"fee\":{\"fixedAmount\":0,\"netAmount\":6584},\"trackingParameters\":[],\"isTest\":false}"
}
----------------------------------------
[2026-06-03 17:50:05] 🔄 Processando dados recebidos
Dados: {
    "orderId": "vpaprz5r8e",
    "platform": "PayHubr",
    "paymentMethod": "pix",
    "status": "paid",
    "createdAt": "2026-06-03T14:47:59-03:00",
    "approvedDate": "2026-06-03 17:50:05",
    "paidAt": "2026-06-03 17:50:05",
    "refundedAt": null,
    "customer": {
        "name": "Antonio Ramos Teixeira",
        "email": "antonioramosteixeira4726@ig.com.br",
        "phone": null,
        "document": {
            "number": "36269237890",
            "type": "CPF"
        },
        "country": "BR",
        "ip": "34.73.54.178"
    },
    "items": [
        {
            "id": "PROD_6a20694ddb2dd",
            "title": "Produto 65.84",
            "quantity": 1,
            "unitPrice": 6584
        }
    ],
    "amount": 6584,
    "fee": {
        "fixedAmount": 0,
        "netAmount": 6584
    },
    "trackingParameters": [],
    "isTest": false
}
----------------------------------------
[2026-06-03 17:50:05] 📤 Dados formatados para Utmify
Dados: {
    "orderId": "vpaprz5r8e",
    "platform": "PayHubr",
    "paymentMethod": "pix",
    "status": "paid",
    "createdAt": "2026-06-03 17:47:59",
    "approvedDate": "2026-06-03 17:50:05",
    "refundedAt": null,
    "customer": {
        "name": "Antonio Ramos Teixeira",
        "email": "antonioramosteixeira4726@ig.com.br",
        "phone": null,
        "document": "36269237890",
        "country": "BR",
        "ip": "2a02:4780:13:1234::105"
    },
    "products": [
        {
            "id": "PROD_6a20694ddb2dd",
            "name": "Produto 65.84",
            "planId": null,
            "planName": null,
            "quantity": 1,
            "priceInCents": 6584
        }
    ],
    "trackingParameters": {
        "src": null,
        "sck": null,
        "utm_source": null,
        "utm_campaign": null,
        "utm_medium": null,
        "utm_content": null,
        "utm_term": null,
        "xcod": null,
        "fbclid": null,
        "gclid": null,
        "ttclid": null
    },
    "commission": {
        "totalPriceInCents": 6584,
        "gatewayFeeInCents": 0,
        "userCommissionInCents": 6584
    },
    "isTest": false
}
----------------------------------------
[2026-06-03 17:50:05] 📡 Enviando requisição para Utmify
Dados: {
    "url": "https:\/\/api.utmify.com.br\/api-credentials\/orders",
    "headers": [
        "Content-Type: application\/json",
        "x-api-token: [REDACTED]"
    ]
}
----------------------------------------
[2026-06-03 17:50:05] ✅ Resposta da API Utmify
Dados: {
    "http_code": 200,
    "response": {
        "OK": true,
        "data": [],
        "result": "SUCCESS"
    }
}
----------------------------------------
[2026-06-03 17:50:56] 📥 Dados recebidos do PayHubr
Dados: {
    "raw": "{\"orderId\":\"vpa1mn8m83\",\"platform\":\"PayHubr\",\"paymentMethod\":\"pix\",\"status\":\"paid\",\"createdAt\":\"2026-06-03T14:50:07-03:00\",\"approvedDate\":\"2026-06-03 17:50:56\",\"paidAt\":\"2026-06-03 17:50:56\",\"refundedAt\":null,\"customer\":{\"name\":\"Jose Cavalcante Machado\",\"email\":\"josecavalcantemachado328@terra.com.br\",\"phone\":null,\"document\":{\"number\":\"07904310414\",\"type\":\"CPF\"},\"country\":\"BR\",\"ip\":\"34.73.54.178\"},\"items\":[{\"id\":\"PROD_6a20698022a88\",\"title\":\"Produto 65.84\",\"quantity\":1,\"unitPrice\":6584}],\"amount\":6584,\"fee\":{\"fixedAmount\":0,\"netAmount\":6584},\"trackingParameters\":[],\"isTest\":false}"
}
----------------------------------------
[2026-06-03 17:50:56] 🔄 Processando dados recebidos
Dados: {
    "orderId": "vpa1mn8m83",
    "platform": "PayHubr",
    "paymentMethod": "pix",
    "status": "paid",
    "createdAt": "2026-06-03T14:50:07-03:00",
    "approvedDate": "2026-06-03 17:50:56",
    "paidAt": "2026-06-03 17:50:56",
    "refundedAt": null,
    "customer": {
        "name": "Jose Cavalcante Machado",
        "email": "josecavalcantemachado328@terra.com.br",
        "phone": null,
        "document": {
            "number": "07904310414",
            "type": "CPF"
        },
        "country": "BR",
        "ip": "34.73.54.178"
    },
    "items": [
        {
            "id": "PROD_6a20698022a88",
            "title": "Produto 65.84",
            "quantity": 1,
            "unitPrice": 6584
        }
    ],
    "amount": 6584,
    "fee": {
        "fixedAmount": 0,
        "netAmount": 6584
    },
    "trackingParameters": [],
    "isTest": false
}
----------------------------------------
[2026-06-03 17:50:56] 📤 Dados formatados para Utmify
Dados: {
    "orderId": "vpa1mn8m83",
    "platform": "PayHubr",
    "paymentMethod": "pix",
    "status": "paid",
    "createdAt": "2026-06-03 17:50:07",
    "approvedDate": "2026-06-03 17:50:56",
    "refundedAt": null,
    "customer": {
        "name": "Jose Cavalcante Machado",
        "email": "josecavalcantemachado328@terra.com.br",
        "phone": null,
        "document": "07904310414",
        "country": "BR",
        "ip": "2a02:4780:13:1234::105"
    },
    "products": [
        {
            "id": "PROD_6a20698022a88",
            "name": "Produto 65.84",
            "planId": null,
            "planName": null,
            "quantity": 1,
            "priceInCents": 6584
        }
    ],
    "trackingParameters": {
        "src": null,
        "sck": null,
        "utm_source": null,
        "utm_campaign": null,
        "utm_medium": null,
        "utm_content": null,
        "utm_term": null,
        "xcod": null,
        "fbclid": null,
        "gclid": null,
        "ttclid": null
    },
    "commission": {
        "totalPriceInCents": 6584,
        "gatewayFeeInCents": 0,
        "userCommissionInCents": 6584
    },
    "isTest": false
}
----------------------------------------
[2026-06-03 17:50:56] 📡 Enviando requisição para Utmify
Dados: {
    "url": "https:\/\/api.utmify.com.br\/api-credentials\/orders",
    "headers": [
        "Content-Type: application\/json",
        "x-api-token: [REDACTED]"
    ]
}
----------------------------------------
[2026-06-03 17:50:56] ✅ Resposta da API Utmify
Dados: {
    "http_code": 200,
    "response": {
        "OK": true,
        "data": [],
        "result": "SUCCESS"
    }
}
----------------------------------------
[2026-06-03 17:57:11] 📥 Dados recebidos do PayHubr
Dados: {
    "raw": "{\"orderId\":\"vpam3r53k7\",\"platform\":\"PayHubr\",\"paymentMethod\":\"pix\",\"status\":\"paid\",\"createdAt\":\"2026-06-03T14:55:42-03:00\",\"approvedDate\":\"2026-06-03 17:57:11\",\"paidAt\":\"2026-06-03 17:57:11\",\"refundedAt\":null,\"customer\":{\"name\":\"Marcelo Lima Soares\",\"email\":\"marcelolimasoares5631@r7.com\",\"phone\":null,\"document\":{\"number\":\"66955009087\",\"type\":\"CPF\"},\"country\":\"BR\",\"ip\":\"34.73.54.178\"},\"items\":[{\"id\":\"PROD_6a206af7771a9\",\"title\":\"Produto 65.84\",\"quantity\":1,\"unitPrice\":6584}],\"amount\":6584,\"fee\":{\"fixedAmount\":0,\"netAmount\":6584},\"trackingParameters\":[],\"isTest\":false}"
}
----------------------------------------
[2026-06-03 17:57:11] 🔄 Processando dados recebidos
Dados: {
    "orderId": "vpam3r53k7",
    "platform": "PayHubr",
    "paymentMethod": "pix",
    "status": "paid",
    "createdAt": "2026-06-03T14:55:42-03:00",
    "approvedDate": "2026-06-03 17:57:11",
    "paidAt": "2026-06-03 17:57:11",
    "refundedAt": null,
    "customer": {
        "name": "Marcelo Lima Soares",
        "email": "marcelolimasoares5631@r7.com",
        "phone": null,
        "document": {
            "number": "66955009087",
            "type": "CPF"
        },
        "country": "BR",
        "ip": "34.73.54.178"
    },
    "items": [
        {
            "id": "PROD_6a206af7771a9",
            "title": "Produto 65.84",
            "quantity": 1,
            "unitPrice": 6584
        }
    ],
    "amount": 6584,
    "fee": {
        "fixedAmount": 0,
        "netAmount": 6584
    },
    "trackingParameters": [],
    "isTest": false
}
----------------------------------------
[2026-06-03 17:57:11] 📤 Dados formatados para Utmify
Dados: {
    "orderId": "vpam3r53k7",
    "platform": "PayHubr",
    "paymentMethod": "pix",
    "status": "paid",
    "createdAt": "2026-06-03 17:55:42",
    "approvedDate": "2026-06-03 17:57:11",
    "refundedAt": null,
    "customer": {
        "name": "Marcelo Lima Soares",
        "email": "marcelolimasoares5631@r7.com",
        "phone": null,
        "document": "66955009087",
        "country": "BR",
        "ip": "2a02:4780:13:1234::105"
    },
    "products": [
        {
            "id": "PROD_6a206af7771a9",
            "name": "Produto 65.84",
            "planId": null,
            "planName": null,
            "quantity": 1,
            "priceInCents": 6584
        }
    ],
    "trackingParameters": {
        "src": null,
        "sck": null,
        "utm_source": null,
        "utm_campaign": null,
        "utm_medium": null,
        "utm_content": null,
        "utm_term": null,
        "xcod": null,
        "fbclid": null,
        "gclid": null,
        "ttclid": null
    },
    "commission": {
        "totalPriceInCents": 6584,
        "gatewayFeeInCents": 0,
        "userCommissionInCents": 6584
    },
    "isTest": false
}
----------------------------------------
[2026-06-03 17:57:11] 📡 Enviando requisição para Utmify
Dados: {
    "url": "https:\/\/api.utmify.com.br\/api-credentials\/orders",
    "headers": [
        "Content-Type: application\/json",
        "x-api-token: [REDACTED]"
    ]
}
----------------------------------------
[2026-06-03 17:57:11] ✅ Resposta da API Utmify
Dados: {
    "http_code": 200,
    "response": {
        "OK": true,
        "data": [],
        "result": "SUCCESS"
    }
}
----------------------------------------
[2026-06-03 17:57:58] 📥 Dados recebidos do PayHubr
Dados: {
    "raw": "{\"orderId\":\"vpa5n46n24\",\"platform\":\"PayHubr\",\"paymentMethod\":\"pix\",\"status\":\"paid\",\"createdAt\":\"2026-06-03T14:53:38-03:00\",\"approvedDate\":\"2026-06-03 17:57:58\",\"paidAt\":\"2026-06-03 17:57:58\",\"refundedAt\":null,\"customer\":{\"name\":\"Debora Antunes Barros\",\"email\":\"deboraantunesbarros4215@ig.com.br\",\"phone\":null,\"document\":{\"number\":\"53652916115\",\"type\":\"CPF\"},\"country\":\"BR\",\"ip\":\"34.73.54.178\"},\"items\":[{\"id\":\"PROD_6a206b26ba0a8\",\"title\":\"Produto 65.84\",\"quantity\":1,\"unitPrice\":6584}],\"amount\":6584,\"fee\":{\"fixedAmount\":0,\"netAmount\":6584},\"trackingParameters\":[],\"isTest\":false}"
}
----------------------------------------
[2026-06-03 17:57:58] 🔄 Processando dados recebidos
Dados: {
    "orderId": "vpa5n46n24",
    "platform": "PayHubr",
    "paymentMethod": "pix",
    "status": "paid",
    "createdAt": "2026-06-03T14:53:38-03:00",
    "approvedDate": "2026-06-03 17:57:58",
    "paidAt": "2026-06-03 17:57:58",
    "refundedAt": null,
    "customer": {
        "name": "Debora Antunes Barros",
        "email": "deboraantunesbarros4215@ig.com.br",
        "phone": null,
        "document": {
            "number": "53652916115",
            "type": "CPF"
        },
        "country": "BR",
        "ip": "34.73.54.178"
    },
    "items": [
        {
            "id": "PROD_6a206b26ba0a8",
            "title": "Produto 65.84",
            "quantity": 1,
            "unitPrice": 6584
        }
    ],
    "amount": 6584,
    "fee": {
        "fixedAmount": 0,
        "netAmount": 6584
    },
    "trackingParameters": [],
    "isTest": false
}
----------------------------------------
[2026-06-03 17:57:58] 📤 Dados formatados para Utmify
Dados: {
    "orderId": "vpa5n46n24",
    "platform": "PayHubr",
    "paymentMethod": "pix",
    "status": "paid",
    "createdAt": "2026-06-03 17:53:38",
    "approvedDate": "2026-06-03 17:57:58",
    "refundedAt": null,
    "customer": {
        "name": "Debora Antunes Barros",
        "email": "deboraantunesbarros4215@ig.com.br",
        "phone": null,
        "document": "53652916115",
        "country": "BR",
        "ip": "2a02:4780:13:1234::105"
    },
    "products": [
        {
            "id": "PROD_6a206b26ba0a8",
            "name": "Produto 65.84",
            "planId": null,
            "planName": null,
            "quantity": 1,
            "priceInCents": 6584
        }
    ],
    "trackingParameters": {
        "src": null,
        "sck": null,
        "utm_source": null,
        "utm_campaign": null,
        "utm_medium": null,
        "utm_content": null,
        "utm_term": null,
        "xcod": null,
        "fbclid": null,
        "gclid": null,
        "ttclid": null
    },
    "commission": {
        "totalPriceInCents": 6584,
        "gatewayFeeInCents": 0,
        "userCommissionInCents": 6584
    },
    "isTest": false
}
----------------------------------------
[2026-06-03 17:57:58] 📡 Enviando requisição para Utmify
Dados: {
    "url": "https:\/\/api.utmify.com.br\/api-credentials\/orders",
    "headers": [
        "Content-Type: application\/json",
        "x-api-token: [REDACTED]"
    ]
}
----------------------------------------
[2026-06-03 17:57:58] ✅ Resposta da API Utmify
Dados: {
    "http_code": 200,
    "response": {
        "OK": true,
        "data": [],
        "result": "SUCCESS"
    }
}
----------------------------------------
[2026-06-03 23:22:29] 📥 Dados recebidos do PayHubr
Dados: {
    "raw": "{\"orderId\":\"vpa0nj872e\",\"platform\":\"PayHubr\",\"paymentMethod\":\"pix\",\"status\":\"paid\",\"createdAt\":\"2026-06-03T20:21:47-03:00\",\"approvedDate\":\"2026-06-03 23:22:29\",\"paidAt\":\"2026-06-03 23:22:29\",\"refundedAt\":null,\"customer\":{\"name\":\"Felipe Farias Freitas\",\"email\":\"felipefariasfreitas3719@ig.com.br\",\"phone\":null,\"document\":{\"number\":\"53475846454\",\"type\":\"CPF\"},\"country\":\"BR\",\"ip\":\"34.73.54.178\"},\"items\":[{\"id\":\"PROD_6a20b735c545f\",\"title\":\"Produto 67.89\",\"quantity\":1,\"unitPrice\":6789}],\"amount\":6789,\"fee\":{\"fixedAmount\":0,\"netAmount\":6789},\"trackingParameters\":[],\"isTest\":false}"
}
----------------------------------------
[2026-06-03 23:22:29] 🔄 Processando dados recebidos
Dados: {
    "orderId": "vpa0nj872e",
    "platform": "PayHubr",
    "paymentMethod": "pix",
    "status": "paid",
    "createdAt": "2026-06-03T20:21:47-03:00",
    "approvedDate": "2026-06-03 23:22:29",
    "paidAt": "2026-06-03 23:22:29",
    "refundedAt": null,
    "customer": {
        "name": "Felipe Farias Freitas",
        "email": "felipefariasfreitas3719@ig.com.br",
        "phone": null,
        "document": {
            "number": "53475846454",
            "type": "CPF"
        },
        "country": "BR",
        "ip": "34.73.54.178"
    },
    "items": [
        {
            "id": "PROD_6a20b735c545f",
            "title": "Produto 67.89",
            "quantity": 1,
            "unitPrice": 6789
        }
    ],
    "amount": 6789,
    "fee": {
        "fixedAmount": 0,
        "netAmount": 6789
    },
    "trackingParameters": [],
    "isTest": false
}
----------------------------------------
[2026-06-03 23:22:29] 📤 Dados formatados para Utmify
Dados: {
    "orderId": "vpa0nj872e",
    "platform": "PayHubr",
    "paymentMethod": "pix",
    "status": "paid",
    "createdAt": "2026-06-03 23:21:47",
    "approvedDate": "2026-06-03 23:22:29",
    "refundedAt": null,
    "customer": {
        "name": "Felipe Farias Freitas",
        "email": "felipefariasfreitas3719@ig.com.br",
        "phone": null,
        "document": "53475846454",
        "country": "BR",
        "ip": "2a02:4780:13:1234::105"
    },
    "products": [
        {
            "id": "PROD_6a20b735c545f",
            "name": "Produto 67.89",
            "planId": null,
            "planName": null,
            "quantity": 1,
            "priceInCents": 6789
        }
    ],
    "trackingParameters": {
        "src": null,
        "sck": null,
        "utm_source": null,
        "utm_campaign": null,
        "utm_medium": null,
        "utm_content": null,
        "utm_term": null,
        "xcod": null,
        "fbclid": null,
        "gclid": null,
        "ttclid": null
    },
    "commission": {
        "totalPriceInCents": 6789,
        "gatewayFeeInCents": 0,
        "userCommissionInCents": 6789
    },
    "isTest": false
}
----------------------------------------
[2026-06-03 23:22:29] 📡 Enviando requisição para Utmify
Dados: {
    "url": "https:\/\/api.utmify.com.br\/api-credentials\/orders",
    "headers": [
        "Content-Type: application\/json",
        "x-api-token: [REDACTED]"
    ]
}
----------------------------------------
[2026-06-03 23:22:29] ✅ Resposta da API Utmify
Dados: {
    "http_code": 200,
    "response": {
        "OK": true,
        "data": [],
        "result": "SUCCESS"
    }
}
----------------------------------------
[2026-06-03 23:23:11] 📥 Dados recebidos do PayHubr
Dados: {
    "raw": "{\"orderId\":\"vpa6ve6npm\",\"platform\":\"PayHubr\",\"paymentMethod\":\"pix\",\"status\":\"paid\",\"createdAt\":\"2026-06-03T20:22:13-03:00\",\"approvedDate\":\"2026-06-03 23:23:11\",\"paidAt\":\"2026-06-03 23:23:11\",\"refundedAt\":null,\"customer\":{\"name\":\"Leonardo Almeida Fernandes\",\"email\":\"leonardoalmeidafernandes4980@yahoo.com.br\",\"phone\":null,\"document\":{\"number\":\"14452747795\",\"type\":\"CPF\"},\"country\":\"BR\",\"ip\":\"34.73.54.178\"},\"items\":[{\"id\":\"PROD_6a20b75f101f0\",\"title\":\"Produto 67.89\",\"quantity\":1,\"unitPrice\":6789}],\"amount\":6789,\"fee\":{\"fixedAmount\":0,\"netAmount\":6789},\"trackingParameters\":[],\"isTest\":false}"
}
----------------------------------------
[2026-06-03 23:23:11] 🔄 Processando dados recebidos
Dados: {
    "orderId": "vpa6ve6npm",
    "platform": "PayHubr",
    "paymentMethod": "pix",
    "status": "paid",
    "createdAt": "2026-06-03T20:22:13-03:00",
    "approvedDate": "2026-06-03 23:23:11",
    "paidAt": "2026-06-03 23:23:11",
    "refundedAt": null,
    "customer": {
        "name": "Leonardo Almeida Fernandes",
        "email": "leonardoalmeidafernandes4980@yahoo.com.br",
        "phone": null,
        "document": {
            "number": "14452747795",
            "type": "CPF"
        },
        "country": "BR",
        "ip": "34.73.54.178"
    },
    "items": [
        {
            "id": "PROD_6a20b75f101f0",
            "title": "Produto 67.89",
            "quantity": 1,
            "unitPrice": 6789
        }
    ],
    "amount": 6789,
    "fee": {
        "fixedAmount": 0,
        "netAmount": 6789
    },
    "trackingParameters": [],
    "isTest": false
}
----------------------------------------
[2026-06-03 23:23:11] 📤 Dados formatados para Utmify
Dados: {
    "orderId": "vpa6ve6npm",
    "platform": "PayHubr",
    "paymentMethod": "pix",
    "status": "paid",
    "createdAt": "2026-06-03 23:22:13",
    "approvedDate": "2026-06-03 23:23:11",
    "refundedAt": null,
    "customer": {
        "name": "Leonardo Almeida Fernandes",
        "email": "leonardoalmeidafernandes4980@yahoo.com.br",
        "phone": null,
        "document": "14452747795",
        "country": "BR",
        "ip": "2a02:4780:13:1234::105"
    },
    "products": [
        {
            "id": "PROD_6a20b75f101f0",
            "name": "Produto 67.89",
            "planId": null,
            "planName": null,
            "quantity": 1,
            "priceInCents": 6789
        }
    ],
    "trackingParameters": {
        "src": null,
        "sck": null,
        "utm_source": null,
        "utm_campaign": null,
        "utm_medium": null,
        "utm_content": null,
        "utm_term": null,
        "xcod": null,
        "fbclid": null,
        "gclid": null,
        "ttclid": null
    },
    "commission": {
        "totalPriceInCents": 6789,
        "gatewayFeeInCents": 0,
        "userCommissionInCents": 6789
    },
    "isTest": false
}
----------------------------------------
[2026-06-03 23:23:11] 📡 Enviando requisição para Utmify
Dados: {
    "url": "https:\/\/api.utmify.com.br\/api-credentials\/orders",
    "headers": [
        "Content-Type: application\/json",
        "x-api-token: [REDACTED]"
    ]
}
----------------------------------------
[2026-06-03 23:23:11] ✅ Resposta da API Utmify
Dados: {
    "http_code": 200,
    "response": {
        "OK": true,
        "data": [],
        "result": "SUCCESS"
    }
}
----------------------------------------
[2026-06-03 23:23:26] 📥 Dados recebidos do PayHubr
Dados: {
    "raw": "{\"orderId\":\"vpa5n462pz\",\"platform\":\"PayHubr\",\"paymentMethod\":\"pix\",\"status\":\"paid\",\"createdAt\":\"2026-06-03T20:22:09-03:00\",\"approvedDate\":\"2026-06-03 23:23:26\",\"paidAt\":\"2026-06-03 23:23:26\",\"refundedAt\":null,\"customer\":{\"name\":\"Beatriz Lima Vieira\",\"email\":\"beatrizlimavieira1050@r7.com\",\"phone\":null,\"document\":{\"number\":\"09347340898\",\"type\":\"CPF\"},\"country\":\"BR\",\"ip\":\"34.73.54.178\"},\"items\":[{\"id\":\"PROD_6a20b76e1d42c\",\"title\":\"Produto 67.89\",\"quantity\":1,\"unitPrice\":6789}],\"amount\":6789,\"fee\":{\"fixedAmount\":0,\"netAmount\":6789},\"trackingParameters\":[],\"isTest\":false}"
}
----------------------------------------
[2026-06-03 23:23:26] 🔄 Processando dados recebidos
Dados: {
    "orderId": "vpa5n462pz",
    "platform": "PayHubr",
    "paymentMethod": "pix",
    "status": "paid",
    "createdAt": "2026-06-03T20:22:09-03:00",
    "approvedDate": "2026-06-03 23:23:26",
    "paidAt": "2026-06-03 23:23:26",
    "refundedAt": null,
    "customer": {
        "name": "Beatriz Lima Vieira",
        "email": "beatrizlimavieira1050@r7.com",
        "phone": null,
        "document": {
            "number": "09347340898",
            "type": "CPF"
        },
        "country": "BR",
        "ip": "34.73.54.178"
    },
    "items": [
        {
            "id": "PROD_6a20b76e1d42c",
            "title": "Produto 67.89",
            "quantity": 1,
            "unitPrice": 6789
        }
    ],
    "amount": 6789,
    "fee": {
        "fixedAmount": 0,
        "netAmount": 6789
    },
    "trackingParameters": [],
    "isTest": false
}
----------------------------------------
[2026-06-03 23:23:26] 📤 Dados formatados para Utmify
Dados: {
    "orderId": "vpa5n462pz",
    "platform": "PayHubr",
    "paymentMethod": "pix",
    "status": "paid",
    "createdAt": "2026-06-03 23:22:09",
    "approvedDate": "2026-06-03 23:23:26",
    "refundedAt": null,
    "customer": {
        "name": "Beatriz Lima Vieira",
        "email": "beatrizlimavieira1050@r7.com",
        "phone": null,
        "document": "09347340898",
        "country": "BR",
        "ip": "2a02:4780:13:1234::105"
    },
    "products": [
        {
            "id": "PROD_6a20b76e1d42c",
            "name": "Produto 67.89",
            "planId": null,
            "planName": null,
            "quantity": 1,
            "priceInCents": 6789
        }
    ],
    "trackingParameters": {
        "src": null,
        "sck": null,
        "utm_source": null,
        "utm_campaign": null,
        "utm_medium": null,
        "utm_content": null,
        "utm_term": null,
        "xcod": null,
        "fbclid": null,
        "gclid": null,
        "ttclid": null
    },
    "commission": {
        "totalPriceInCents": 6789,
        "gatewayFeeInCents": 0,
        "userCommissionInCents": 6789
    },
    "isTest": false
}
----------------------------------------
[2026-06-03 23:23:26] 📡 Enviando requisição para Utmify
Dados: {
    "url": "https:\/\/api.utmify.com.br\/api-credentials\/orders",
    "headers": [
        "Content-Type: application\/json",
        "x-api-token: [REDACTED]"
    ]
}
----------------------------------------
[2026-06-03 23:23:26] ✅ Resposta da API Utmify
Dados: {
    "http_code": 200,
    "response": {
        "OK": true,
        "data": [],
        "result": "SUCCESS"
    }
}
----------------------------------------
[2026-06-03 23:23:47] 📥 Dados recebidos do PayHubr
Dados: {
    "raw": "{\"orderId\":\"vpakepl1vk\",\"platform\":\"PayHubr\",\"paymentMethod\":\"pix\",\"status\":\"paid\",\"createdAt\":\"2026-06-03T20:23:14-03:00\",\"approvedDate\":\"2026-06-03 23:23:47\",\"paidAt\":\"2026-06-03 23:23:47\",\"refundedAt\":null,\"customer\":{\"name\":\"Samuel Pinto Ramos\",\"email\":\"samuelpintoramos2955@yahoo.com.br\",\"phone\":null,\"document\":{\"number\":\"29727752101\",\"type\":\"CPF\"},\"country\":\"BR\",\"ip\":\"34.73.54.178\"},\"items\":[{\"id\":\"PROD_6a20b783edda8\",\"title\":\"Upsell 1\",\"quantity\":1,\"unitPrice\":3990}],\"amount\":3990,\"fee\":{\"fixedAmount\":0,\"netAmount\":3990},\"trackingParameters\":[],\"isTest\":false}"
}
----------------------------------------
[2026-06-03 23:23:47] 🔄 Processando dados recebidos
Dados: {
    "orderId": "vpakepl1vk",
    "platform": "PayHubr",
    "paymentMethod": "pix",
    "status": "paid",
    "createdAt": "2026-06-03T20:23:14-03:00",
    "approvedDate": "2026-06-03 23:23:47",
    "paidAt": "2026-06-03 23:23:47",
    "refundedAt": null,
    "customer": {
        "name": "Samuel Pinto Ramos",
        "email": "samuelpintoramos2955@yahoo.com.br",
        "phone": null,
        "document": {
            "number": "29727752101",
            "type": "CPF"
        },
        "country": "BR",
        "ip": "34.73.54.178"
    },
    "items": [
        {
            "id": "PROD_6a20b783edda8",
            "title": "Upsell 1",
            "quantity": 1,
            "unitPrice": 3990
        }
    ],
    "amount": 3990,
    "fee": {
        "fixedAmount": 0,
        "netAmount": 3990
    },
    "trackingParameters": [],
    "isTest": false
}
----------------------------------------
[2026-06-03 23:23:47] 📤 Dados formatados para Utmify
Dados: {
    "orderId": "vpakepl1vk",
    "platform": "PayHubr",
    "paymentMethod": "pix",
    "status": "paid",
    "createdAt": "2026-06-03 23:23:14",
    "approvedDate": "2026-06-03 23:23:47",
    "refundedAt": null,
    "customer": {
        "name": "Samuel Pinto Ramos",
        "email": "samuelpintoramos2955@yahoo.com.br",
        "phone": null,
        "document": "29727752101",
        "country": "BR",
        "ip": "2a02:4780:13:1234::105"
    },
    "products": [
        {
            "id": "PROD_6a20b783edda8",
            "name": "Upsell 1",
            "planId": null,
            "planName": null,
            "quantity": 1,
            "priceInCents": 3990
        }
    ],
    "trackingParameters": {
        "src": null,
        "sck": null,
        "utm_source": null,
        "utm_campaign": null,
        "utm_medium": null,
        "utm_content": null,
        "utm_term": null,
        "xcod": null,
        "fbclid": null,
        "gclid": null,
        "ttclid": null
    },
    "commission": {
        "totalPriceInCents": 3990,
        "gatewayFeeInCents": 0,
        "userCommissionInCents": 3990
    },
    "isTest": false
}
----------------------------------------
[2026-06-03 23:23:47] 📡 Enviando requisição para Utmify
Dados: {
    "url": "https:\/\/api.utmify.com.br\/api-credentials\/orders",
    "headers": [
        "Content-Type: application\/json",
        "x-api-token: [REDACTED]"
    ]
}
----------------------------------------
[2026-06-03 23:23:48] ✅ Resposta da API Utmify
Dados: {
    "http_code": 200,
    "response": {
        "OK": true,
        "data": [],
        "result": "SUCCESS"
    }
}
----------------------------------------
[2026-06-03 23:24:14] 📥 Dados recebidos do PayHubr
Dados: {
    "raw": "{\"orderId\":\"vpankl5rzy\",\"platform\":\"PayHubr\",\"paymentMethod\":\"pix\",\"status\":\"paid\",\"createdAt\":\"2026-06-03T20:23:25-03:00\",\"approvedDate\":\"2026-06-03 23:24:14\",\"paidAt\":\"2026-06-03 23:24:14\",\"refundedAt\":null,\"customer\":{\"name\":\"Vitor Moura Tavares\",\"email\":\"vitormouratavares2859@yahoo.com.br\",\"phone\":null,\"document\":{\"number\":\"01242793500\",\"type\":\"CPF\"},\"country\":\"BR\",\"ip\":\"34.73.54.178\"},\"items\":[{\"id\":\"PROD_6a20b79eec829\",\"title\":\"Produto 67.89\",\"quantity\":1,\"unitPrice\":6789}],\"amount\":6789,\"fee\":{\"fixedAmount\":0,\"netAmount\":6789},\"trackingParameters\":[],\"isTest\":false}"
}
----------------------------------------
[2026-06-03 23:24:14] 🔄 Processando dados recebidos
Dados: {
    "orderId": "vpankl5rzy",
    "platform": "PayHubr",
    "paymentMethod": "pix",
    "status": "paid",
    "createdAt": "2026-06-03T20:23:25-03:00",
    "approvedDate": "2026-06-03 23:24:14",
    "paidAt": "2026-06-03 23:24:14",
    "refundedAt": null,
    "customer": {
        "name": "Vitor Moura Tavares",
        "email": "vitormouratavares2859@yahoo.com.br",
        "phone": null,
        "document": {
            "number": "01242793500",
            "type": "CPF"
        },
        "country": "BR",
        "ip": "34.73.54.178"
    },
    "items": [
        {
            "id": "PROD_6a20b79eec829",
            "title": "Produto 67.89",
            "quantity": 1,
            "unitPrice": 6789
        }
    ],
    "amount": 6789,
    "fee": {
        "fixedAmount": 0,
        "netAmount": 6789
    },
    "trackingParameters": [],
    "isTest": false
}
----------------------------------------
[2026-06-03 23:24:14] 📤 Dados formatados para Utmify
Dados: {
    "orderId": "vpankl5rzy",
    "platform": "PayHubr",
    "paymentMethod": "pix",
    "status": "paid",
    "createdAt": "2026-06-03 23:23:25",
    "approvedDate": "2026-06-03 23:24:14",
    "refundedAt": null,
    "customer": {
        "name": "Vitor Moura Tavares",
        "email": "vitormouratavares2859@yahoo.com.br",
        "phone": null,
        "document": "01242793500",
        "country": "BR",
        "ip": "2a02:4780:13:1234::105"
    },
    "products": [
        {
            "id": "PROD_6a20b79eec829",
            "name": "Produto 67.89",
            "planId": null,
            "planName": null,
            "quantity": 1,
            "priceInCents": 6789
        }
    ],
    "trackingParameters": {
        "src": null,
        "sck": null,
        "utm_source": null,
        "utm_campaign": null,
        "utm_medium": null,
        "utm_content": null,
        "utm_term": null,
        "xcod": null,
        "fbclid": null,
        "gclid": null,
        "ttclid": null
    },
    "commission": {
        "totalPriceInCents": 6789,
        "gatewayFeeInCents": 0,
        "userCommissionInCents": 6789
    },
    "isTest": false
}
----------------------------------------
[2026-06-03 23:24:14] 📡 Enviando requisição para Utmify
Dados: {
    "url": "https:\/\/api.utmify.com.br\/api-credentials\/orders",
    "headers": [
        "Content-Type: application\/json",
        "x-api-token: [REDACTED]"
    ]
}
----------------------------------------
[2026-06-03 23:24:15] ✅ Resposta da API Utmify
Dados: {
    "http_code": 200,
    "response": {
        "OK": true,
        "data": [],
        "result": "SUCCESS"
    }
}
----------------------------------------
[2026-06-03 23:24:38] 📥 Dados recebidos do PayHubr
Dados: {
    "raw": "{\"orderId\":\"vpaje2vpyk\",\"platform\":\"PayHubr\",\"paymentMethod\":\"pix\",\"status\":\"paid\",\"createdAt\":\"2026-06-03T20:22:37-03:00\",\"approvedDate\":\"2026-06-03 23:24:38\",\"paidAt\":\"2026-06-03 23:24:38\",\"refundedAt\":null,\"customer\":{\"name\":\"Jorge Silva Santos\",\"email\":\"jorgesilvasantos9611@live.com\",\"phone\":null,\"document\":{\"number\":\"14848646464\",\"type\":\"CPF\"},\"country\":\"BR\",\"ip\":\"34.73.54.178\"},\"items\":[{\"id\":\"PROD_6a20b7b6e92a8\",\"title\":\"Produto 67.89\",\"quantity\":1,\"unitPrice\":6789}],\"amount\":6789,\"fee\":{\"fixedAmount\":0,\"netAmount\":6789},\"trackingParameters\":[],\"isTest\":false}"
}
----------------------------------------
[2026-06-03 23:24:38] 🔄 Processando dados recebidos
Dados: {
    "orderId": "vpaje2vpyk",
    "platform": "PayHubr",
    "paymentMethod": "pix",
    "status": "paid",
    "createdAt": "2026-06-03T20:22:37-03:00",
    "approvedDate": "2026-06-03 23:24:38",
    "paidAt": "2026-06-03 23:24:38",
    "refundedAt": null,
    "customer": {
        "name": "Jorge Silva Santos",
        "email": "jorgesilvasantos9611@live.com",
        "phone": null,
        "document": {
            "number": "14848646464",
            "type": "CPF"
        },
        "country": "BR",
        "ip": "34.73.54.178"
    },
    "items": [
        {
            "id": "PROD_6a20b7b6e92a8",
            "title": "Produto 67.89",
            "quantity": 1,
            "unitPrice": 6789
        }
    ],
    "amount": 6789,
    "fee": {
        "fixedAmount": 0,
        "netAmount": 6789
    },
    "trackingParameters": [],
    "isTest": false
}
----------------------------------------
[2026-06-03 23:24:38] 📤 Dados formatados para Utmify
Dados: {
    "orderId": "vpaje2vpyk",
    "platform": "PayHubr",
    "paymentMethod": "pix",
    "status": "paid",
    "createdAt": "2026-06-03 23:22:37",
    "approvedDate": "2026-06-03 23:24:38",
    "refundedAt": null,
    "customer": {
        "name": "Jorge Silva Santos",
        "email": "jorgesilvasantos9611@live.com",
        "phone": null,
        "document": "14848646464",
        "country": "BR",
        "ip": "2a02:4780:13:1234::105"
    },
    "products": [
        {
            "id": "PROD_6a20b7b6e92a8",
            "name": "Produto 67.89",
            "planId": null,
            "planName": null,
            "quantity": 1,
            "priceInCents": 6789
        }
    ],
    "trackingParameters": {
        "src": null,
        "sck": null,
        "utm_source": null,
        "utm_campaign": null,
        "utm_medium": null,
        "utm_content": null,
        "utm_term": null,
        "xcod": null,
        "fbclid": null,
        "gclid": null,
        "ttclid": null
    },
    "commission": {
        "totalPriceInCents": 6789,
        "gatewayFeeInCents": 0,
        "userCommissionInCents": 6789
    },
    "isTest": false
}
----------------------------------------
[2026-06-03 23:24:38] 📡 Enviando requisição para Utmify
Dados: {
    "url": "https:\/\/api.utmify.com.br\/api-credentials\/orders",
    "headers": [
        "Content-Type: application\/json",
        "x-api-token: [REDACTED]"
    ]
}
----------------------------------------
[2026-06-03 23:24:39] ✅ Resposta da API Utmify
Dados: {
    "http_code": 200,
    "response": {
        "OK": true,
        "data": [],
        "result": "SUCCESS"
    }
}
----------------------------------------
[2026-06-03 23:24:53] 📥 Dados recebidos do PayHubr
Dados: {
    "raw": "{\"orderId\":\"vpa1mn8yd3\",\"platform\":\"PayHubr\",\"paymentMethod\":\"pix\",\"status\":\"paid\",\"createdAt\":\"2026-06-03T20:24:00-03:00\",\"approvedDate\":\"2026-06-03 23:24:53\",\"paidAt\":\"2026-06-03 23:24:53\",\"refundedAt\":null,\"customer\":{\"name\":\"Anderson Teixeira Fernandes\",\"email\":\"andersonteixeirafernandes5523@terra.com.br\",\"phone\":null,\"document\":{\"number\":\"20506680312\",\"type\":\"CPF\"},\"country\":\"BR\",\"ip\":\"34.73.54.178\"},\"items\":[{\"id\":\"PROD_6a20b7c55651d\",\"title\":\"Produto 67.89\",\"quantity\":1,\"unitPrice\":6789}],\"amount\":6789,\"fee\":{\"fixedAmount\":0,\"netAmount\":6789},\"trackingParameters\":[],\"isTest\":false}"
}
----------------------------------------
[2026-06-03 23:24:53] 🔄 Processando dados recebidos
Dados: {
    "orderId": "vpa1mn8yd3",
    "platform": "PayHubr",
    "paymentMethod": "pix",
    "status": "paid",
    "createdAt": "2026-06-03T20:24:00-03:00",
    "approvedDate": "2026-06-03 23:24:53",
    "paidAt": "2026-06-03 23:24:53",
    "refundedAt": null,
    "customer": {
        "name": "Anderson Teixeira Fernandes",
        "email": "andersonteixeirafernandes5523@terra.com.br",
        "phone": null,
        "document": {
            "number": "20506680312",
            "type": "CPF"
        },
        "country": "BR",
        "ip": "34.73.54.178"
    },
    "items": [
        {
            "id": "PROD_6a20b7c55651d",
            "title": "Produto 67.89",
            "quantity": 1,
            "unitPrice": 6789
        }
    ],
    "amount": 6789,
    "fee": {
        "fixedAmount": 0,
        "netAmount": 6789
    },
    "trackingParameters": [],
    "isTest": false
}
----------------------------------------
[2026-06-03 23:24:53] 📤 Dados formatados para Utmify
Dados: {
    "orderId": "vpa1mn8yd3",
    "platform": "PayHubr",
    "paymentMethod": "pix",
    "status": "paid",
    "createdAt": "2026-06-03 23:24:00",
    "approvedDate": "2026-06-03 23:24:53",
    "refundedAt": null,
    "customer": {
        "name": "Anderson Teixeira Fernandes",
        "email": "andersonteixeirafernandes5523@terra.com.br",
        "phone": null,
        "document": "20506680312",
        "country": "BR",
        "ip": "2a02:4780:13:1234::105"
    },
    "products": [
        {
            "id": "PROD_6a20b7c55651d",
            "name": "Produto 67.89",
            "planId": null,
            "planName": null,
            "quantity": 1,
            "priceInCents": 6789
        }
    ],
    "trackingParameters": {
        "src": null,
        "sck": null,
        "utm_source": null,
        "utm_campaign": null,
        "utm_medium": null,
        "utm_content": null,
        "utm_term": null,
        "xcod": null,
        "fbclid": null,
        "gclid": null,
        "ttclid": null
    },
    "commission": {
        "totalPriceInCents": 6789,
        "gatewayFeeInCents": 0,
        "userCommissionInCents": 6789
    },
    "isTest": false
}
----------------------------------------
[2026-06-03 23:24:53] 📡 Enviando requisição para Utmify
Dados: {
    "url": "https:\/\/api.utmify.com.br\/api-credentials\/orders",
    "headers": [
        "Content-Type: application\/json",
        "x-api-token: [REDACTED]"
    ]
}
----------------------------------------
[2026-06-03 23:24:53] ✅ Resposta da API Utmify
Dados: {
    "http_code": 200,
    "response": {
        "OK": true,
        "data": [],
        "result": "SUCCESS"
    }
}
----------------------------------------
[2026-06-03 23:25:06] 📥 Dados recebidos do PayHubr
Dados: {
    "raw": "{\"orderId\":\"vpar3wz5gn\",\"platform\":\"PayHubr\",\"paymentMethod\":\"pix\",\"status\":\"paid\",\"createdAt\":\"2026-06-03T20:23:34-03:00\",\"approvedDate\":\"2026-06-03 23:25:06\",\"paidAt\":\"2026-06-03 23:25:06\",\"refundedAt\":null,\"customer\":{\"name\":\"Karina Miranda Cavalcante\",\"email\":\"karinamirandacavalcante4473@outlook.com\",\"phone\":null,\"document\":{\"number\":\"50631777350\",\"type\":\"CPF\"},\"country\":\"BR\",\"ip\":\"34.73.54.178\"},\"items\":[{\"id\":\"PROD_6a20b7d227127\",\"title\":\"Produto 67.89\",\"quantity\":1,\"unitPrice\":6789}],\"amount\":6789,\"fee\":{\"fixedAmount\":0,\"netAmount\":6789},\"trackingParameters\":[],\"isTest\":false}"
}
----------------------------------------
[2026-06-03 23:25:06] 🔄 Processando dados recebidos
Dados: {
    "orderId": "vpar3wz5gn",
    "platform": "PayHubr",
    "paymentMethod": "pix",
    "status": "paid",
    "createdAt": "2026-06-03T20:23:34-03:00",
    "approvedDate": "2026-06-03 23:25:06",
    "paidAt": "2026-06-03 23:25:06",
    "refundedAt": null,
    "customer": {
        "name": "Karina Miranda Cavalcante",
        "email": "karinamirandacavalcante4473@outlook.com",
        "phone": null,
        "document": {
            "number": "50631777350",
            "type": "CPF"
        },
        "country": "BR",
        "ip": "34.73.54.178"
    },
    "items": [
        {
            "id": "PROD_6a20b7d227127",
            "title": "Produto 67.89",
            "quantity": 1,
            "unitPrice": 6789
        }
    ],
    "amount": 6789,
    "fee": {
        "fixedAmount": 0,
        "netAmount": 6789
    },
    "trackingParameters": [],
    "isTest": false
}
----------------------------------------
[2026-06-03 23:25:06] 📤 Dados formatados para Utmify
Dados: {
    "orderId": "vpar3wz5gn",
    "platform": "PayHubr",
    "paymentMethod": "pix",
    "status": "paid",
    "createdAt": "2026-06-03 23:23:34",
    "approvedDate": "2026-06-03 23:25:06",
    "refundedAt": null,
    "customer": {
        "name": "Karina Miranda Cavalcante",
        "email": "karinamirandacavalcante4473@outlook.com",
        "phone": null,
        "document": "50631777350",
        "country": "BR",
        "ip": "2a02:4780:13:1234::105"
    },
    "products": [
        {
            "id": "PROD_6a20b7d227127",
            "name": "Produto 67.89",
            "planId": null,
            "planName": null,
            "quantity": 1,
            "priceInCents": 6789
        }
    ],
    "trackingParameters": {
        "src": null,
        "sck": null,
        "utm_source": null,
        "utm_campaign": null,
        "utm_medium": null,
        "utm_content": null,
        "utm_term": null,
        "xcod": null,
        "fbclid": null,
        "gclid": null,
        "ttclid": null
    },
    "commission": {
        "totalPriceInCents": 6789,
        "gatewayFeeInCents": 0,
        "userCommissionInCents": 6789
    },
    "isTest": false
}
----------------------------------------
[2026-06-03 23:25:06] 📡 Enviando requisição para Utmify
Dados: {
    "url": "https:\/\/api.utmify.com.br\/api-credentials\/orders",
    "headers": [
        "Content-Type: application\/json",
        "x-api-token: [REDACTED]"
    ]
}
----------------------------------------
[2026-06-03 23:25:06] ✅ Resposta da API Utmify
Dados: {
    "http_code": 200,
    "response": {
        "OK": true,
        "data": [],
        "result": "SUCCESS"
    }
}
----------------------------------------
[2026-06-03 23:25:32] 📥 Dados recebidos do PayHubr
Dados: {
    "raw": "{\"orderId\":\"vpam3r50zw\",\"platform\":\"PayHubr\",\"paymentMethod\":\"pix\",\"status\":\"paid\",\"createdAt\":\"2026-06-03T20:24:45-03:00\",\"approvedDate\":\"2026-06-03 23:25:32\",\"paidAt\":\"2026-06-03 23:25:32\",\"refundedAt\":null,\"customer\":{\"name\":\"Isadora Machado Dias\",\"email\":\"isadoramachadodias8238@ig.com.br\",\"phone\":null,\"document\":{\"number\":\"26105923619\",\"type\":\"CPF\"},\"country\":\"BR\",\"ip\":\"34.73.54.178\"},\"items\":[{\"id\":\"PROD_6a20b7ec62e34\",\"title\":\"Produto 67.89\",\"quantity\":1,\"unitPrice\":6789}],\"amount\":6789,\"fee\":{\"fixedAmount\":0,\"netAmount\":6789},\"trackingParameters\":[],\"isTest\":false}"
}
----------------------------------------
[2026-06-03 23:25:32] 🔄 Processando dados recebidos
Dados: {
    "orderId": "vpam3r50zw",
    "platform": "PayHubr",
    "paymentMethod": "pix",
    "status": "paid",
    "createdAt": "2026-06-03T20:24:45-03:00",
    "approvedDate": "2026-06-03 23:25:32",
    "paidAt": "2026-06-03 23:25:32",
    "refundedAt": null,
    "customer": {
        "name": "Isadora Machado Dias",
        "email": "isadoramachadodias8238@ig.com.br",
        "phone": null,
        "document": {
            "number": "26105923619",
            "type": "CPF"
        },
        "country": "BR",
        "ip": "34.73.54.178"
    },
    "items": [
        {
            "id": "PROD_6a20b7ec62e34",
            "title": "Produto 67.89",
            "quantity": 1,
            "unitPrice": 6789
        }
    ],
    "amount": 6789,
    "fee": {
        "fixedAmount": 0,
        "netAmount": 6789
    },
    "trackingParameters": [],
    "isTest": false
}
----------------------------------------
[2026-06-03 23:25:32] 📤 Dados formatados para Utmify
Dados: {
    "orderId": "vpam3r50zw",
    "platform": "PayHubr",
    "paymentMethod": "pix",
    "status": "paid",
    "createdAt": "2026-06-03 23:24:45",
    "approvedDate": "2026-06-03 23:25:32",
    "refundedAt": null,
    "customer": {
        "name": "Isadora Machado Dias",
        "email": "isadoramachadodias8238@ig.com.br",
        "phone": null,
        "document": "26105923619",
        "country": "BR",
        "ip": "2a02:4780:13:1234::105"
    },
    "products": [
        {
            "id": "PROD_6a20b7ec62e34",
            "name": "Produto 67.89",
            "planId": null,
            "planName": null,
            "quantity": 1,
            "priceInCents": 6789
        }
    ],
    "trackingParameters": {
        "src": null,
        "sck": null,
        "utm_source": null,
        "utm_campaign": null,
        "utm_medium": null,
        "utm_content": null,
        "utm_term": null,
        "xcod": null,
        "fbclid": null,
        "gclid": null,
        "ttclid": null
    },
    "commission": {
        "totalPriceInCents": 6789,
        "gatewayFeeInCents": 0,
        "userCommissionInCents": 6789
    },
    "isTest": false
}
----------------------------------------
[2026-06-03 23:25:32] 📡 Enviando requisição para Utmify
Dados: {
    "url": "https:\/\/api.utmify.com.br\/api-credentials\/orders",
    "headers": [
        "Content-Type: application\/json",
        "x-api-token: [REDACTED]"
    ]
}
----------------------------------------
[2026-06-03 23:25:32] ✅ Resposta da API Utmify
Dados: {
    "http_code": 200,
    "response": {
        "OK": true,
        "data": [],
        "result": "SUCCESS"
    }
}
----------------------------------------
[2026-06-03 23:25:57] 📥 Dados recebidos do PayHubr
Dados: {
    "raw": "{\"orderId\":\"vpa8l8k1gd\",\"platform\":\"PayHubr\",\"paymentMethod\":\"pix\",\"status\":\"paid\",\"createdAt\":\"2026-06-03T20:24:39-03:00\",\"approvedDate\":\"2026-06-03 23:25:57\",\"paidAt\":\"2026-06-03 23:25:57\",\"refundedAt\":null,\"customer\":{\"name\":\"Matheus Alves Correia\",\"email\":\"matheusalvescorreia8903@ig.com.br\",\"phone\":null,\"document\":{\"number\":\"70399941606\",\"type\":\"CPF\"},\"country\":\"BR\",\"ip\":\"34.73.54.178\"},\"items\":[{\"id\":\"PROD_6a20b805a4bd1\",\"title\":\"Produto 67.89\",\"quantity\":1,\"unitPrice\":6789}],\"amount\":6789,\"fee\":{\"fixedAmount\":0,\"netAmount\":6789},\"trackingParameters\":[],\"isTest\":false}"
}
----------------------------------------
[2026-06-03 23:25:57] 🔄 Processando dados recebidos
Dados: {
    "orderId": "vpa8l8k1gd",
    "platform": "PayHubr",
    "paymentMethod": "pix",
    "status": "paid",
    "createdAt": "2026-06-03T20:24:39-03:00",
    "approvedDate": "2026-06-03 23:25:57",
    "paidAt": "2026-06-03 23:25:57",
    "refundedAt": null,
    "customer": {
        "name": "Matheus Alves Correia",
        "email": "matheusalvescorreia8903@ig.com.br",
        "phone": null,
        "document": {
            "number": "70399941606",
            "type": "CPF"
        },
        "country": "BR",
        "ip": "34.73.54.178"
    },
    "items": [
        {
            "id": "PROD_6a20b805a4bd1",
            "title": "Produto 67.89",
            "quantity": 1,
            "unitPrice": 6789
        }
    ],
    "amount": 6789,
    "fee": {
        "fixedAmount": 0,
        "netAmount": 6789
    },
    "trackingParameters": [],
    "isTest": false
}
----------------------------------------
[2026-06-03 23:25:57] 📤 Dados formatados para Utmify
Dados: {
    "orderId": "vpa8l8k1gd",
    "platform": "PayHubr",
    "paymentMethod": "pix",
    "status": "paid",
    "createdAt": "2026-06-03 23:24:39",
    "approvedDate": "2026-06-03 23:25:57",
    "refundedAt": null,
    "customer": {
        "name": "Matheus Alves Correia",
        "email": "matheusalvescorreia8903@ig.com.br",
        "phone": null,
        "document": "70399941606",
        "country": "BR",
        "ip": "2a02:4780:13:1234::105"
    },
    "products": [
        {
            "id": "PROD_6a20b805a4bd1",
            "name": "Produto 67.89",
            "planId": null,
            "planName": null,
            "quantity": 1,
            "priceInCents": 6789
        }
    ],
    "trackingParameters": {
        "src": null,
        "sck": null,
        "utm_source": null,
        "utm_campaign": null,
        "utm_medium": null,
        "utm_content": null,
        "utm_term": null,
        "xcod": null,
        "fbclid": null,
        "gclid": null,
        "ttclid": null
    },
    "commission": {
        "totalPriceInCents": 6789,
        "gatewayFeeInCents": 0,
        "userCommissionInCents": 6789
    },
    "isTest": false
}
----------------------------------------
[2026-06-03 23:25:57] 📡 Enviando requisição para Utmify
Dados: {
    "url": "https:\/\/api.utmify.com.br\/api-credentials\/orders",
    "headers": [
        "Content-Type: application\/json",
        "x-api-token: [REDACTED]"
    ]
}
----------------------------------------
[2026-06-03 23:25:57] ✅ Resposta da API Utmify
Dados: {
    "http_code": 200,
    "response": {
        "OK": true,
        "data": [],
        "result": "SUCCESS"
    }
}
----------------------------------------
[2026-06-03 23:26:01] 📥 Dados recebidos do PayHubr
Dados: {
    "raw": "{\"orderId\":\"vpam3r50l7\",\"platform\":\"PayHubr\",\"paymentMethod\":\"pix\",\"status\":\"paid\",\"createdAt\":\"2026-06-03T20:25:24-03:00\",\"approvedDate\":\"2026-06-03 23:26:01\",\"paidAt\":\"2026-06-03 23:26:01\",\"refundedAt\":null,\"customer\":{\"name\":\"Matheus Figueiredo Ribeiro\",\"email\":\"matheusfigueiredoribeiro2842@hotmail.com\",\"phone\":null,\"document\":{\"number\":\"78869246140\",\"type\":\"CPF\"},\"country\":\"BR\",\"ip\":\"34.73.54.178\"},\"items\":[{\"id\":\"PROD_6a20b809168c4\",\"title\":\"Produto 67.89\",\"quantity\":1,\"unitPrice\":6789}],\"amount\":6789,\"fee\":{\"fixedAmount\":0,\"netAmount\":6789},\"trackingParameters\":[],\"isTest\":false}"
}
----------------------------------------
[2026-06-03 23:26:01] 🔄 Processando dados recebidos
Dados: {
    "orderId": "vpam3r50l7",
    "platform": "PayHubr",
    "paymentMethod": "pix",
    "status": "paid",
    "createdAt": "2026-06-03T20:25:24-03:00",
    "approvedDate": "2026-06-03 23:26:01",
    "paidAt": "2026-06-03 23:26:01",
    "refundedAt": null,
    "customer": {
        "name": "Matheus Figueiredo Ribeiro",
        "email": "matheusfigueiredoribeiro2842@hotmail.com",
        "phone": null,
        "document": {
            "number": "78869246140",
            "type": "CPF"
        },
        "country": "BR",
        "ip": "34.73.54.178"
    },
    "items": [
        {
            "id": "PROD_6a20b809168c4",
            "title": "Produto 67.89",
            "quantity": 1,
            "unitPrice": 6789
        }
    ],
    "amount": 6789,
    "fee": {
        "fixedAmount": 0,
        "netAmount": 6789
    },
    "trackingParameters": [],
    "isTest": false
}
----------------------------------------
[2026-06-03 23:26:01] 📤 Dados formatados para Utmify
Dados: {
    "orderId": "vpam3r50l7",
    "platform": "PayHubr",
    "paymentMethod": "pix",
    "status": "paid",
    "createdAt": "2026-06-03 23:25:24",
    "approvedDate": "2026-06-03 23:26:01",
    "refundedAt": null,
    "customer": {
        "name": "Matheus Figueiredo Ribeiro",
        "email": "matheusfigueiredoribeiro2842@hotmail.com",
        "phone": null,
        "document": "78869246140",
        "country": "BR",
        "ip": "2a02:4780:13:1234::105"
    },
    "products": [
        {
            "id": "PROD_6a20b809168c4",
            "name": "Produto 67.89",
            "planId": null,
            "planName": null,
            "quantity": 1,
            "priceInCents": 6789
        }
    ],
    "trackingParameters": {
        "src": null,
        "sck": null,
        "utm_source": null,
        "utm_campaign": null,
        "utm_medium": null,
        "utm_content": null,
        "utm_term": null,
        "xcod": null,
        "fbclid": null,
        "gclid": null,
        "ttclid": null
    },
    "commission": {
        "totalPriceInCents": 6789,
        "gatewayFeeInCents": 0,
        "userCommissionInCents": 6789
    },
    "isTest": false
}
----------------------------------------
[2026-06-03 23:26:01] 📡 Enviando requisição para Utmify
Dados: {
    "url": "https:\/\/api.utmify.com.br\/api-credentials\/orders",
    "headers": [
        "Content-Type: application\/json",
        "x-api-token: [REDACTED]"
    ]
}
----------------------------------------
[2026-06-03 23:26:01] ✅ Resposta da API Utmify
Dados: {
    "http_code": 200,
    "response": {
        "OK": true,
        "data": [],
        "result": "SUCCESS"
    }
}
----------------------------------------
[2026-06-03 23:26:11] 📥 Dados recebidos do PayHubr
Dados: {
    "raw": "{\"orderId\":\"vpaon5kvmv\",\"platform\":\"PayHubr\",\"paymentMethod\":\"pix\",\"status\":\"paid\",\"createdAt\":\"2026-06-03T20:25:49-03:00\",\"approvedDate\":\"2026-06-03 23:26:11\",\"paidAt\":\"2026-06-03 23:26:11\",\"refundedAt\":null,\"customer\":{\"name\":\"Samuel Machado Cardoso\",\"email\":\"samuelmachadocardoso5943@gmail.com\",\"phone\":null,\"document\":{\"number\":\"14319457226\",\"type\":\"CPF\"},\"country\":\"BR\",\"ip\":\"34.73.54.178\"},\"items\":[{\"id\":\"PROD_6a20b81389520\",\"title\":\"Produto 67.89\",\"quantity\":1,\"unitPrice\":6789}],\"amount\":6789,\"fee\":{\"fixedAmount\":0,\"netAmount\":6789},\"trackingParameters\":[],\"isTest\":false}"
}
----------------------------------------
[2026-06-03 23:26:11] 🔄 Processando dados recebidos
Dados: {
    "orderId": "vpaon5kvmv",
    "platform": "PayHubr",
    "paymentMethod": "pix",
    "status": "paid",
    "createdAt": "2026-06-03T20:25:49-03:00",
    "approvedDate": "2026-06-03 23:26:11",
    "paidAt": "2026-06-03 23:26:11",
    "refundedAt": null,
    "customer": {
        "name": "Samuel Machado Cardoso",
        "email": "samuelmachadocardoso5943@gmail.com",
        "phone": null,
        "document": {
            "number": "14319457226",
            "type": "CPF"
        },
        "country": "BR",
        "ip": "34.73.54.178"
    },
    "items": [
        {
            "id": "PROD_6a20b81389520",
            "title": "Produto 67.89",
            "quantity": 1,
            "unitPrice": 6789
        }
    ],
    "amount": 6789,
    "fee": {
        "fixedAmount": 0,
        "netAmount": 6789
    },
    "trackingParameters": [],
    "isTest": false
}
----------------------------------------
[2026-06-03 23:26:11] 📤 Dados formatados para Utmify
Dados: {
    "orderId": "vpaon5kvmv",
    "platform": "PayHubr",
    "paymentMethod": "pix",
    "status": "paid",
    "createdAt": "2026-06-03 23:25:49",
    "approvedDate": "2026-06-03 23:26:11",
    "refundedAt": null,
    "customer": {
        "name": "Samuel Machado Cardoso",
        "email": "samuelmachadocardoso5943@gmail.com",
        "phone": null,
        "document": "14319457226",
        "country": "BR",
        "ip": "2a02:4780:13:1234::105"
    },
    "products": [
        {
            "id": "PROD_6a20b81389520",
            "name": "Produto 67.89",
            "planId": null,
            "planName": null,
            "quantity": 1,
            "priceInCents": 6789
        }
    ],
    "trackingParameters": {
        "src": null,
        "sck": null,
        "utm_source": null,
        "utm_campaign": null,
        "utm_medium": null,
        "utm_content": null,
        "utm_term": null,
        "xcod": null,
        "fbclid": null,
        "gclid": null,
        "ttclid": null
    },
    "commission": {
        "totalPriceInCents": 6789,
        "gatewayFeeInCents": 0,
        "userCommissionInCents": 6789
    },
    "isTest": false
}
----------------------------------------
[2026-06-03 23:26:11] 📡 Enviando requisição para Utmify
Dados: {
    "url": "https:\/\/api.utmify.com.br\/api-credentials\/orders",
    "headers": [
        "Content-Type: application\/json",
        "x-api-token: [REDACTED]"
    ]
}
----------------------------------------
[2026-06-03 23:26:11] ✅ Resposta da API Utmify
Dados: {
    "http_code": 200,
    "response": {
        "OK": true,
        "data": [],
        "result": "SUCCESS"
    }
}
----------------------------------------
[2026-06-03 23:26:21] 📥 Dados recebidos do PayHubr
Dados: {
    "raw": "{\"orderId\":\"vpalwo5kvn\",\"platform\":\"PayHubr\",\"paymentMethod\":\"pix\",\"status\":\"paid\",\"createdAt\":\"2026-06-03T20:25:35-03:00\",\"approvedDate\":\"2026-06-03 23:26:21\",\"paidAt\":\"2026-06-03 23:26:21\",\"refundedAt\":null,\"customer\":{\"name\":\"Carlos Lopes Duarte\",\"email\":\"carloslopesduarte2135@msn.com\",\"phone\":null,\"document\":{\"number\":\"40209751320\",\"type\":\"CPF\"},\"country\":\"BR\",\"ip\":\"34.73.54.178\"},\"items\":[{\"id\":\"PROD_6a20b81d0b944\",\"title\":\"Produto 67.89\",\"quantity\":1,\"unitPrice\":6789}],\"amount\":6789,\"fee\":{\"fixedAmount\":0,\"netAmount\":6789},\"trackingParameters\":[],\"isTest\":false}"
}
----------------------------------------
[2026-06-03 23:26:21] 🔄 Processando dados recebidos
Dados: {
    "orderId": "vpalwo5kvn",
    "platform": "PayHubr",
    "paymentMethod": "pix",
    "status": "paid",
    "createdAt": "2026-06-03T20:25:35-03:00",
    "approvedDate": "2026-06-03 23:26:21",
    "paidAt": "2026-06-03 23:26:21",
    "refundedAt": null,
    "customer": {
        "name": "Carlos Lopes Duarte",
        "email": "carloslopesduarte2135@msn.com",
        "phone": null,
        "document": {
            "number": "40209751320",
            "type": "CPF"
        },
        "country": "BR",
        "ip": "34.73.54.178"
    },
    "items": [
        {
            "id": "PROD_6a20b81d0b944",
            "title": "Produto 67.89",
            "quantity": 1,
            "unitPrice": 6789
        }
    ],
    "amount": 6789,
    "fee": {
        "fixedAmount": 0,
        "netAmount": 6789
    },
    "trackingParameters": [],
    "isTest": false
}
----------------------------------------
[2026-06-03 23:26:21] 📤 Dados formatados para Utmify
Dados: {
    "orderId": "vpalwo5kvn",
    "platform": "PayHubr",
    "paymentMethod": "pix",
    "status": "paid",
    "createdAt": "2026-06-03 23:25:35",
    "approvedDate": "2026-06-03 23:26:21",
    "refundedAt": null,
    "customer": {
        "name": "Carlos Lopes Duarte",
        "email": "carloslopesduarte2135@msn.com",
        "phone": null,
        "document": "40209751320",
        "country": "BR",
        "ip": "2a02:4780:13:1234::105"
    },
    "products": [
        {
            "id": "PROD_6a20b81d0b944",
            "name": "Produto 67.89",
            "planId": null,
            "planName": null,
            "quantity": 1,
            "priceInCents": 6789
        }
    ],
    "trackingParameters": {
        "src": null,
        "sck": null,
        "utm_source": null,
        "utm_campaign": null,
        "utm_medium": null,
        "utm_content": null,
        "utm_term": null,
        "xcod": null,
        "fbclid": null,
        "gclid": null,
        "ttclid": null
    },
    "commission": {
        "totalPriceInCents": 6789,
        "gatewayFeeInCents": 0,
        "userCommissionInCents": 6789
    },
    "isTest": false
}
----------------------------------------
[2026-06-03 23:26:21] 📡 Enviando requisição para Utmify
Dados: {
    "url": "https:\/\/api.utmify.com.br\/api-credentials\/orders",
    "headers": [
        "Content-Type: application\/json",
        "x-api-token: [REDACTED]"
    ]
}
----------------------------------------
[2026-06-03 23:26:21] ✅ Resposta da API Utmify
Dados: {
    "http_code": 200,
    "response": {
        "OK": true,
        "data": [],
        "result": "SUCCESS"
    }
}
----------------------------------------
[2026-06-03 23:26:30] 📥 Dados recebidos do PayHubr
Dados: {
    "raw": "{\"orderId\":\"vpay0vd2ww\",\"platform\":\"PayHubr\",\"paymentMethod\":\"pix\",\"status\":\"paid\",\"createdAt\":\"2026-06-03T20:25:23-03:00\",\"approvedDate\":\"2026-06-03 23:26:30\",\"paidAt\":\"2026-06-03 23:26:30\",\"refundedAt\":null,\"customer\":{\"name\":\"Fernando Figueiredo Correia\",\"email\":\"fernandofigueiredocorreia676@hotmail.com\",\"phone\":null,\"document\":{\"number\":\"66467332369\",\"type\":\"CPF\"},\"country\":\"BR\",\"ip\":\"34.73.54.178\"},\"items\":[{\"id\":\"PROD_6a20b826aad5b\",\"title\":\"Produto 67.89\",\"quantity\":1,\"unitPrice\":6789}],\"amount\":6789,\"fee\":{\"fixedAmount\":0,\"netAmount\":6789},\"trackingParameters\":[],\"isTest\":false}"
}
----------------------------------------
[2026-06-03 23:26:30] 🔄 Processando dados recebidos
Dados: {
    "orderId": "vpay0vd2ww",
    "platform": "PayHubr",
    "paymentMethod": "pix",
    "status": "paid",
    "createdAt": "2026-06-03T20:25:23-03:00",
    "approvedDate": "2026-06-03 23:26:30",
    "paidAt": "2026-06-03 23:26:30",
    "refundedAt": null,
    "customer": {
        "name": "Fernando Figueiredo Correia",
        "email": "fernandofigueiredocorreia676@hotmail.com",
        "phone": null,
        "document": {
            "number": "66467332369",
            "type": "CPF"
        },
        "country": "BR",
        "ip": "34.73.54.178"
    },
    "items": [
        {
            "id": "PROD_6a20b826aad5b",
            "title": "Produto 67.89",
            "quantity": 1,
            "unitPrice": 6789
        }
    ],
    "amount": 6789,
    "fee": {
        "fixedAmount": 0,
        "netAmount": 6789
    },
    "trackingParameters": [],
    "isTest": false
}
----------------------------------------
[2026-06-03 23:26:30] 📤 Dados formatados para Utmify
Dados: {
    "orderId": "vpay0vd2ww",
    "platform": "PayHubr",
    "paymentMethod": "pix",
    "status": "paid",
    "createdAt": "2026-06-03 23:25:23",
    "approvedDate": "2026-06-03 23:26:30",
    "refundedAt": null,
    "customer": {
        "name": "Fernando Figueiredo Correia",
        "email": "fernandofigueiredocorreia676@hotmail.com",
        "phone": null,
        "document": "66467332369",
        "country": "BR",
        "ip": "2a02:4780:13:1234::105"
    },
    "products": [
        {
            "id": "PROD_6a20b826aad5b",
            "name": "Produto 67.89",
            "planId": null,
            "planName": null,
            "quantity": 1,
            "priceInCents": 6789
        }
    ],
    "trackingParameters": {
        "src": null,
        "sck": null,
        "utm_source": null,
        "utm_campaign": null,
        "utm_medium": null,
        "utm_content": null,
        "utm_term": null,
        "xcod": null,
        "fbclid": null,
        "gclid": null,
        "ttclid": null
    },
    "commission": {
        "totalPriceInCents": 6789,
        "gatewayFeeInCents": 0,
        "userCommissionInCents": 6789
    },
    "isTest": false
}
----------------------------------------
[2026-06-03 23:26:30] 📡 Enviando requisição para Utmify
Dados: {
    "url": "https:\/\/api.utmify.com.br\/api-credentials\/orders",
    "headers": [
        "Content-Type: application\/json",
        "x-api-token: [REDACTED]"
    ]
}
----------------------------------------
[2026-06-03 23:26:30] ✅ Resposta da API Utmify
Dados: {
    "http_code": 200,
    "response": {
        "OK": true,
        "data": [],
        "result": "SUCCESS"
    }
}
----------------------------------------
[2026-06-03 23:26:40] 📥 Dados recebidos do PayHubr
Dados: {
    "raw": "{\"orderId\":\"vpakepl18k\",\"platform\":\"PayHubr\",\"paymentMethod\":\"pix\",\"status\":\"paid\",\"createdAt\":\"2026-06-03T20:24:13-03:00\",\"approvedDate\":\"2026-06-03 23:26:40\",\"paidAt\":\"2026-06-03 23:26:40\",\"refundedAt\":null,\"customer\":{\"name\":\"Helena Rodrigues Antunes\",\"email\":\"helenarodriguesantunes9327@yahoo.com.br\",\"phone\":null,\"document\":{\"number\":\"25939673236\",\"type\":\"CPF\"},\"country\":\"BR\",\"ip\":\"34.73.54.178\"},\"items\":[{\"id\":\"PROD_6a20b8307bf60\",\"title\":\"Produto 67.89\",\"quantity\":1,\"unitPrice\":6789}],\"amount\":6789,\"fee\":{\"fixedAmount\":0,\"netAmount\":6789},\"trackingParameters\":[],\"isTest\":false}"
}
----------------------------------------
[2026-06-03 23:26:40] 🔄 Processando dados recebidos
Dados: {
    "orderId": "vpakepl18k",
    "platform": "PayHubr",
    "paymentMethod": "pix",
    "status": "paid",
    "createdAt": "2026-06-03T20:24:13-03:00",
    "approvedDate": "2026-06-03 23:26:40",
    "paidAt": "2026-06-03 23:26:40",
    "refundedAt": null,
    "customer": {
        "name": "Helena Rodrigues Antunes",
        "email": "helenarodriguesantunes9327@yahoo.com.br",
        "phone": null,
        "document": {
            "number": "25939673236",
            "type": "CPF"
        },
        "country": "BR",
        "ip": "34.73.54.178"
    },
    "items": [
        {
            "id": "PROD_6a20b8307bf60",
            "title": "Produto 67.89",
            "quantity": 1,
            "unitPrice": 6789
        }
    ],
    "amount": 6789,
    "fee": {
        "fixedAmount": 0,
        "netAmount": 6789
    },
    "trackingParameters": [],
    "isTest": false
}
----------------------------------------
[2026-06-03 23:26:40] 📤 Dados formatados para Utmify
Dados: {
    "orderId": "vpakepl18k",
    "platform": "PayHubr",
    "paymentMethod": "pix",
    "status": "paid",
    "createdAt": "2026-06-03 23:24:13",
    "approvedDate": "2026-06-03 23:26:40",
    "refundedAt": null,
    "customer": {
        "name": "Helena Rodrigues Antunes",
        "email": "helenarodriguesantunes9327@yahoo.com.br",
        "phone": null,
        "document": "25939673236",
        "country": "BR",
        "ip": "2a02:4780:13:1234::105"
    },
    "products": [
        {
            "id": "PROD_6a20b8307bf60",
            "name": "Produto 67.89",
            "planId": null,
            "planName": null,
            "quantity": 1,
            "priceInCents": 6789
        }
    ],
    "trackingParameters": {
        "src": null,
        "sck": null,
        "utm_source": null,
        "utm_campaign": null,
        "utm_medium": null,
        "utm_content": null,
        "utm_term": null,
        "xcod": null,
        "fbclid": null,
        "gclid": null,
        "ttclid": null
    },
    "commission": {
        "totalPriceInCents": 6789,
        "gatewayFeeInCents": 0,
        "userCommissionInCents": 6789
    },
    "isTest": false
}
----------------------------------------
[2026-06-03 23:26:40] 📡 Enviando requisição para Utmify
Dados: {
    "url": "https:\/\/api.utmify.com.br\/api-credentials\/orders",
    "headers": [
        "Content-Type: application\/json",
        "x-api-token: [REDACTED]"
    ]
}
----------------------------------------
[2026-06-03 23:26:40] ✅ Resposta da API Utmify
Dados: {
    "http_code": 200,
    "response": {
        "OK": true,
        "data": [],
        "result": "SUCCESS"
    }
}
----------------------------------------
[2026-06-03 23:27:02] 📥 Dados recebidos do PayHubr
Dados: {
    "raw": "{\"orderId\":\"vpazp47n2p\",\"platform\":\"PayHubr\",\"paymentMethod\":\"pix\",\"status\":\"paid\",\"createdAt\":\"2026-06-03T20:25:57-03:00\",\"approvedDate\":\"2026-06-03 23:27:02\",\"paidAt\":\"2026-06-03 23:27:02\",\"refundedAt\":null,\"customer\":{\"name\":\"Lara Teixeira Antunes\",\"email\":\"larateixeiraantunes499@bol.com.br\",\"phone\":null,\"document\":{\"number\":\"32860801790\",\"type\":\"CPF\"},\"country\":\"BR\",\"ip\":\"34.73.54.178\"},\"items\":[{\"id\":\"PROD_6a20b846e3ea3\",\"title\":\"Produto 67.89\",\"quantity\":1,\"unitPrice\":6789}],\"amount\":6789,\"fee\":{\"fixedAmount\":0,\"netAmount\":6789},\"trackingParameters\":[],\"isTest\":false}"
}
----------------------------------------
[2026-06-03 23:27:02] 🔄 Processando dados recebidos
Dados: {
    "orderId": "vpazp47n2p",
    "platform": "PayHubr",
    "paymentMethod": "pix",
    "status": "paid",
    "createdAt": "2026-06-03T20:25:57-03:00",
    "approvedDate": "2026-06-03 23:27:02",
    "paidAt": "2026-06-03 23:27:02",
    "refundedAt": null,
    "customer": {
        "name": "Lara Teixeira Antunes",
        "email": "larateixeiraantunes499@bol.com.br",
        "phone": null,
        "document": {
            "number": "32860801790",
            "type": "CPF"
        },
        "country": "BR",
        "ip": "34.73.54.178"
    },
    "items": [
        {
            "id": "PROD_6a20b846e3ea3",
            "title": "Produto 67.89",
            "quantity": 1,
            "unitPrice": 6789
        }
    ],
    "amount": 6789,
    "fee": {
        "fixedAmount": 0,
        "netAmount": 6789
    },
    "trackingParameters": [],
    "isTest": false
}
----------------------------------------
[2026-06-03 23:27:02] 📤 Dados formatados para Utmify
Dados: {
    "orderId": "vpazp47n2p",
    "platform": "PayHubr",
    "paymentMethod": "pix",
    "status": "paid",
    "createdAt": "2026-06-03 23:25:57",
    "approvedDate": "2026-06-03 23:27:02",
    "refundedAt": null,
    "customer": {
        "name": "Lara Teixeira Antunes",
        "email": "larateixeiraantunes499@bol.com.br",
        "phone": null,
        "document": "32860801790",
        "country": "BR",
        "ip": "2a02:4780:13:1234::105"
    },
    "products": [
        {
            "id": "PROD_6a20b846e3ea3",
            "name": "Produto 67.89",
            "planId": null,
            "planName": null,
            "quantity": 1,
            "priceInCents": 6789
        }
    ],
    "trackingParameters": {
        "src": null,
        "sck": null,
        "utm_source": null,
        "utm_campaign": null,
        "utm_medium": null,
        "utm_content": null,
        "utm_term": null,
        "xcod": null,
        "fbclid": null,
        "gclid": null,
        "ttclid": null
    },
    "commission": {
        "totalPriceInCents": 6789,
        "gatewayFeeInCents": 0,
        "userCommissionInCents": 6789
    },
    "isTest": false
}
----------------------------------------
[2026-06-03 23:27:02] 📡 Enviando requisição para Utmify
Dados: {
    "url": "https:\/\/api.utmify.com.br\/api-credentials\/orders",
    "headers": [
        "Content-Type: application\/json",
        "x-api-token: [REDACTED]"
    ]
}
----------------------------------------
[2026-06-03 23:27:03] ✅ Resposta da API Utmify
Dados: {
    "http_code": 200,
    "response": {
        "OK": true,
        "data": [],
        "result": "SUCCESS"
    }
}
----------------------------------------
[2026-06-03 23:27:12] 📥 Dados recebidos do PayHubr
Dados: {
    "raw": "{\"orderId\":\"vpay0vd2yr\",\"platform\":\"PayHubr\",\"paymentMethod\":\"pix\",\"status\":\"paid\",\"createdAt\":\"2026-06-03T20:26:33-03:00\",\"approvedDate\":\"2026-06-03 23:27:12\",\"paidAt\":\"2026-06-03 23:27:12\",\"refundedAt\":null,\"customer\":{\"name\":\"Nicole Rodrigues Dias\",\"email\":\"nicolerodriguesdias8213@yahoo.com.br\",\"phone\":null,\"document\":{\"number\":\"45168672574\",\"type\":\"CPF\"},\"country\":\"BR\",\"ip\":\"34.73.54.178\"},\"items\":[{\"id\":\"PROD_6a20b850412ed\",\"title\":\"Produto 67.89\",\"quantity\":1,\"unitPrice\":6789}],\"amount\":6789,\"fee\":{\"fixedAmount\":0,\"netAmount\":6789},\"trackingParameters\":[],\"isTest\":false}"
}
----------------------------------------
[2026-06-03 23:27:12] 🔄 Processando dados recebidos
Dados: {
    "orderId": "vpay0vd2yr",
    "platform": "PayHubr",
    "paymentMethod": "pix",
    "status": "paid",
    "createdAt": "2026-06-03T20:26:33-03:00",
    "approvedDate": "2026-06-03 23:27:12",
    "paidAt": "2026-06-03 23:27:12",
    "refundedAt": null,
    "customer": {
        "name": "Nicole Rodrigues Dias",
        "email": "nicolerodriguesdias8213@yahoo.com.br",
        "phone": null,
        "document": {
            "number": "45168672574",
            "type": "CPF"
        },
        "country": "BR",
        "ip": "34.73.54.178"
    },
    "items": [
        {
            "id": "PROD_6a20b850412ed",
            "title": "Produto 67.89",
            "quantity": 1,
            "unitPrice": 6789
        }
    ],
    "amount": 6789,
    "fee": {
        "fixedAmount": 0,
        "netAmount": 6789
    },
    "trackingParameters": [],
    "isTest": false
}
----------------------------------------
[2026-06-03 23:27:12] 📤 Dados formatados para Utmify
Dados: {
    "orderId": "vpay0vd2yr",
    "platform": "PayHubr",
    "paymentMethod": "pix",
    "status": "paid",
    "createdAt": "2026-06-03 23:26:33",
    "approvedDate": "2026-06-03 23:27:12",
    "refundedAt": null,
    "customer": {
        "name": "Nicole Rodrigues Dias",
        "email": "nicolerodriguesdias8213@yahoo.com.br",
        "phone": null,
        "document": "45168672574",
        "country": "BR",
        "ip": "2a02:4780:13:1234::105"
    },
    "products": [
        {
            "id": "PROD_6a20b850412ed",
            "name": "Produto 67.89",
            "planId": null,
            "planName": null,
            "quantity": 1,
            "priceInCents": 6789
        }
    ],
    "trackingParameters": {
        "src": null,
        "sck": null,
        "utm_source": null,
        "utm_campaign": null,
        "utm_medium": null,
        "utm_content": null,
        "utm_term": null,
        "xcod": null,
        "fbclid": null,
        "gclid": null,
        "ttclid": null
    },
    "commission": {
        "totalPriceInCents": 6789,
        "gatewayFeeInCents": 0,
        "userCommissionInCents": 6789
    },
    "isTest": false
}
----------------------------------------
[2026-06-03 23:27:12] 📡 Enviando requisição para Utmify
Dados: {
    "url": "https:\/\/api.utmify.com.br\/api-credentials\/orders",
    "headers": [
        "Content-Type: application\/json",
        "x-api-token: [REDACTED]"
    ]
}
----------------------------------------
[2026-06-03 23:27:12] ✅ Resposta da API Utmify
Dados: {
    "http_code": 200,
    "response": {
        "OK": true,
        "data": [],
        "result": "SUCCESS"
    }
}
----------------------------------------
[2026-06-03 23:27:18] 📥 Dados recebidos do PayHubr
Dados: {
    "raw": "{\"orderId\":\"vpaprz5l6j\",\"platform\":\"PayHubr\",\"paymentMethod\":\"pix\",\"status\":\"paid\",\"createdAt\":\"2026-06-03T20:26:10-03:00\",\"approvedDate\":\"2026-06-03 23:27:18\",\"paidAt\":\"2026-06-03 23:27:18\",\"refundedAt\":null,\"customer\":{\"name\":\"Jonathan Miranda Barbosa\",\"email\":\"jonathanmirandabarbosa6403@bol.com.br\",\"phone\":null,\"document\":{\"number\":\"70897623606\",\"type\":\"CPF\"},\"country\":\"BR\",\"ip\":\"34.73.54.178\"},\"items\":[{\"id\":\"PROD_6a20b856cb6ae\",\"title\":\"Produto 67.89\",\"quantity\":1,\"unitPrice\":6789}],\"amount\":6789,\"fee\":{\"fixedAmount\":0,\"netAmount\":6789},\"trackingParameters\":[],\"isTest\":false}"
}
----------------------------------------
[2026-06-03 23:27:18] 🔄 Processando dados recebidos
Dados: {
    "orderId": "vpaprz5l6j",
    "platform": "PayHubr",
    "paymentMethod": "pix",
    "status": "paid",
    "createdAt": "2026-06-03T20:26:10-03:00",
    "approvedDate": "2026-06-03 23:27:18",
    "paidAt": "2026-06-03 23:27:18",
    "refundedAt": null,
    "customer": {
        "name": "Jonathan Miranda Barbosa",
        "email": "jonathanmirandabarbosa6403@bol.com.br",
        "phone": null,
        "document": {
            "number": "70897623606",
            "type": "CPF"
        },
        "country": "BR",
        "ip": "34.73.54.178"
    },
    "items": [
        {
            "id": "PROD_6a20b856cb6ae",
            "title": "Produto 67.89",
            "quantity": 1,
            "unitPrice": 6789
        }
    ],
    "amount": 6789,
    "fee": {
        "fixedAmount": 0,
        "netAmount": 6789
    },
    "trackingParameters": [],
    "isTest": false
}
----------------------------------------
[2026-06-03 23:27:18] 📤 Dados formatados para Utmify
Dados: {
    "orderId": "vpaprz5l6j",
    "platform": "PayHubr",
    "paymentMethod": "pix",
    "status": "paid",
    "createdAt": "2026-06-03 23:26:10",
    "approvedDate": "2026-06-03 23:27:18",
    "refundedAt": null,
    "customer": {
        "name": "Jonathan Miranda Barbosa",
        "email": "jonathanmirandabarbosa6403@bol.com.br",
        "phone": null,
        "document": "70897623606",
        "country": "BR",
        "ip": "2a02:4780:13:1234::105"
    },
    "products": [
        {
            "id": "PROD_6a20b856cb6ae",
            "name": "Produto 67.89",
            "planId": null,
            "planName": null,
            "quantity": 1,
            "priceInCents": 6789
        }
    ],
    "trackingParameters": {
        "src": null,
        "sck": null,
        "utm_source": null,
        "utm_campaign": null,
        "utm_medium": null,
        "utm_content": null,
        "utm_term": null,
        "xcod": null,
        "fbclid": null,
        "gclid": null,
        "ttclid": null
    },
    "commission": {
        "totalPriceInCents": 6789,
        "gatewayFeeInCents": 0,
        "userCommissionInCents": 6789
    },
    "isTest": false
}
----------------------------------------
[2026-06-03 23:27:18] 📡 Enviando requisição para Utmify
Dados: {
    "url": "https:\/\/api.utmify.com.br\/api-credentials\/orders",
    "headers": [
        "Content-Type: application\/json",
        "x-api-token: [REDACTED]"
    ]
}
----------------------------------------
[2026-06-03 23:27:18] ✅ Resposta da API Utmify
Dados: {
    "http_code": 200,
    "response": {
        "OK": true,
        "data": [],
        "result": "SUCCESS"
    }
}
----------------------------------------
[2026-06-03 23:27:44] 📥 Dados recebidos do PayHubr
Dados: {
    "raw": "{\"orderId\":\"vpaeo6pmjr\",\"platform\":\"PayHubr\",\"paymentMethod\":\"pix\",\"status\":\"paid\",\"createdAt\":\"2026-06-03T20:26:57-03:00\",\"approvedDate\":\"2026-06-03 23:27:44\",\"paidAt\":\"2026-06-03 23:27:44\",\"refundedAt\":null,\"customer\":{\"name\":\"Diego Duarte Lima\",\"email\":\"diegoduartelima4204@globo.com\",\"phone\":null,\"document\":{\"number\":\"77195085481\",\"type\":\"CPF\"},\"country\":\"BR\",\"ip\":\"34.73.54.178\"},\"items\":[{\"id\":\"PROD_6a20b87034a59\",\"title\":\"Upsell 1\",\"quantity\":1,\"unitPrice\":3990}],\"amount\":3990,\"fee\":{\"fixedAmount\":0,\"netAmount\":3990},\"trackingParameters\":[],\"isTest\":false}"
}
----------------------------------------
[2026-06-03 23:27:44] 🔄 Processando dados recebidos
Dados: {
    "orderId": "vpaeo6pmjr",
    "platform": "PayHubr",
    "paymentMethod": "pix",
    "status": "paid",
    "createdAt": "2026-06-03T20:26:57-03:00",
    "approvedDate": "2026-06-03 23:27:44",
    "paidAt": "2026-06-03 23:27:44",
    "refundedAt": null,
    "customer": {
        "name": "Diego Duarte Lima",
        "email": "diegoduartelima4204@globo.com",
        "phone": null,
        "document": {
            "number": "77195085481",
            "type": "CPF"
        },
        "country": "BR",
        "ip": "34.73.54.178"
    },
    "items": [
        {
            "id": "PROD_6a20b87034a59",
            "title": "Upsell 1",
            "quantity": 1,
            "unitPrice": 3990
        }
    ],
    "amount": 3990,
    "fee": {
        "fixedAmount": 0,
        "netAmount": 3990
    },
    "trackingParameters": [],
    "isTest": false
}
----------------------------------------
[2026-06-03 23:27:44] 📤 Dados formatados para Utmify
Dados: {
    "orderId": "vpaeo6pmjr",
    "platform": "PayHubr",
    "paymentMethod": "pix",
    "status": "paid",
    "createdAt": "2026-06-03 23:26:57",
    "approvedDate": "2026-06-03 23:27:44",
    "refundedAt": null,
    "customer": {
        "name": "Diego Duarte Lima",
        "email": "diegoduartelima4204@globo.com",
        "phone": null,
        "document": "77195085481",
        "country": "BR",
        "ip": "2a02:4780:13:1234::105"
    },
    "products": [
        {
            "id": "PROD_6a20b87034a59",
            "name": "Upsell 1",
            "planId": null,
            "planName": null,
            "quantity": 1,
            "priceInCents": 3990
        }
    ],
    "trackingParameters": {
        "src": null,
        "sck": null,
        "utm_source": null,
        "utm_campaign": null,
        "utm_medium": null,
        "utm_content": null,
        "utm_term": null,
        "xcod": null,
        "fbclid": null,
        "gclid": null,
        "ttclid": null
    },
    "commission": {
        "totalPriceInCents": 3990,
        "gatewayFeeInCents": 0,
        "userCommissionInCents": 3990
    },
    "isTest": false
}
----------------------------------------
[2026-06-03 23:27:44] 📡 Enviando requisição para Utmify
Dados: {
    "url": "https:\/\/api.utmify.com.br\/api-credentials\/orders",
    "headers": [
        "Content-Type: application\/json",
        "x-api-token: [REDACTED]"
    ]
}
----------------------------------------
[2026-06-03 23:27:44] ✅ Resposta da API Utmify
Dados: {
    "http_code": 200,
    "response": {
        "OK": true,
        "data": [],
        "result": "SUCCESS"
    }
}
----------------------------------------
[2026-06-03 23:27:44] 📥 Dados recebidos do PayHubr
Dados: {
    "raw": "{\"orderId\":\"vpa736dpnm\",\"platform\":\"PayHubr\",\"paymentMethod\":\"pix\",\"status\":\"paid\",\"createdAt\":\"2026-06-03T20:25:43-03:00\",\"approvedDate\":\"2026-06-03 23:27:44\",\"paidAt\":\"2026-06-03 23:27:44\",\"refundedAt\":null,\"customer\":{\"name\":\"Jose Pereira Coelho\",\"email\":\"josepereiracoelho7836@globo.com\",\"phone\":null,\"document\":{\"number\":\"19697652406\",\"type\":\"CPF\"},\"country\":\"BR\",\"ip\":\"34.73.54.178\"},\"items\":[{\"id\":\"PROD_6a20b87053d45\",\"title\":\"Produto 67.89\",\"quantity\":1,\"unitPrice\":6789}],\"amount\":6789,\"fee\":{\"fixedAmount\":0,\"netAmount\":6789},\"trackingParameters\":[],\"isTest\":false}"
}
----------------------------------------
[2026-06-03 23:27:44] 🔄 Processando dados recebidos
Dados: {
    "orderId": "vpa736dpnm",
    "platform": "PayHubr",
    "paymentMethod": "pix",
    "status": "paid",
    "createdAt": "2026-06-03T20:25:43-03:00",
    "approvedDate": "2026-06-03 23:27:44",
    "paidAt": "2026-06-03 23:27:44",
    "refundedAt": null,
    "customer": {
        "name": "Jose Pereira Coelho",
        "email": "josepereiracoelho7836@globo.com",
        "phone": null,
        "document": {
            "number": "19697652406",
            "type": "CPF"
        },
        "country": "BR",
        "ip": "34.73.54.178"
    },
    "items": [
        {
            "id": "PROD_6a20b87053d45",
            "title": "Produto 67.89",
            "quantity": 1,
            "unitPrice": 6789
        }
    ],
    "amount": 6789,
    "fee": {
        "fixedAmount": 0,
        "netAmount": 6789
    },
    "trackingParameters": [],
    "isTest": false
}
----------------------------------------
[2026-06-03 23:27:44] 📤 Dados formatados para Utmify
Dados: {
    "orderId": "vpa736dpnm",
    "platform": "PayHubr",
    "paymentMethod": "pix",
    "status": "paid",
    "createdAt": "2026-06-03 23:25:43",
    "approvedDate": "2026-06-03 23:27:44",
    "refundedAt": null,
    "customer": {
        "name": "Jose Pereira Coelho",
        "email": "josepereiracoelho7836@globo.com",
        "phone": null,
        "document": "19697652406",
        "country": "BR",
        "ip": "2a02:4780:13:1234::105"
    },
    "products": [
        {
            "id": "PROD_6a20b87053d45",
            "name": "Produto 67.89",
            "planId": null,
            "planName": null,
            "quantity": 1,
            "priceInCents": 6789
        }
    ],
    "trackingParameters": {
        "src": null,
        "sck": null,
        "utm_source": null,
        "utm_campaign": null,
        "utm_medium": null,
        "utm_content": null,
        "utm_term": null,
        "xcod": null,
        "fbclid": null,
        "gclid": null,
        "ttclid": null
    },
    "commission": {
        "totalPriceInCents": 6789,
        "gatewayFeeInCents": 0,
        "userCommissionInCents": 6789
    },
    "isTest": false
}
----------------------------------------
[2026-06-03 23:27:44] 📡 Enviando requisição para Utmify
Dados: {
    "url": "https:\/\/api.utmify.com.br\/api-credentials\/orders",
    "headers": [
        "Content-Type: application\/json",
        "x-api-token: [REDACTED]"
    ]
}
----------------------------------------
[2026-06-03 23:27:44] ✅ Resposta da API Utmify
Dados: {
    "http_code": 200,
    "response": {
        "OK": true,
        "data": [],
        "result": "SUCCESS"
    }
}
----------------------------------------
[2026-06-03 23:27:47] 📥 Dados recebidos do PayHubr
Dados: {
    "raw": "{\"orderId\":\"vpaje2vpz0\",\"platform\":\"PayHubr\",\"paymentMethod\":\"pix\",\"status\":\"paid\",\"createdAt\":\"2026-06-03T20:25:45-03:00\",\"approvedDate\":\"2026-06-03 23:27:47\",\"paidAt\":\"2026-06-03 23:27:47\",\"refundedAt\":null,\"customer\":{\"name\":\"Paulo Campos Silva\",\"email\":\"paulocampossilva1391@ig.com.br\",\"phone\":null,\"document\":{\"number\":\"43973147809\",\"type\":\"CPF\"},\"country\":\"BR\",\"ip\":\"34.73.54.178\"},\"items\":[{\"id\":\"PROD_6a20b873dd2d1\",\"title\":\"Produto 67.89\",\"quantity\":1,\"unitPrice\":6789}],\"amount\":6789,\"fee\":{\"fixedAmount\":0,\"netAmount\":6789},\"trackingParameters\":[],\"isTest\":false}"
}
----------------------------------------
[2026-06-03 23:27:47] 🔄 Processando dados recebidos
Dados: {
    "orderId": "vpaje2vpz0",
    "platform": "PayHubr",
    "paymentMethod": "pix",
    "status": "paid",
    "createdAt": "2026-06-03T20:25:45-03:00",
    "approvedDate": "2026-06-03 23:27:47",
    "paidAt": "2026-06-03 23:27:47",
    "refundedAt": null,
    "customer": {
        "name": "Paulo Campos Silva",
        "email": "paulocampossilva1391@ig.com.br",
        "phone": null,
        "document": {
            "number": "43973147809",
            "type": "CPF"
        },
        "country": "BR",
        "ip": "34.73.54.178"
    },
    "items": [
        {
            "id": "PROD_6a20b873dd2d1",
            "title": "Produto 67.89",
            "quantity": 1,
            "unitPrice": 6789
        }
    ],
    "amount": 6789,
    "fee": {
        "fixedAmount": 0,
        "netAmount": 6789
    },
    "trackingParameters": [],
    "isTest": false
}
----------------------------------------
[2026-06-03 23:27:47] 📤 Dados formatados para Utmify
Dados: {
    "orderId": "vpaje2vpz0",
    "platform": "PayHubr",
    "paymentMethod": "pix",
    "status": "paid",
    "createdAt": "2026-06-03 23:25:45",
    "approvedDate": "2026-06-03 23:27:47",
    "refundedAt": null,
    "customer": {
        "name": "Paulo Campos Silva",
        "email": "paulocampossilva1391@ig.com.br",
        "phone": null,
        "document": "43973147809",
        "country": "BR",
        "ip": "2a02:4780:13:1234::105"
    },
    "products": [
        {
            "id": "PROD_6a20b873dd2d1",
            "name": "Produto 67.89",
            "planId": null,
            "planName": null,
            "quantity": 1,
            "priceInCents": 6789
        }
    ],
    "trackingParameters": {
        "src": null,
        "sck": null,
        "utm_source": null,
        "utm_campaign": null,
        "utm_medium": null,
        "utm_content": null,
        "utm_term": null,
        "xcod": null,
        "fbclid": null,
        "gclid": null,
        "ttclid": null
    },
    "commission": {
        "totalPriceInCents": 6789,
        "gatewayFeeInCents": 0,
        "userCommissionInCents": 6789
    },
    "isTest": false
}
----------------------------------------
[2026-06-03 23:27:47] 📡 Enviando requisição para Utmify
Dados: {
    "url": "https:\/\/api.utmify.com.br\/api-credentials\/orders",
    "headers": [
        "Content-Type: application\/json",
        "x-api-token: [REDACTED]"
    ]
}
----------------------------------------
[2026-06-03 23:27:47] ✅ Resposta da API Utmify
Dados: {
    "http_code": 200,
    "response": {
        "OK": true,
        "data": [],
        "result": "SUCCESS"
    }
}
----------------------------------------
[2026-06-03 23:28:15] 📥 Dados recebidos do PayHubr
Dados: {
    "raw": "{\"orderId\":\"vpa6ve6n83\",\"platform\":\"PayHubr\",\"paymentMethod\":\"pix\",\"status\":\"paid\",\"createdAt\":\"2026-06-03T20:26:21-03:00\",\"approvedDate\":\"2026-06-03 23:28:15\",\"paidAt\":\"2026-06-03 23:28:15\",\"refundedAt\":null,\"customer\":{\"name\":\"Jose Ribeiro Batista\",\"email\":\"joseribeirobatista6243@outlook.com\",\"phone\":null,\"document\":{\"number\":\"91079927182\",\"type\":\"CPF\"},\"country\":\"BR\",\"ip\":\"34.73.54.178\"},\"items\":[{\"id\":\"PROD_6a20b88fe00ba\",\"title\":\"Produto 67.89\",\"quantity\":1,\"unitPrice\":6789}],\"amount\":6789,\"fee\":{\"fixedAmount\":0,\"netAmount\":6789},\"trackingParameters\":[],\"isTest\":false}"
}
----------------------------------------
[2026-06-03 23:28:15] 🔄 Processando dados recebidos
Dados: {
    "orderId": "vpa6ve6n83",
    "platform": "PayHubr",
    "paymentMethod": "pix",
    "status": "paid",
    "createdAt": "2026-06-03T20:26:21-03:00",
    "approvedDate": "2026-06-03 23:28:15",
    "paidAt": "2026-06-03 23:28:15",
    "refundedAt": null,
    "customer": {
        "name": "Jose Ribeiro Batista",
        "email": "joseribeirobatista6243@outlook.com",
        "phone": null,
        "document": {
            "number": "91079927182",
            "type": "CPF"
        },
        "country": "BR",
        "ip": "34.73.54.178"
    },
    "items": [
        {
            "id": "PROD_6a20b88fe00ba",
            "title": "Produto 67.89",
            "quantity": 1,
            "unitPrice": 6789
        }
    ],
    "amount": 6789,
    "fee": {
        "fixedAmount": 0,
        "netAmount": 6789
    },
    "trackingParameters": [],
    "isTest": false
}
----------------------------------------
[2026-06-03 23:28:15] 📤 Dados formatados para Utmify
Dados: {
    "orderId": "vpa6ve6n83",
    "platform": "PayHubr",
    "paymentMethod": "pix",
    "status": "paid",
    "createdAt": "2026-06-03 23:26:21",
    "approvedDate": "2026-06-03 23:28:15",
    "refundedAt": null,
    "customer": {
        "name": "Jose Ribeiro Batista",
        "email": "joseribeirobatista6243@outlook.com",
        "phone": null,
        "document": "91079927182",
        "country": "BR",
        "ip": "2a02:4780:13:1234::105"
    },
    "products": [
        {
            "id": "PROD_6a20b88fe00ba",
            "name": "Produto 67.89",
            "planId": null,
            "planName": null,
            "quantity": 1,
            "priceInCents": 6789
        }
    ],
    "trackingParameters": {
        "src": null,
        "sck": null,
        "utm_source": null,
        "utm_campaign": null,
        "utm_medium": null,
        "utm_content": null,
        "utm_term": null,
        "xcod": null,
        "fbclid": null,
        "gclid": null,
        "ttclid": null
    },
    "commission": {
        "totalPriceInCents": 6789,
        "gatewayFeeInCents": 0,
        "userCommissionInCents": 6789
    },
    "isTest": false
}
----------------------------------------
[2026-06-03 23:28:15] 📡 Enviando requisição para Utmify
Dados: {
    "url": "https:\/\/api.utmify.com.br\/api-credentials\/orders",
    "headers": [
        "Content-Type: application\/json",
        "x-api-token: [REDACTED]"
    ]
}
----------------------------------------
[2026-06-03 23:28:15] ✅ Resposta da API Utmify
Dados: {
    "http_code": 200,
    "response": {
        "OK": true,
        "data": [],
        "result": "SUCCESS"
    }
}
----------------------------------------
[2026-06-03 23:28:39] 📥 Dados recebidos do PayHubr
Dados: {
    "raw": "{\"orderId\":\"vpadrenyj6\",\"platform\":\"PayHubr\",\"paymentMethod\":\"pix\",\"status\":\"paid\",\"createdAt\":\"2026-06-03T20:26:27-03:00\",\"approvedDate\":\"2026-06-03 23:28:39\",\"paidAt\":\"2026-06-03 23:28:39\",\"refundedAt\":null,\"customer\":{\"name\":\"Victor Araujo Vieira\",\"email\":\"victoraraujovieira4067@gmail.com\",\"phone\":null,\"document\":{\"number\":\"85363669234\",\"type\":\"CPF\"},\"country\":\"BR\",\"ip\":\"34.73.54.178\"},\"items\":[{\"id\":\"PROD_6a20b8a71cb67\",\"title\":\"Produto 67.89\",\"quantity\":1,\"unitPrice\":6789}],\"amount\":6789,\"fee\":{\"fixedAmount\":0,\"netAmount\":6789},\"trackingParameters\":[],\"isTest\":false}"
}
----------------------------------------
[2026-06-03 23:28:39] 🔄 Processando dados recebidos
Dados: {
    "orderId": "vpadrenyj6",
    "platform": "PayHubr",
    "paymentMethod": "pix",
    "status": "paid",
    "createdAt": "2026-06-03T20:26:27-03:00",
    "approvedDate": "2026-06-03 23:28:39",
    "paidAt": "2026-06-03 23:28:39",
    "refundedAt": null,
    "customer": {
        "name": "Victor Araujo Vieira",
        "email": "victoraraujovieira4067@gmail.com",
        "phone": null,
        "document": {
            "number": "85363669234",
            "type": "CPF"
        },
        "country": "BR",
        "ip": "34.73.54.178"
    },
    "items": [
        {
            "id": "PROD_6a20b8a71cb67",
            "title": "Produto 67.89",
            "quantity": 1,
            "unitPrice": 6789
        }
    ],
    "amount": 6789,
    "fee": {
        "fixedAmount": 0,
        "netAmount": 6789
    },
    "trackingParameters": [],
    "isTest": false
}
----------------------------------------
[2026-06-03 23:28:39] 📤 Dados formatados para Utmify
Dados: {
    "orderId": "vpadrenyj6",
    "platform": "PayHubr",
    "paymentMethod": "pix",
    "status": "paid",
    "createdAt": "2026-06-03 23:26:27",
    "approvedDate": "2026-06-03 23:28:39",
    "refundedAt": null,
    "customer": {
        "name": "Victor Araujo Vieira",
        "email": "victoraraujovieira4067@gmail.com",
        "phone": null,
        "document": "85363669234",
        "country": "BR",
        "ip": "2a02:4780:13:1234::105"
    },
    "products": [
        {
            "id": "PROD_6a20b8a71cb67",
            "name": "Produto 67.89",
            "planId": null,
            "planName": null,
            "quantity": 1,
            "priceInCents": 6789
        }
    ],
    "trackingParameters": {
        "src": null,
        "sck": null,
        "utm_source": null,
        "utm_campaign": null,
        "utm_medium": null,
        "utm_content": null,
        "utm_term": null,
        "xcod": null,
        "fbclid": null,
        "gclid": null,
        "ttclid": null
    },
    "commission": {
        "totalPriceInCents": 6789,
        "gatewayFeeInCents": 0,
        "userCommissionInCents": 6789
    },
    "isTest": false
}
----------------------------------------
[2026-06-03 23:28:39] 📡 Enviando requisição para Utmify
Dados: {
    "url": "https:\/\/api.utmify.com.br\/api-credentials\/orders",
    "headers": [
        "Content-Type: application\/json",
        "x-api-token: [REDACTED]"
    ]
}
----------------------------------------
[2026-06-03 23:28:39] ✅ Resposta da API Utmify
Dados: {
    "http_code": 200,
    "response": {
        "OK": true,
        "data": [],
        "result": "SUCCESS"
    }
}
----------------------------------------
[2026-06-03 23:28:54] 📥 Dados recebidos do PayHubr
Dados: {
    "raw": "{\"orderId\":\"vpavpnwm02\",\"platform\":\"PayHubr\",\"paymentMethod\":\"pix\",\"status\":\"paid\",\"createdAt\":\"2026-06-03T20:28:00-03:00\",\"approvedDate\":\"2026-06-03 23:28:54\",\"paidAt\":\"2026-06-03 23:28:54\",\"refundedAt\":null,\"customer\":{\"name\":\"Alexandre Lima Tavares\",\"email\":\"alexandrelimatavares8475@live.com\",\"phone\":null,\"document\":{\"number\":\"42699387738\",\"type\":\"CPF\"},\"country\":\"BR\",\"ip\":\"34.73.54.178\"},\"items\":[{\"id\":\"PROD_6a20b8b62f128\",\"title\":\"Upsell 1\",\"quantity\":1,\"unitPrice\":3990}],\"amount\":3990,\"fee\":{\"fixedAmount\":0,\"netAmount\":3990},\"trackingParameters\":[],\"isTest\":false}"
}
----------------------------------------
[2026-06-03 23:28:54] 🔄 Processando dados recebidos
Dados: {
    "orderId": "vpavpnwm02",
    "platform": "PayHubr",
    "paymentMethod": "pix",
    "status": "paid",
    "createdAt": "2026-06-03T20:28:00-03:00",
    "approvedDate": "2026-06-03 23:28:54",
    "paidAt": "2026-06-03 23:28:54",
    "refundedAt": null,
    "customer": {
        "name": "Alexandre Lima Tavares",
        "email": "alexandrelimatavares8475@live.com",
        "phone": null,
        "document": {
            "number": "42699387738",
            "type": "CPF"
        },
        "country": "BR",
        "ip": "34.73.54.178"
    },
    "items": [
        {
            "id": "PROD_6a20b8b62f128",
            "title": "Upsell 1",
            "quantity": 1,
            "unitPrice": 3990
        }
    ],
    "amount": 3990,
    "fee": {
        "fixedAmount": 0,
        "netAmount": 3990
    },
    "trackingParameters": [],
    "isTest": false
}
----------------------------------------
[2026-06-03 23:28:54] 📤 Dados formatados para Utmify
Dados: {
    "orderId": "vpavpnwm02",
    "platform": "PayHubr",
    "paymentMethod": "pix",
    "status": "paid",
    "createdAt": "2026-06-03 23:28:00",
    "approvedDate": "2026-06-03 23:28:54",
    "refundedAt": null,
    "customer": {
        "name": "Alexandre Lima Tavares",
        "email": "alexandrelimatavares8475@live.com",
        "phone": null,
        "document": "42699387738",
        "country": "BR",
        "ip": "2a02:4780:13:1234::105"
    },
    "products": [
        {
            "id": "PROD_6a20b8b62f128",
            "name": "Upsell 1",
            "planId": null,
            "planName": null,
            "quantity": 1,
            "priceInCents": 3990
        }
    ],
    "trackingParameters": {
        "src": null,
        "sck": null,
        "utm_source": null,
        "utm_campaign": null,
        "utm_medium": null,
        "utm_content": null,
        "utm_term": null,
        "xcod": null,
        "fbclid": null,
        "gclid": null,
        "ttclid": null
    },
    "commission": {
        "totalPriceInCents": 3990,
        "gatewayFeeInCents": 0,
        "userCommissionInCents": 3990
    },
    "isTest": false
}
----------------------------------------
[2026-06-03 23:28:54] 📡 Enviando requisição para Utmify
Dados: {
    "url": "https:\/\/api.utmify.com.br\/api-credentials\/orders",
    "headers": [
        "Content-Type: application\/json",
        "x-api-token: [REDACTED]"
    ]
}
----------------------------------------
[2026-06-03 23:28:54] ✅ Resposta da API Utmify
Dados: {
    "http_code": 200,
    "response": {
        "OK": true,
        "data": [],
        "result": "SUCCESS"
    }
}
----------------------------------------
[2026-06-03 23:28:57] 📥 Dados recebidos do PayHubr
Dados: {
    "raw": "{\"orderId\":\"vpa4nv6jz2\",\"platform\":\"PayHubr\",\"paymentMethod\":\"pix\",\"status\":\"paid\",\"createdAt\":\"2026-06-03T20:28:08-03:00\",\"approvedDate\":\"2026-06-03 23:28:57\",\"paidAt\":\"2026-06-03 23:28:57\",\"refundedAt\":null,\"customer\":{\"name\":\"Juliana Correia Martins\",\"email\":\"julianacorreiamartins5094@r7.com\",\"phone\":null,\"document\":{\"number\":\"35080622369\",\"type\":\"CPF\"},\"country\":\"BR\",\"ip\":\"34.73.54.178\"},\"items\":[{\"id\":\"PROD_6a20b8b98d43e\",\"title\":\"Produto 67.89\",\"quantity\":1,\"unitPrice\":6789}],\"amount\":6789,\"fee\":{\"fixedAmount\":0,\"netAmount\":6789},\"trackingParameters\":[],\"isTest\":false}"
}
----------------------------------------
[2026-06-03 23:28:57] 🔄 Processando dados recebidos
Dados: {
    "orderId": "vpa4nv6jz2",
    "platform": "PayHubr",
    "paymentMethod": "pix",
    "status": "paid",
    "createdAt": "2026-06-03T20:28:08-03:00",
    "approvedDate": "2026-06-03 23:28:57",
    "paidAt": "2026-06-03 23:28:57",
    "refundedAt": null,
    "customer": {
        "name": "Juliana Correia Martins",
        "email": "julianacorreiamartins5094@r7.com",
        "phone": null,
        "document": {
            "number": "35080622369",
            "type": "CPF"
        },
        "country": "BR",
        "ip": "34.73.54.178"
    },
    "items": [
        {
            "id": "PROD_6a20b8b98d43e",
            "title": "Produto 67.89",
            "quantity": 1,
            "unitPrice": 6789
        }
    ],
    "amount": 6789,
    "fee": {
        "fixedAmount": 0,
        "netAmount": 6789
    },
    "trackingParameters": [],
    "isTest": false
}
----------------------------------------
[2026-06-03 23:28:57] 📤 Dados formatados para Utmify
Dados: {
    "orderId": "vpa4nv6jz2",
    "platform": "PayHubr",
    "paymentMethod": "pix",
    "status": "paid",
    "createdAt": "2026-06-03 23:28:08",
    "approvedDate": "2026-06-03 23:28:57",
    "refundedAt": null,
    "customer": {
        "name": "Juliana Correia Martins",
        "email": "julianacorreiamartins5094@r7.com",
        "phone": null,
        "document": "35080622369",
        "country": "BR",
        "ip": "2a02:4780:13:1234::105"
    },
    "products": [
        {
            "id": "PROD_6a20b8b98d43e",
            "name": "Produto 67.89",
            "planId": null,
            "planName": null,
            "quantity": 1,
            "priceInCents": 6789
        }
    ],
    "trackingParameters": {
        "src": null,
        "sck": null,
        "utm_source": null,
        "utm_campaign": null,
        "utm_medium": null,
        "utm_content": null,
        "utm_term": null,
        "xcod": null,
        "fbclid": null,
        "gclid": null,
        "ttclid": null
    },
    "commission": {
        "totalPriceInCents": 6789,
        "gatewayFeeInCents": 0,
        "userCommissionInCents": 6789
    },
    "isTest": false
}
----------------------------------------
[2026-06-03 23:28:57] 📡 Enviando requisição para Utmify
Dados: {
    "url": "https:\/\/api.utmify.com.br\/api-credentials\/orders",
    "headers": [
        "Content-Type: application\/json",
        "x-api-token: [REDACTED]"
    ]
}
----------------------------------------
[2026-06-03 23:28:57] ✅ Resposta da API Utmify
Dados: {
    "http_code": 200,
    "response": {
        "OK": true,
        "data": [],
        "result": "SUCCESS"
    }
}
----------------------------------------
[2026-06-03 23:29:25] 📥 Dados recebidos do PayHubr
Dados: {
    "raw": "{\"orderId\":\"vpakepl146\",\"platform\":\"PayHubr\",\"paymentMethod\":\"pix\",\"status\":\"paid\",\"createdAt\":\"2026-06-03T20:28:18-03:00\",\"approvedDate\":\"2026-06-03 23:29:25\",\"paidAt\":\"2026-06-03 23:29:25\",\"refundedAt\":null,\"customer\":{\"name\":\"Isabella Barbosa Coelho\",\"email\":\"isabellabarbosacoelho5990@terra.com.br\",\"phone\":null,\"document\":{\"number\":\"27001919780\",\"type\":\"CPF\"},\"country\":\"BR\",\"ip\":\"34.73.54.178\"},\"items\":[{\"id\":\"PROD_6a20b8d5e5cbc\",\"title\":\"Produto 67.89\",\"quantity\":1,\"unitPrice\":6789}],\"amount\":6789,\"fee\":{\"fixedAmount\":0,\"netAmount\":6789},\"trackingParameters\":[],\"isTest\":false}"
}
----------------------------------------
[2026-06-03 23:29:25] 🔄 Processando dados recebidos
Dados: {
    "orderId": "vpakepl146",
    "platform": "PayHubr",
    "paymentMethod": "pix",
    "status": "paid",
    "createdAt": "2026-06-03T20:28:18-03:00",
    "approvedDate": "2026-06-03 23:29:25",
    "paidAt": "2026-06-03 23:29:25",
    "refundedAt": null,
    "customer": {
        "name": "Isabella Barbosa Coelho",
        "email": "isabellabarbosacoelho5990@terra.com.br",
        "phone": null,
        "document": {
            "number": "27001919780",
            "type": "CPF"
        },
        "country": "BR",
        "ip": "34.73.54.178"
    },
    "items": [
        {
            "id": "PROD_6a20b8d5e5cbc",
            "title": "Produto 67.89",
            "quantity": 1,
            "unitPrice": 6789
        }
    ],
    "amount": 6789,
    "fee": {
        "fixedAmount": 0,
        "netAmount": 6789
    },
    "trackingParameters": [],
    "isTest": false
}
----------------------------------------
[2026-06-03 23:29:25] 📤 Dados formatados para Utmify
Dados: {
    "orderId": "vpakepl146",
    "platform": "PayHubr",
    "paymentMethod": "pix",
    "status": "paid",
    "createdAt": "2026-06-03 23:28:18",
    "approvedDate": "2026-06-03 23:29:25",
    "refundedAt": null,
    "customer": {
        "name": "Isabella Barbosa Coelho",
        "email": "isabellabarbosacoelho5990@terra.com.br",
        "phone": null,
        "document": "27001919780",
        "country": "BR",
        "ip": "2a02:4780:13:1234::105"
    },
    "products": [
        {
            "id": "PROD_6a20b8d5e5cbc",
            "name": "Produto 67.89",
            "planId": null,
            "planName": null,
            "quantity": 1,
            "priceInCents": 6789
        }
    ],
    "trackingParameters": {
        "src": null,
        "sck": null,
        "utm_source": null,
        "utm_campaign": null,
        "utm_medium": null,
        "utm_content": null,
        "utm_term": null,
        "xcod": null,
        "fbclid": null,
        "gclid": null,
        "ttclid": null
    },
    "commission": {
        "totalPriceInCents": 6789,
        "gatewayFeeInCents": 0,
        "userCommissionInCents": 6789
    },
    "isTest": false
}
----------------------------------------
[2026-06-03 23:29:25] 📡 Enviando requisição para Utmify
Dados: {
    "url": "https:\/\/api.utmify.com.br\/api-credentials\/orders",
    "headers": [
        "Content-Type: application\/json",
        "x-api-token: [REDACTED]"
    ]
}
----------------------------------------
[2026-06-03 23:29:26] ✅ Resposta da API Utmify
Dados: {
    "http_code": 200,
    "response": {
        "OK": true,
        "data": [],
        "result": "SUCCESS"
    }
}
----------------------------------------
[2026-06-03 23:29:48] 📥 Dados recebidos do PayHubr
Dados: {
    "raw": "{\"orderId\":\"vpa5n462zp\",\"platform\":\"PayHubr\",\"paymentMethod\":\"pix\",\"status\":\"paid\",\"createdAt\":\"2026-06-03T20:28:08-03:00\",\"approvedDate\":\"2026-06-03 23:29:48\",\"paidAt\":\"2026-06-03 23:29:48\",\"refundedAt\":null,\"customer\":{\"name\":\"Laura Mendes Cavalcante\",\"email\":\"lauramendescavalcante2170@r7.com\",\"phone\":null,\"document\":{\"number\":\"72418819400\",\"type\":\"CPF\"},\"country\":\"BR\",\"ip\":\"34.73.54.178\"},\"items\":[{\"id\":\"PROD_6a20b8ec4402e\",\"title\":\"Upsell 1\",\"quantity\":1,\"unitPrice\":3990}],\"amount\":3990,\"fee\":{\"fixedAmount\":0,\"netAmount\":3990},\"trackingParameters\":[],\"isTest\":false}"
}
----------------------------------------
[2026-06-03 23:29:48] 🔄 Processando dados recebidos
Dados: {
    "orderId": "vpa5n462zp",
    "platform": "PayHubr",
    "paymentMethod": "pix",
    "status": "paid",
    "createdAt": "2026-06-03T20:28:08-03:00",
    "approvedDate": "2026-06-03 23:29:48",
    "paidAt": "2026-06-03 23:29:48",
    "refundedAt": null,
    "customer": {
        "name": "Laura Mendes Cavalcante",
        "email": "lauramendescavalcante2170@r7.com",
        "phone": null,
        "document": {
            "number": "72418819400",
            "type": "CPF"
        },
        "country": "BR",
        "ip": "34.73.54.178"
    },
    "items": [
        {
            "id": "PROD_6a20b8ec4402e",
            "title": "Upsell 1",
            "quantity": 1,
            "unitPrice": 3990
        }
    ],
    "amount": 3990,
    "fee": {
        "fixedAmount": 0,
        "netAmount": 3990
    },
    "trackingParameters": [],
    "isTest": false
}
----------------------------------------
[2026-06-03 23:29:48] 📤 Dados formatados para Utmify
Dados: {
    "orderId": "vpa5n462zp",
    "platform": "PayHubr",
    "paymentMethod": "pix",
    "status": "paid",
    "createdAt": "2026-06-03 23:28:08",
    "approvedDate": "2026-06-03 23:29:48",
    "refundedAt": null,
    "customer": {
        "name": "Laura Mendes Cavalcante",
        "email": "lauramendescavalcante2170@r7.com",
        "phone": null,
        "document": "72418819400",
        "country": "BR",
        "ip": "2a02:4780:13:1234::105"
    },
    "products": [
        {
            "id": "PROD_6a20b8ec4402e",
            "name": "Upsell 1",
            "planId": null,
            "planName": null,
            "quantity": 1,
            "priceInCents": 3990
        }
    ],
    "trackingParameters": {
        "src": null,
        "sck": null,
        "utm_source": null,
        "utm_campaign": null,
        "utm_medium": null,
        "utm_content": null,
        "utm_term": null,
        "xcod": null,
        "fbclid": null,
        "gclid": null,
        "ttclid": null
    },
    "commission": {
        "totalPriceInCents": 3990,
        "gatewayFeeInCents": 0,
        "userCommissionInCents": 3990
    },
    "isTest": false
}
----------------------------------------
[2026-06-03 23:29:48] 📡 Enviando requisição para Utmify
Dados: {
    "url": "https:\/\/api.utmify.com.br\/api-credentials\/orders",
    "headers": [
        "Content-Type: application\/json",
        "x-api-token: [REDACTED]"
    ]
}
----------------------------------------
[2026-06-03 23:29:48] ✅ Resposta da API Utmify
Dados: {
    "http_code": 200,
    "response": {
        "OK": true,
        "data": [],
        "result": "SUCCESS"
    }
}
----------------------------------------
[2026-06-03 23:30:29] 📥 Dados recebidos do PayHubr
Dados: {
    "raw": "{\"orderId\":\"vpa0nj874y\",\"platform\":\"PayHubr\",\"paymentMethod\":\"pix\",\"status\":\"paid\",\"createdAt\":\"2026-06-03T20:29:59-03:00\",\"approvedDate\":\"2026-06-03 23:30:29\",\"paidAt\":\"2026-06-03 23:30:29\",\"refundedAt\":null,\"customer\":{\"name\":\"Antonio Ribeiro Almeida\",\"email\":\"antonioribeiroalmeida1105@live.com\",\"phone\":null,\"document\":{\"number\":\"11654889814\",\"type\":\"CPF\"},\"country\":\"BR\",\"ip\":\"34.73.54.178\"},\"items\":[{\"id\":\"PROD_6a20b9153f9a2\",\"title\":\"Upsell 1\",\"quantity\":1,\"unitPrice\":3990}],\"amount\":3990,\"fee\":{\"fixedAmount\":0,\"netAmount\":3990},\"trackingParameters\":[],\"isTest\":false}"
}
----------------------------------------
[2026-06-03 23:30:29] 🔄 Processando dados recebidos
Dados: {
    "orderId": "vpa0nj874y",
    "platform": "PayHubr",
    "paymentMethod": "pix",
    "status": "paid",
    "createdAt": "2026-06-03T20:29:59-03:00",
    "approvedDate": "2026-06-03 23:30:29",
    "paidAt": "2026-06-03 23:30:29",
    "refundedAt": null,
    "customer": {
        "name": "Antonio Ribeiro Almeida",
        "email": "antonioribeiroalmeida1105@live.com",
        "phone": null,
        "document": {
            "number": "11654889814",
            "type": "CPF"
        },
        "country": "BR",
        "ip": "34.73.54.178"
    },
    "items": [
        {
            "id": "PROD_6a20b9153f9a2",
            "title": "Upsell 1",
            "quantity": 1,
            "unitPrice": 3990
        }
    ],
    "amount": 3990,
    "fee": {
        "fixedAmount": 0,
        "netAmount": 3990
    },
    "trackingParameters": [],
    "isTest": false
}
----------------------------------------
[2026-06-03 23:30:29] 📤 Dados formatados para Utmify
Dados: {
    "orderId": "vpa0nj874y",
    "platform": "PayHubr",
    "paymentMethod": "pix",
    "status": "paid",
    "createdAt": "2026-06-03 23:29:59",
    "approvedDate": "2026-06-03 23:30:29",
    "refundedAt": null,
    "customer": {
        "name": "Antonio Ribeiro Almeida",
        "email": "antonioribeiroalmeida1105@live.com",
        "phone": null,
        "document": "11654889814",
        "country": "BR",
        "ip": "2a02:4780:13:1234::105"
    },
    "products": [
        {
            "id": "PROD_6a20b9153f9a2",
            "name": "Upsell 1",
            "planId": null,
            "planName": null,
            "quantity": 1,
            "priceInCents": 3990
        }
    ],
    "trackingParameters": {
        "src": null,
        "sck": null,
        "utm_source": null,
        "utm_campaign": null,
        "utm_medium": null,
        "utm_content": null,
        "utm_term": null,
        "xcod": null,
        "fbclid": null,
        "gclid": null,
        "ttclid": null
    },
    "commission": {
        "totalPriceInCents": 3990,
        "gatewayFeeInCents": 0,
        "userCommissionInCents": 3990
    },
    "isTest": false
}
----------------------------------------
[2026-06-03 23:30:29] 📡 Enviando requisição para Utmify
Dados: {
    "url": "https:\/\/api.utmify.com.br\/api-credentials\/orders",
    "headers": [
        "Content-Type: application\/json",
        "x-api-token: [REDACTED]"
    ]
}
----------------------------------------
[2026-06-03 23:30:29] ✅ Resposta da API Utmify
Dados: {
    "http_code": 200,
    "response": {
        "OK": true,
        "data": [],
        "result": "SUCCESS"
    }
}
----------------------------------------
